{
  "per_page": {
    "home": {
      "dists": 0.8264104127883911,
      "lpips": 0.5936505198478699,
      "ms_ssim": 0.30273792147636414,
      "websight": 0.555258643080071,
      "ciede2000": 0.500913264228394,
      "mae": 0.7405617184095861,
      "nemd": 0.9686534762912327,
      "psnr": 0.18440835072579376,
      "ssim": 0.3265336751937866
    },
    "profile": {
      "dists": 0.8313254714012146,
      "lpips": 0.5473569929599762,
      "ms_ssim": 0.22873401641845703,
      "websight": 0.4824412953635873,
      "ciede2000": 0.5920821317896847,
      "mae": 0.7786434055010893,
      "nemd": 0.9610154927571615,
      "psnr": 0.20537499609848744,
      "ssim": 0.231550931930542
    },
    "search": {
      "dists": 0.869171142578125,
      "lpips": 0.6506545841693878,
      "ms_ssim": 0.41340717673301697,
      "websight": 0.550765685006684,
      "ciede2000": 0.6934050701156467,
      "mae": 0.8310652246732027,
      "nemd": 0.9660958312988281,
      "psnr": 0.232898185928237,
      "ssim": 0.3603178560733795
    },
    "settings": {
      "dists": 0.842252254486084,
      "lpips": 0.6431707143783569,
      "ms_ssim": 0.38400235772132874,
      "websight": 0.5647693905565473,
      "ciede2000": 0.6872369520663857,
      "mae": 0.8283333333333334,
      "nemd": 0.9619383484458668,
      "psnr": 0.23125604440176886,
      "ssim": 0.3595840632915497
    },
    "trending": {
      "dists": 0.8719032406806946,
      "lpips": 0.609608381986618,
      "ms_ssim": 0.38276007771492004,
      "websight": 0.5711490121501231,
      "ciede2000": 0.6961024182842555,
      "mae": 0.8356182515011424,
      "nemd": 0.9743167324324611,
      "psnr": 0.23855600122607054,
      "ssim": 0.3675163686275482
    }
  },
  "aggregate": {
    "dists": 0.8482125043869019,
    "lpips": 0.6088882386684418,
    "ms_ssim": 0.3423283100128174,
    "websight": 0.5448768052314026,
    "ciede2000": 0.6339479672968733,
    "mae": 0.8028443866836709,
    "nemd": 0.96640397624511,
    "psnr": 0.21849871567607151,
    "ssim": 0.3291005790233612
  },
  "missing": []
}