{
  "per_page": {
    "api": {
      "dists": 0.780444860458374,
      "lpips": 0.49469345808029175,
      "ms_ssim": 0.3942826986312866,
      "websight": 0.5324967619692705,
      "ciede2000": 0.5846780865283694,
      "mae": 0.7777553184530039,
      "nemd": 0.9529340341733161,
      "psnr": 0.22093291023594044,
      "ssim": 0.3896421492099762
    },
    "home": {
      "dists": 0.7368006706237793,
      "lpips": 0.42249011993408203,
      "ms_ssim": 0.341702938079834,
      "websight": 0.5320755473688139,
      "ciede2000": 0.7134651142485766,
      "mae": 0.8410268523880876,
      "nemd": 0.9590359673050721,
      "psnr": 0.2636843120387399,
      "ssim": 0.29691073298454285
    },
    "integrations": {
      "dists": 0.764487087726593,
      "lpips": 0.4502648115158081,
      "ms_ssim": 0.3832588493824005,
      "websight": 0.574573713320273,
      "ciede2000": 0.7387133613307874,
      "mae": 0.8580500507099391,
      "nemd": 0.9558289996033884,
      "psnr": 0.2752310255652179,
      "ssim": 0.32974717020988464
    },
    "login": {
      "dists": 0.6920271515846252,
      "lpips": 0.3093309998512268,
      "ms_ssim": 0.30932629108428955,
      "websight": 0.4341393248987333,
      "ciede2000": 0.6423978259501852,
      "mae": 0.7971901398122149,
      "nemd": 0.9248470712820235,
      "psnr": 0.24636571095069665,
      "ssim": 0.36395570635795593
    },
    "profile": {
      "dists": 0.766210675239563,
      "lpips": 0.40435129404067993,
      "ms_ssim": 0.35129308700561523,
      "websight": 0.5009809126011767,
      "ciede2000": 0.6740858094160957,
      "mae": 0.8168224753463755,
      "nemd": 0.962910527798481,
      "psnr": 0.2527643453329867,
      "ssim": 0.3085574507713318
    }
  },
  "aggregate": {
    "dists": 0.7479940891265869,
    "lpips": 0.4162261366844177,
    "ms_ssim": 0.35597277283668516,
    "websight": 0.5148532520316536,
    "ciede2000": 0.6706680394948028,
    "mae": 0.8181689673419242,
    "nemd": 0.9511113200324562,
    "psnr": 0.2517956608247163,
    "ssim": 0.33776264190673827
  },
  "missing": []
}