{
  "per_page": {
    "groups": {
      "dists": 0.8819356560707092,
      "lpips": 0.662661612033844,
      "ms_ssim": 0.5832868218421936,
      "websight": 0.6883941172250633,
      "ciede2000": 0.8337495756469606,
      "mae": 0.9138109777048362,
      "nemd": 0.981477047674223,
      "psnr": 0.3386207810395331,
      "ssim": 0.5639509558677673
    },
    "home": {
      "dists": 0.8529918789863586,
      "lpips": 0.6461277306079865,
      "ms_ssim": 0.6421371102333069,
      "websight": 0.7169279817378883,
      "ciede2000": 0.827211796399355,
      "mae": 0.9178979326731086,
      "nemd": 0.9801913936177337,
      "psnr": 0.3416013962292376,
      "ssim": 0.611023485660553
    },
    "messages": {
      "dists": 0.8429945111274719,
      "lpips": 0.6376347243785858,
      "ms_ssim": 0.5926196575164795,
      "websight": 0.6072795953126562,
      "ciede2000": 0.8438759304998846,
      "mae": 0.921614158496732,
      "nemd": 0.9840918267144096,
      "psnr": 0.35038078954551133,
      "ssim": 0.603519082069397
    },
    "notifications": {
      "dists": 0.8417136073112488,
      "lpips": 0.6332262754440308,
      "ms_ssim": 0.5873048901557922,
      "websight": 0.688950138214307,
      "ciede2000": 0.8587320513823875,
      "mae": 0.9323919519066578,
      "nemd": 0.9847855758402633,
      "psnr": 0.3678109527312656,
      "ssim": 0.5939196348190308
    },
    "profile": {
      "dists": 0.8267999291419983,
      "lpips": 0.521581381559372,
      "ms_ssim": 0.42776262760162354,
      "websight": 0.5950447348580844,
      "ciede2000": 0.7860988376406315,
      "mae": 0.8866910970002868,
      "nemd": 0.980685331727482,
      "psnr": 0.3166078051444703,
      "ssim": 0.488273948431015
    },
    "trending": {
      "dists": 0.8462060689926147,
      "lpips": 0.6047875285148621,
      "ms_ssim": 0.533149778842926,
      "websight": 0.6039729772415837,
      "ciede2000": 0.8188910723471255,
      "mae": 0.9061693059755688,
      "nemd": 0.9779292596803311,
      "psnr": 0.33583436629258306,
      "ssim": 0.5788192749023438
    }
  },
  "aggregate": {
    "dists": 0.8487736086050669,
    "lpips": 0.6176698754231135,
    "ms_ssim": 0.5610434810320536,
    "websight": 0.6500949240982637,
    "ciede2000": 0.8280932106527241,
    "mae": 0.9130959039595318,
    "nemd": 0.9815267392090737,
    "psnr": 0.34180934849710015,
    "ssim": 0.5732510636250178
  },
  "missing": []
}