{
  "per_page": {
    "about": {
      "dists": 0.8513466119766235,
      "lpips": 0.5646640658378601,
      "ms_ssim": 0.31555625796318054,
      "websight": 0.5849255645498983,
      "ciede2000": 0.658572372955593,
      "mae": 0.811225244521677,
      "nemd": 0.9652853779285393,
      "ocr_text": 0.8693181818181818,
      "psnr": 0.23800517237736232,
      "ssim": 0.2876267731189728
    },
    "category": {
      "dists": 0.8555718660354614,
      "lpips": 0.5506832301616669,
      "ms_ssim": 0.3409437835216522,
      "websight": 0.5701079381836786,
      "ciede2000": 0.47353277492966006,
      "mae": 0.7299731569989107,
      "nemd": 0.9701967464870876,
      "ocr_text": 0.8016877637130801,
      "psnr": 0.19826140655678565,
      "ssim": 0.2863478660583496
    },
    "contact": {
      "dists": 0.8177684545516968,
      "lpips": 0.6322371661663055,
      "ms_ssim": 0.40444207191467285,
      "websight": 0.6083903104434779,
      "ciede2000": 0.5997635939626658,
      "mae": 0.7871797970409689,
      "nemd": 0.934160194360663,
      "ocr_text": 0.8059701492537313,
      "psnr": 0.21361690502150835,
      "ssim": 0.32637283205986023
    },
    "home": {
      "dists": 0.8355211019515991,
      "lpips": 0.5714431405067444,
      "ms_ssim": 0.36835336685180664,
      "websight": 0.5801072052030852,
      "ciede2000": 0.5480107603002846,
      "mae": 0.7538720661958077,
      "nemd": 0.9138171197112496,
      "ocr_text": 0.7841409691629955,
      "psnr": 0.2086958382397714,
      "ssim": 0.28591665625572205
    },
    "latest": {
      "dists": 0.8405842781066895,
      "lpips": 0.6388300657272339,
      "ms_ssim": 0.37248098850250244,
      "websight": 0.6070966713502698,
      "ciede2000": 0.7188219417119557,
      "mae": 0.8443541314514311,
      "nemd": 0.9448676998679209,
      "ocr_text": 0.7951219512195121,
      "psnr": 0.25534916613540043,
      "ssim": 0.34961166977882385
    }
  },
  "aggregate": {
    "dists": 0.8401584625244141,
    "lpips": 0.5915715336799622,
    "ms_ssim": 0.3603552937507629,
    "websight": 0.590125537946082,
    "ciede2000": 0.5997402887720318,
    "mae": 0.7853208792417591,
    "nemd": 0.9456654276710921,
    "ocr_text": 0.8112478030335002,
    "psnr": 0.2227856976661656,
    "ssim": 0.3071751594543457
  },
  "missing": []
}