{
  "per_page": {
    "careers": {
      "dists": 0.828698992729187,
      "lpips": 0.5891023576259613,
      "ms_ssim": 0.3688473403453827,
      "websight": 0.6120027603587387,
      "ciede2000": 0.6637587202194631,
      "mae": 0.8614909252589925,
      "nemd": 0.9758111277931312,
      "psnr": 0.2769344924218033,
      "ssim": 0.34006059169769287
    },
    "faq": {
      "dists": 0.8157387971878052,
      "lpips": 0.5603544414043427,
      "ms_ssim": 0.3148307800292969,
      "websight": 0.5995369050409887,
      "ciede2000": 0.639240566209574,
      "mae": 0.8501975271536028,
      "nemd": 0.9792454066713555,
      "psnr": 0.2706159870688344,
      "ssim": 0.263874888420105
    },
    "home": {
      "dists": 0.8056576251983643,
      "lpips": 0.5842167437076569,
      "ms_ssim": 0.3676004409790039,
      "websight": 0.6182927998495691,
      "ciede2000": 0.6705806897834443,
      "mae": 0.8635695113207027,
      "nemd": 0.9704515583451453,
      "psnr": 0.2829408859016074,
      "ssim": 0.30814793705940247
    },
    "pricing": {
      "dists": 0.8376193046569824,
      "lpips": 0.6420056223869324,
      "ms_ssim": 0.42332717776298523,
      "websight": 0.6542486457920866,
      "ciede2000": 0.7174122154744658,
      "mae": 0.8825331337486851,
      "nemd": 0.9707839141663799,
      "psnr": 0.2901970214009147,
      "ssim": 0.3886394500732422
    },
    "testimonials": {
      "dists": 0.8174949884414673,
      "lpips": 0.5920575261116028,
      "ms_ssim": 0.33763566613197327,
      "websight": 0.6135254908691753,
      "ciede2000": 0.6602855020663201,
      "mae": 0.8628467315821255,
      "nemd": 0.9798259749850213,
      "psnr": 0.27662228647893616,
      "ssim": 0.2832043766975403
    }
  },
  "aggregate": {
    "dists": 0.8210419416427612,
    "lpips": 0.5935473382472992,
    "ms_ssim": 0.36244828104972837,
    "websight": 0.6195213203821116,
    "ciede2000": 0.6702555387506535,
    "mae": 0.8641275658128217,
    "nemd": 0.9752235963922067,
    "psnr": 0.27946213465441916,
    "ssim": 0.3167854487895966
  },
  "missing": []
}