{
  "per_page": {
    "groups": {
      "dists": 0.85017991065979,
      "lpips": 0.6286205053329468,
      "ms_ssim": 0.5505024790763855,
      "websight": 0.6741353894068189,
      "ciede2000": 0.8143580411691003,
      "mae": 0.9064057047978271,
      "nemd": 0.980330831459557,
      "psnr": 0.33534251834871026,
      "ssim": 0.5340439677238464
    },
    "home": {
      "dists": 0.8275618553161621,
      "lpips": 0.5840244889259338,
      "ms_ssim": 0.5713644623756409,
      "websight": 0.6821295669584563,
      "ciede2000": 0.8069037536914024,
      "mae": 0.908253619903572,
      "nemd": 0.979282013273018,
      "psnr": 0.33463006527457384,
      "ssim": 0.5455171465873718
    },
    "messages": {
      "dists": 0.8037110567092896,
      "lpips": 0.5502026975154877,
      "ms_ssim": 0.4490504264831543,
      "websight": 0.5490617469442842,
      "ciede2000": 0.7880422403421402,
      "mae": 0.894677649782135,
      "nemd": 0.9784906209309896,
      "psnr": 0.3253008645952166,
      "ssim": 0.5499855279922485
    },
    "notifications": {
      "dists": 0.8064301013946533,
      "lpips": 0.5817638635635376,
      "ms_ssim": 0.5856306552886963,
      "websight": 0.6750315419361416,
      "ciede2000": 0.8219518142079265,
      "mae": 0.9171182687212099,
      "nemd": 0.9835753980016675,
      "psnr": 0.3558161703014181,
      "ssim": 0.5860545039176941
    },
    "profile": {
      "dists": 0.8196357488632202,
      "lpips": 0.46464359760284424,
      "ms_ssim": 0.33519819378852844,
      "websight": 0.5425921326213413,
      "ciede2000": 0.748872117038202,
      "mae": 0.8739922157870661,
      "nemd": 0.9845031347308719,
      "psnr": 0.31486558787274743,
      "ssim": 0.4514385461807251
    },
    "trending": {
      "dists": 0.8256540298461914,
      "lpips": 0.6037381291389465,
      "ms_ssim": 0.5639498829841614,
      "websight": 0.6133945096469094,
      "ciede2000": 0.8090919027364227,
      "mae": 0.909423294746312,
      "nemd": 0.9833742056319963,
      "psnr": 0.3383121397660662,
      "ssim": 0.6131681799888611
    }
  },
  "aggregate": {
    "dists": 0.8221954504648844,
    "lpips": 0.5688322136799494,
    "ms_ssim": 0.5092826833327612,
    "websight": 0.622724147918992,
    "ciede2000": 0.7982033115308657,
    "mae": 0.9016451256230203,
    "nemd": 0.98159270067135,
    "psnr": 0.3340445576931221,
    "ssim": 0.5467013120651245
  },
  "missing": []
}