{
  "per_page": {
    "careers": {
      "dists": 0.7263249158859253,
      "lpips": 0.48901379108428955,
      "ms_ssim": 0.32868635654449463,
      "websight": 0.5097120270602219,
      "ciede2000": 0.4534626184240982,
      "mae": 0.7813370755709691,
      "nemd": 0.892529934261031,
      "psnr": 0.24157298514486297,
      "ssim": 0.2622670829296112
    },
    "faq": {
      "dists": 0.706430196762085,
      "lpips": 0.438343346118927,
      "ms_ssim": 0.26433584094047546,
      "websight": 0.5320796223161471,
      "ciede2000": 0.3754407036497368,
      "mae": 0.755135876150947,
      "nemd": 0.9263765250373834,
      "psnr": 0.22804563768299152,
      "ssim": 0.19573211669921875
    },
    "home": {
      "dists": 0.7133439779281616,
      "lpips": 0.47924911975860596,
      "ms_ssim": 0.35062119364738464,
      "websight": 0.47224185032043026,
      "ciede2000": 0.43139164679978703,
      "mae": 0.7732236679904029,
      "nemd": 0.9023499663147746,
      "psnr": 0.23711381579129615,
      "ssim": 0.266591876745224
    },
    "pricing": {
      "dists": 0.7551252245903015,
      "lpips": 0.46164411306381226,
      "ms_ssim": 0.3423190116882324,
      "websight": 0.5011122861997086,
      "ciede2000": 0.4487689491232798,
      "mae": 0.791772839106604,
      "nemd": 0.9452518260360547,
      "psnr": 0.2469948910529616,
      "ssim": 0.270153671503067
    },
    "testimonials": {
      "dists": 0.7256269454956055,
      "lpips": 0.46580982208251953,
      "ms_ssim": 0.27587172389030457,
      "websight": 0.49698583587642275,
      "ciede2000": 0.4311653200245046,
      "mae": 0.7820366544413659,
      "nemd": 0.9237460942659976,
      "psnr": 0.24014887690724013,
      "ssim": 0.21848593652248383
    }
  },
  "aggregate": {
    "dists": 0.7253702521324158,
    "lpips": 0.4668120384216309,
    "ms_ssim": 0.31236682534217836,
    "websight": 0.5024263243545861,
    "ciede2000": 0.42804584760428127,
    "mae": 0.7767012226520578,
    "nemd": 0.9180508691830482,
    "psnr": 0.2387752413158705,
    "ssim": 0.24264613687992095
  },
  "missing": []
}