{
  "per_page": {
    "blog": {
      "dists": 0.8364608287811279,
      "lpips": 0.5644122064113617,
      "ms_ssim": 0.35322305560112,
      "websight": 0.5972909374195233,
      "ciede2000": 0.5916595607976634,
      "mae": 0.8077082690386096,
      "nemd": 0.9731542797423245,
      "psnr": 0.23076058341432665,
      "ssim": 0.29456114768981934
    },
    "changelog": {
      "dists": 0.8617134690284729,
      "lpips": 0.5995423197746277,
      "ms_ssim": 0.35470032691955566,
      "websight": 0.5977202257046204,
      "ciede2000": 0.6553012338380981,
      "mae": 0.826201039168665,
      "nemd": 0.9678130728923806,
      "psnr": 0.23245184556540116,
      "ssim": 0.2679659426212311
    },
    "dashboard": {
      "dists": 0.8456724286079407,
      "lpips": 0.6322835087776184,
      "ms_ssim": 0.3640305697917938,
      "websight": 0.5386591758087671,
      "ciede2000": 0.6429584205350201,
      "mae": 0.8181892171862051,
      "nemd": 0.9666386159406972,
      "psnr": 0.22530352372293957,
      "ssim": 0.2848576009273529
    },
    "docs": {
      "dists": 0.8829775452613831,
      "lpips": 0.6603237986564636,
      "ms_ssim": 0.43686556816101074,
      "websight": 0.6344391822340004,
      "ciede2000": 0.7054916541344427,
      "mae": 0.8517244943635596,
      "nemd": 0.9654791953807931,
      "psnr": 0.2452702695843034,
      "ssim": 0.3538752794265747
    },
    "features": {
      "dists": 0.8605448603630066,
      "lpips": 0.6328313648700714,
      "ms_ssim": 0.3663078248500824,
      "websight": 0.6217610167269035,
      "ciede2000": 0.6153282675818872,
      "mae": 0.8105393188777994,
      "nemd": 0.9670286600210325,
      "psnr": 0.22052631917601956,
      "ssim": 0.32675063610076904
    },
    "home": {
      "dists": 0.8532909154891968,
      "lpips": 0.632137656211853,
      "ms_ssim": 0.423751562833786,
      "websight": 0.6302571964014451,
      "ciede2000": 0.6824192020643891,
      "mae": 0.8411770033394405,
      "nemd": 0.9735776769144968,
      "psnr": 0.23923060794732737,
      "ssim": 0.3551824390888214
    },
    "pricing": {
      "dists": 0.8588171601295471,
      "lpips": 0.6088814437389374,
      "ms_ssim": 0.3506864607334137,
      "websight": 0.557508306091569,
      "ciede2000": 0.6422904133526968,
      "mae": 0.82113610377169,
      "nemd": 0.9644446242399616,
      "psnr": 0.22805473392238135,
      "ssim": 0.2766105532646179
    }
  },
  "aggregate": {
    "dists": 0.8570681725229535,
    "lpips": 0.6186303283487048,
    "ms_ssim": 0.378509338412966,
    "websight": 0.5968051486266898,
    "ciede2000": 0.647921250329171,
    "mae": 0.8252393493922813,
    "nemd": 0.968305160733098,
    "psnr": 0.23165684047609988,
    "ssim": 0.3085433713027409
  },
  "missing": []
}