{
  "per_page": {
    "blog": {
      "dists": 0.8806517720222473,
      "lpips": 0.6456647515296936,
      "ms_ssim": 0.43132853507995605,
      "websight": 0.6617708504199982,
      "ciede2000": 0.6811175624363974,
      "mae": 0.8505361795010402,
      "nemd": 0.9794667250809315,
      "psnr": 0.25192078290280717,
      "ssim": 0.3799363672733307
    },
    "changelog": {
      "dists": 0.9042773842811584,
      "lpips": 0.6894996464252472,
      "ms_ssim": 0.44554445147514343,
      "websight": 0.6402595384219257,
      "ciede2000": 0.7496699505478406,
      "mae": 0.8716963579463226,
      "nemd": 0.9753897903812367,
      "psnr": 0.2575138894089961,
      "ssim": 0.3962996304035187
    },
    "dashboard": {
      "dists": 0.8772820830345154,
      "lpips": 0.626066267490387,
      "ms_ssim": 0.3231638967990875,
      "websight": 0.5376709879016419,
      "ciede2000": 0.6644807815688365,
      "mae": 0.8238639544171082,
      "nemd": 0.9680244050980709,
      "psnr": 0.2291859307531134,
      "ssim": 0.29951292276382446
    },
    "docs": {
      "dists": 0.9049408435821533,
      "lpips": 0.662275493144989,
      "ms_ssim": 0.41659536957740784,
      "websight": 0.6283847590287527,
      "ciede2000": 0.706573776831736,
      "mae": 0.8518807522431021,
      "nemd": 0.9819222238025573,
      "psnr": 0.24339974398789613,
      "ssim": 0.36580678820610046
    },
    "features": {
      "dists": 0.9032698273658752,
      "lpips": 0.7205826044082642,
      "ms_ssim": 0.5309188365936279,
      "websight": 0.7062186936137392,
      "ciede2000": 0.7436822463786148,
      "mae": 0.8750887265439123,
      "nemd": 0.9680963269132545,
      "psnr": 0.2582204792712839,
      "ssim": 0.48972415924072266
    },
    "home": {
      "dists": 0.8717080950737,
      "lpips": 0.6149028539657593,
      "ms_ssim": 0.42505040764808655,
      "websight": 0.6292839143369291,
      "ciede2000": 0.7217304287120279,
      "mae": 0.8627303643642863,
      "nemd": 0.9797171652161683,
      "psnr": 0.2538906663023338,
      "ssim": 0.3816886842250824
    },
    "pricing": {
      "dists": 0.8985366821289062,
      "lpips": 0.704245924949646,
      "ms_ssim": 0.4722677171230316,
      "websight": 0.6249905378255161,
      "ciede2000": 0.7539266550723892,
      "mae": 0.8765148143934126,
      "nemd": 0.9750367645104077,
      "psnr": 0.25899076042144803,
      "ssim": 0.4293247163295746
    }
  },
  "aggregate": {
    "dists": 0.8915238124983651,
    "lpips": 0.6661767917019981,
    "ms_ssim": 0.4349813163280487,
    "websight": 0.6326541830783575,
    "ciede2000": 0.7173116287925488,
    "mae": 0.8589015927727406,
    "nemd": 0.9753790572860895,
    "psnr": 0.25044603614969696,
    "ssim": 0.391756181206022
  },
  "missing": []
}