{
  "per_page": {
    "groups": {
      "dists": null,
      "lpips": 0.6711803376674652,
      "ms_ssim": 0.6203483939170837,
      "websight": 0.7154241313811819,
      "ciede2000": 0.8127709567248759,
      "mae": 0.9068133982129318,
      "nemd": 0.9768498383389929,
      "psnr": 0.3350602765513775,
      "ssim": 0.5961167216300964
    },
    "home": {
      "dists": 0.8259705305099487,
      "lpips": 0.5786795020103455,
      "ms_ssim": 0.5268855690956116,
      "websight": 0.6722906951004074,
      "ciede2000": 0.8047185288867394,
      "mae": 0.9033310236259322,
      "nemd": 0.980911964775866,
      "psnr": 0.32936864292966356,
      "ssim": 0.5162023305892944
    },
    "messages": {
      "dists": 0.8167939186096191,
      "lpips": 0.5556620359420776,
      "ms_ssim": 0.5168245434761047,
      "websight": 0.5981680049615749,
      "ciede2000": 0.7973928983587331,
      "mae": 0.9026202696078431,
      "nemd": 0.9827810153537326,
      "psnr": 0.3326955930780874,
      "ssim": 0.5570205450057983
    },
    "notifications": {
      "dists": 0.8259170055389404,
      "lpips": 0.6357357800006866,
      "ms_ssim": 0.6156851649284363,
      "websight": 0.7074938412161842,
      "ciede2000": 0.85113551306922,
      "mae": 0.9268906723465546,
      "nemd": 0.9848078056647392,
      "psnr": 0.362721172390267,
      "ssim": 0.610680341720581
    },
    "profile": {
      "dists": 0.7875117063522339,
      "lpips": 0.4532594680786133,
      "ms_ssim": 0.31362149119377136,
      "websight": 0.5434118899151131,
      "ciede2000": 0.7211173736637426,
      "mae": 0.851490871899043,
      "nemd": 0.970029114099364,
      "psnr": 0.2933950488253775,
      "ssim": 0.41302409768104553
    },
    "trending": {
      "dists": 0.8232006430625916,
      "lpips": 0.6114062666893005,
      "ms_ssim": 0.5701741576194763,
      "websight": 0.629474801676614,
      "ciede2000": 0.8195863762841873,
      "mae": 0.9126155442829426,
      "nemd": 0.9835073547194582,
      "psnr": 0.3445341906229488,
      "ssim": 0.6026091575622559
    }
  },
  "aggregate": {
    "dists": 0.8158787608146667,
    "lpips": 0.5843205650647482,
    "ms_ssim": 0.5272565533717474,
    "websight": 0.6443772273751792,
    "ciede2000": 0.8011202744979165,
    "mae": 0.9006269633292079,
    "nemd": 0.9798145154920256,
    "psnr": 0.33296248739962025,
    "ssim": 0.5492755323648453
  },
  "missing": []
}