{
  "per_page": {
    "archive": {
      "dists": 0.8971891403198242,
      "lpips": 0.7182611227035522,
      "ms_ssim": 0.6302633881568909,
      "websight": 0.7376407406854292,
      "ciede2000": 0.9031213370712496,
      "mae": 0.9483246166064191,
      "nemd": 0.9786997856836301,
      "ocr_text": 0.8220338983050848,
      "psnr": 0.37031350429279064,
      "ssim": 0.6532922387123108
    },
    "author": {
      "dists": 0.8741801977157593,
      "lpips": 0.7104288637638092,
      "ms_ssim": 0.5937249660491943,
      "websight": 0.7451456473013165,
      "ciede2000": 0.8473666093154378,
      "mae": 0.917144658849301,
      "nemd": 0.9703276692084388,
      "ocr_text": 0.9323583180987204,
      "psnr": 0.32512853758075705,
      "ssim": 0.5587611794471741
    },
    "contact": {
      "dists": 0.8197972178459167,
      "lpips": 0.6855064034461975,
      "ms_ssim": 0.5066301822662354,
      "websight": 0.6667120218276977,
      "ciede2000": 0.6134724131720259,
      "mae": 0.8053562051177825,
      "nemd": 0.8820420983513156,
      "ocr_text": 0.7814207650273225,
      "psnr": 0.21811328026263618,
      "ssim": 0.4925380051136017
    },
    "home": {
      "dists": 0.8368862867355347,
      "lpips": 0.5556223392486572,
      "ms_ssim": 0.37505781650543213,
      "websight": 0.5871477232325033,
      "ciede2000": 0.66730345988056,
      "mae": 0.8325815003621724,
      "nemd": 0.9711847254173043,
      "ocr_text": 0.8261682242990653,
      "psnr": 0.24598275108366743,
      "ssim": 0.42796799540519714
    },
    "latest": {
      "dists": 0.8575741052627563,
      "lpips": 0.671726644039154,
      "ms_ssim": 0.5163097977638245,
      "websight": 0.6970556062381371,
      "ciede2000": 0.8374151681128867,
      "mae": 0.9140720965785304,
      "nemd": 0.9785869821875987,
      "ocr_text": 0.881118881118881,
      "psnr": 0.3188619055276057,
      "ssim": 0.5410667061805725
    },
    "newsletter": {
      "dists": 0.8787877559661865,
      "lpips": 0.6940657496452332,
      "ms_ssim": 0.5403589606285095,
      "websight": 0.7236396269651969,
      "ciede2000": 0.8465068221379608,
      "mae": 0.9190831390950541,
      "nemd": 0.9811707368226859,
      "ocr_text": 0.918580375782881,
      "psnr": 0.31257482204793335,
      "ssim": 0.524918794631958
    }
  },
  "aggregate": {
    "dists": 0.8607357839743296,
    "lpips": 0.6726018538077673,
    "ms_ssim": 0.5270575185616811,
    "websight": 0.6928902277083803,
    "ciede2000": 0.7858643016150201,
    "mae": 0.8894270361015432,
    "nemd": 0.9603353329451623,
    "ocr_text": 0.8602800771053257,
    "psnr": 0.29849580013256505,
    "ssim": 0.5330908199151357
  },
  "missing": []
}