{
  "per_page": {
    "about": {
      "dists": 0.8443341255187988,
      "lpips": 0.6908129453659058,
      "ms_ssim": 0.6024456024169922,
      "websight": 0.7432485761273887,
      "ciede2000": 0.904754743524864,
      "mae": 0.9545199613178604,
      "nemd": 0.9957618792959892,
      "psnr": 0.3557493262433541,
      "ssim": 0.6173929572105408
    },
    "home": {
      "dists": 0.8273617625236511,
      "lpips": 0.6666589379310608,
      "ms_ssim": 0.5850458741188049,
      "websight": 0.6963284064411873,
      "ciede2000": 0.8776720598184361,
      "mae": 0.9477805421113593,
      "nemd": 0.9958815418356078,
      "psnr": 0.348410695599995,
      "ssim": 0.5966624021530151
    },
    "press": {
      "dists": 0.8424801826477051,
      "lpips": 0.67737677693367,
      "ms_ssim": 0.5887231826782227,
      "websight": 0.7406295364553278,
      "ciede2000": 0.8844193608315996,
      "mae": 0.9464032369299635,
      "nemd": 0.9933615391210122,
      "psnr": 0.34678210318981734,
      "ssim": 0.5876947045326233
    },
    "team": {
      "dists": 0.8498064279556274,
      "lpips": 0.7143719494342804,
      "ms_ssim": 0.6440215110778809,
      "websight": 0.7783839537436704,
      "ciede2000": 0.9011157370544812,
      "mae": 0.9539757304882738,
      "nemd": 0.9965927670967303,
      "psnr": 0.3576246791700419,
      "ssim": 0.6215940713882446
    },
    "testimonials": {
      "dists": 0.8227559924125671,
      "lpips": 0.646941214799881,
      "ms_ssim": 0.5351956486701965,
      "websight": 0.7095236579577128,
      "ciede2000": 0.8852465105734391,
      "mae": 0.9466870756319796,
      "nemd": 0.9954366100874721,
      "psnr": 0.3487707545632,
      "ssim": 0.5206437706947327
    }
  },
  "aggregate": {
    "dists": 0.8373476982116699,
    "lpips": 0.6792323648929596,
    "ms_ssim": 0.5910863637924194,
    "websight": 0.7336228261450575,
    "ciede2000": 0.8906416823605638,
    "mae": 0.9498733092958872,
    "nemd": 0.9954068674873623,
    "psnr": 0.3514675117532816,
    "ssim": 0.5887975811958313
  },
  "missing": []
}