{
  "per_page": {
    "about": {
      "dists": 0.8661292791366577,
      "lpips": 0.6342010498046875,
      "ms_ssim": 0.41627073287963867,
      "websight": 0.5878164941930163,
      "ciede2000": 0.6929957831280174,
      "mae": 0.8420733173526361,
      "nemd": 0.9777410613606281,
      "psnr": 0.240846435555446,
      "ssim": 0.33711227774620056
    },
    "account": {
      "dists": 0.8426591157913208,
      "lpips": 0.5551820993423462,
      "ms_ssim": 0.3286969065666199,
      "websight": 0.48792469076726624,
      "ciede2000": 0.5190377098090335,
      "mae": 0.7540303768590901,
      "nemd": 0.9234177726500321,
      "psnr": 0.19737963701497177,
      "ssim": 0.3001234233379364
    },
    "cart": {
      "dists": 0.8405965566635132,
      "lpips": 0.6450227499008179,
      "ms_ssim": 0.3920236825942993,
      "websight": 0.5730967593531237,
      "ciede2000": 0.6462359889561174,
      "mae": 0.8200290536996692,
      "nemd": 0.9711216302565586,
      "psnr": 0.2249258226269196,
      "ssim": 0.34620901942253113
    },
    "faq": {
      "dists": 0.829184889793396,
      "lpips": 0.5785637497901917,
      "ms_ssim": 0.2962086498737335,
      "websight": 0.5831955844670339,
      "ciede2000": 0.6202046240181279,
      "mae": 0.8000984464516259,
      "nemd": 0.9735172645349071,
      "psnr": 0.21751188172440472,
      "ssim": 0.2711496353149414
    },
    "home": {
      "dists": 0.8188823461532593,
      "lpips": 0.520191490650177,
      "ms_ssim": 0.248760387301445,
      "websight": 0.5135991875177774,
      "ciede2000": 0.5680601343930531,
      "mae": 0.7821382815249047,
      "nemd": 0.9660696766530343,
      "psnr": 0.21460825350357618,
      "ssim": 0.20417289435863495
    },
    "orders": {
      "dists": 0.8528825044631958,
      "lpips": 0.6261485517024994,
      "ms_ssim": 0.3234119713306427,
      "websight": 0.5578500672938332,
      "ciede2000": 0.6331017493041529,
      "mae": 0.8042354539531285,
      "nemd": 0.9684286952192043,
      "psnr": 0.21597181541098417,
      "ssim": 0.29608115553855896
    }
  },
  "aggregate": {
    "dists": 0.8417224486668905,
    "lpips": 0.5932182818651199,
    "ms_ssim": 0.33422872175772983,
    "websight": 0.5505804639320084,
    "ciede2000": 0.6132726649347504,
    "mae": 0.8004341549735091,
    "nemd": 0.9633826834457274,
    "psnr": 0.21854064097271708,
    "ssim": 0.29247473428646725
  },
  "missing": []
}