{
  "per_page": {
    "home": {
      "dists": 0.8243129849433899,
      "lpips": 0.4972448945045471,
      "ms_ssim": 0.37409958243370056,
      "websight": 0.5401174422949944,
      "ciede2000": 0.5734529085012122,
      "mae": 0.8437473981018753,
      "nemd": 0.9695537499678624,
      "psnr": 0.2662212983991307,
      "ssim": 0.3290773332118988
    },
    "messages": {
      "dists": 0.7627346515655518,
      "lpips": 0.4719659090042114,
      "ms_ssim": 0.3803822100162506,
      "websight": 0.5318086099174014,
      "ciede2000": 0.5073479826753025,
      "mae": 0.8058783063560995,
      "nemd": 0.9136529117729306,
      "psnr": 0.23702539440067538,
      "ssim": 0.30554232001304626
    },
    "notifications": {
      "dists": 0.851696789264679,
      "lpips": 0.5564294457435608,
      "ms_ssim": 0.46148574352264404,
      "websight": 0.571092085052917,
      "ciede2000": 0.6238556995396873,
      "mae": 0.8574373980954388,
      "nemd": 0.9613865494266632,
      "psnr": 0.27474838822250497,
      "ssim": 0.3977879583835602
    },
    "profile": {
      "dists": 0.8178235292434692,
      "lpips": 0.5383144617080688,
      "ms_ssim": 0.39938607811927795,
      "websight": 0.5366290642883315,
      "ciede2000": 0.6151503603620947,
      "mae": 0.8489983543208577,
      "nemd": 0.9732363948014497,
      "psnr": 0.26907906909430374,
      "ssim": 0.35720014572143555
    },
    "search": {
      "dists": 0.7666263580322266,
      "lpips": 0.37124156951904297,
      "ms_ssim": 0.23706121742725372,
      "websight": 0.376101484679961,
      "ciede2000": 0.3605523093134676,
      "mae": 0.7595585655050551,
      "nemd": 0.9259251849618375,
      "psnr": 0.22833892475916837,
      "ssim": 0.20222508907318115
    }
  },
  "aggregate": {
    "dists": 0.8046388626098633,
    "lpips": 0.4870392560958862,
    "ms_ssim": 0.3704829663038254,
    "websight": 0.511149737246721,
    "ciede2000": 0.5360718520783528,
    "mae": 0.8231240044758653,
    "nemd": 0.9487509581861486,
    "psnr": 0.2550826149751566,
    "ssim": 0.3183665692806244
  },
  "missing": []
}