{
  "per_page": {
    "careers": {
      "ciede2000": 0.5231115653270226,
      "mae": 0.8020864642153157,
      "nemd": 0.9504100097287178,
      "psnr": 0.24217342691413804,
      "ssim": 0.2770482003688812
    },
    "faq": {
      "ciede2000": 0.546554550496998,
      "mae": 0.8096473323473753,
      "nemd": 0.9495871750335817,
      "psnr": 0.2484797546534192,
      "ssim": 0.24962453544139862
    },
    "home": {
      "ciede2000": 0.6737743472652198,
      "mae": 0.8618406021621026,
      "nemd": 0.9579764237759316,
      "psnr": 0.27943789818719794,
      "ssim": 0.35445690155029297
    },
    "pricing": {
      "ciede2000": 0.5396304151699336,
      "mae": 0.8118503789411226,
      "nemd": 0.9543985454099322,
      "psnr": 0.2453119532079151,
      "ssim": 0.28445684909820557
    },
    "testimonials": {
      "ciede2000": 0.5010553041324576,
      "mae": 0.7885715727716207,
      "nemd": 0.9380251315941558,
      "psnr": 0.23786082689551089,
      "ssim": 0.23354174196720123
    }
  },
  "aggregate": {
    "ciede2000": 0.5568252364783264,
    "mae": 0.8147992700875074,
    "nemd": 0.9500794571084639,
    "psnr": 0.2506527719716362,
    "ssim": 0.2798256456851959
  },
  "missing": []
}