{
  "per_page": {
    "archive": {
      "dists": 0.8264667391777039,
      "lpips": 0.6353236734867096,
      "ms_ssim": 0.6252028346061707,
      "websight": 0.6673094499576558,
      "ciede2000": 0.7808213519568908,
      "mae": 0.8887263336619564,
      "nemd": 0.9239337435532327,
      "ocr_text": 0.7621247113163971,
      "psnr": 0.30821685957475686,
      "ssim": 0.6411811113357544
    },
    "author": {
      "dists": 0.7809169292449951,
      "lpips": 0.5922940969467163,
      "ms_ssim": 0.5519703030586243,
      "websight": 0.650609791651601,
      "ciede2000": 0.7357481916087798,
      "mae": 0.8682217980657031,
      "nemd": 0.9343310939068775,
      "ocr_text": 0.8270676691729323,
      "psnr": 0.2930108153957777,
      "ssim": 0.5372128486633301
    },
    "contact": {
      "dists": 0.8102635145187378,
      "lpips": 0.5719106793403625,
      "ms_ssim": 0.539538562297821,
      "websight": 0.5926995010603041,
      "ciede2000": 0.6555292791166907,
      "mae": 0.8337280387640413,
      "nemd": 0.9074542597839415,
      "ocr_text": 0.6438746438746439,
      "psnr": 0.25845718886284563,
      "ssim": 0.5399155020713806
    },
    "home": {
      "dists": 0.8054869771003723,
      "lpips": 0.5117549300193787,
      "ms_ssim": 0.4086231291294098,
      "websight": 0.5673135932459007,
      "ciede2000": 0.6106154885865687,
      "mae": 0.8104114657031197,
      "nemd": 0.9298172773118691,
      "ocr_text": 0.7722772277227723,
      "psnr": 0.24298825620386355,
      "ssim": 0.45844268798828125
    },
    "latest": {
      "dists": 0.7918121218681335,
      "lpips": 0.5832520723342896,
      "ms_ssim": 0.5203604102134705,
      "websight": 0.6493772733477584,
      "ciede2000": 0.7555807333165988,
      "mae": 0.8772887927477389,
      "nemd": 0.934316616893216,
      "ocr_text": 0.8296943231441049,
      "psnr": 0.30201000698315755,
      "ssim": 0.5342184901237488
    },
    "newsletter": {
      "dists": 0.8463951349258423,
      "lpips": 0.6086811125278473,
      "ms_ssim": 0.5152480006217957,
      "websight": 0.6465892979293305,
      "ciede2000": 0.7060898171838256,
      "mae": 0.8510070479530012,
      "nemd": 0.9144866446931619,
      "ocr_text": 0.7919463087248322,
      "psnr": 0.268232865801147,
      "ssim": 0.4954770505428314
    }
  },
  "aggregate": {
    "dists": 0.8102235694726309,
    "lpips": 0.5838694274425507,
    "ms_ssim": 0.5268238733212153,
    "websight": 0.6289831511987585,
    "ciede2000": 0.7073974769615591,
    "mae": 0.85489724614926,
    "nemd": 0.9240566060237166,
    "ocr_text": 0.7711641473259471,
    "psnr": 0.2788193321369247,
    "ssim": 0.5344079484542211
  },
  "missing": []
}