{
  "per_page": {
    "careers": {
      "dists": 0.836249828338623,
      "lpips": 0.5886570811271667,
      "ms_ssim": 0.36418232321739197,
      "websight": 0.5953173160127665,
      "ciede2000": 0.6560526702194884,
      "mae": 0.8555244008714598,
      "nemd": 0.9812121768412223,
      "psnr": 0.27034810304485873,
      "ssim": 0.3301287889480591
    },
    "faq": {
      "dists": 0.8289057612419128,
      "lpips": 0.5902580916881561,
      "ms_ssim": 0.33631882071495056,
      "websight": 0.5884107318838697,
      "ciede2000": 0.6625688121162971,
      "mae": 0.8559022239715026,
      "nemd": 0.9778100213687397,
      "psnr": 0.27105975580574027,
      "ssim": 0.30243119597435
    },
    "home": {
      "dists": 0.8258800506591797,
      "lpips": 0.6181854605674744,
      "ms_ssim": 0.40651988983154297,
      "websight": 0.622178469131242,
      "ciede2000": 0.7160966325864813,
      "mae": 0.8775178752654367,
      "nemd": 0.9874672719362584,
      "psnr": 0.2868943442273068,
      "ssim": 0.38152503967285156
    },
    "pricing": {
      "dists": 0.831342339515686,
      "lpips": 0.659469872713089,
      "ms_ssim": 0.44030460715293884,
      "websight": 0.6280806045515256,
      "ciede2000": 0.7248054460254347,
      "mae": 0.8802288885292769,
      "nemd": 0.9793175950502923,
      "psnr": 0.2846409208122515,
      "ssim": 0.391066312789917
    },
    "testimonials": {
      "dists": 0.8429528474807739,
      "lpips": 0.6009806394577026,
      "ms_ssim": 0.3674621880054474,
      "websight": 0.6301501439638502,
      "ciede2000": 0.6851051150519387,
      "mae": 0.8676360686333713,
      "nemd": 0.974381332397461,
      "psnr": 0.27866159495352566,
      "ssim": 0.3325948417186737
    }
  },
  "aggregate": {
    "dists": 0.8330661654472351,
    "lpips": 0.6115102291107177,
    "ms_ssim": 0.38295756578445433,
    "websight": 0.6128274531086508,
    "ciede2000": 0.6889257351999281,
    "mae": 0.8673618914542095,
    "nemd": 0.9800376795187947,
    "psnr": 0.2783209437687366,
    "ssim": 0.34754923582077024
  },
  "missing": []
}