{
  "per_page": {
    "events": {
      "dists": 0.8107545375823975,
      "lpips": 0.476234495639801,
      "ms_ssim": 0.4994575083255768,
      "websight": 0.6194935158679359,
      "ciede2000": 0.7981204526891775,
      "mae": 0.9037192891649414,
      "nemd": 0.9631186808183984,
      "psnr": 0.3239254930888074,
      "ssim": 0.4437013566493988
    },
    "home": {
      "dists": 0.7631350755691528,
      "lpips": 0.3947257995605469,
      "ms_ssim": 0.48894548416137695,
      "websight": 0.5887220026947867,
      "ciede2000": 0.7521276095999023,
      "mae": 0.8848543941615257,
      "nemd": 0.9659092865779035,
      "psnr": 0.2964893118545684,
      "ssim": 0.4297446310520172
    },
    "login": {
      "dists": 0.8098791837692261,
      "lpips": 0.4260254502296448,
      "ms_ssim": 0.5650483965873718,
      "websight": 0.6032883237040262,
      "ciede2000": 0.8122845288269465,
      "mae": 0.9164777547154999,
      "nemd": 0.9731031800843812,
      "psnr": 0.3279519650683603,
      "ssim": 0.5744364857673645
    },
    "saved": {
      "dists": 0.7839544415473938,
      "lpips": 0.46065962314605713,
      "ms_ssim": 0.5324882864952087,
      "websight": 0.6121791554399915,
      "ciede2000": 0.8082318912007996,
      "mae": 0.9092121323529412,
      "nemd": 0.968000001034494,
      "psnr": 0.3261490156802055,
      "ssim": 0.46849894523620605
    },
    "search": {
      "dists": 0.7664281725883484,
      "lpips": 0.48255854845046997,
      "ms_ssim": 0.5278968811035156,
      "websight": 0.6149924890721934,
      "ciede2000": 0.7980294674842338,
      "mae": 0.8979594975996559,
      "nemd": 0.9635640771289957,
      "psnr": 0.3160309917206135,
      "ssim": 0.4523073732852936
    }
  },
  "aggregate": {
    "dists": 0.7868302822113037,
    "lpips": 0.44804078340530396,
    "ms_ssim": 0.52276731133461,
    "websight": 0.6077350973557867,
    "ciede2000": 0.7937587899602119,
    "mae": 0.9024446135989127,
    "nemd": 0.9667390451288345,
    "psnr": 0.31810935548251096,
    "ssim": 0.47373775839805604
  },
  "missing": []
}