{
  "per_page": {
    "about": {
      "dists": 0.8683351278305054,
      "lpips": 0.6043524146080017,
      "ms_ssim": 0.35672903060913086,
      "websight": 0.5851221539817014,
      "ciede2000": 0.6773308526464772,
      "mae": 0.8328901336907342,
      "nemd": 0.9750544122628726,
      "psnr": 0.23726087516071054,
      "ssim": 0.3314675986766815
    },
    "account": {
      "dists": 0.8739635944366455,
      "lpips": 0.7194187641143799,
      "ms_ssim": 0.5505468249320984,
      "websight": 0.6351199306975835,
      "ciede2000": 0.7228506174187905,
      "mae": 0.8668792553988818,
      "nemd": 0.9809469964030101,
      "psnr": 0.2594632306078379,
      "ssim": 0.5002259016036987
    },
    "cart": {
      "dists": 0.8178463578224182,
      "lpips": 0.5875323712825775,
      "ms_ssim": 0.29888448119163513,
      "websight": 0.4919943230993608,
      "ciede2000": 0.6151700759390055,
      "mae": 0.7891256404825304,
      "nemd": 0.9737481023843396,
      "psnr": 0.21331312467935898,
      "ssim": 0.3256748914718628
    },
    "faq": {
      "dists": 0.81943678855896,
      "lpips": 0.631791889667511,
      "ms_ssim": 0.3276419937610626,
      "websight": 0.5973594021712635,
      "ciede2000": 0.6394879868828038,
      "mae": 0.8122164175340918,
      "nemd": 0.9740498860677083,
      "psnr": 0.22387579706471963,
      "ssim": 0.3213668167591095
    },
    "home": {
      "dists": 0.8525840044021606,
      "lpips": 0.6852807402610779,
      "ms_ssim": 0.49289393424987793,
      "websight": 0.6529629276953727,
      "ciede2000": 0.7172538568849803,
      "mae": 0.8528966966511691,
      "nemd": 0.974657909018978,
      "psnr": 0.25430242749771215,
      "ssim": 0.43235254287719727
    },
    "orders": {
      "dists": 0.8511530160903931,
      "lpips": 0.6458066403865814,
      "ms_ssim": 0.3378375470638275,
      "websight": 0.5141860054906949,
      "ciede2000": 0.6628297380931996,
      "mae": 0.8277410410685562,
      "nemd": 0.9759011816102026,
      "psnr": 0.22920844675601396,
      "ssim": 0.34815359115600586
    }
  },
  "aggregate": {
    "dists": 0.8472198148568472,
    "lpips": 0.6456971367200216,
    "ms_ssim": 0.3940889686346054,
    "websight": 0.5794574571893295,
    "ciede2000": 0.6724871879775428,
    "mae": 0.8302915308043272,
    "nemd": 0.9757264146245186,
    "psnr": 0.23623731696105887,
    "ssim": 0.37654022375742596
  },
  "missing": []
}