{
  "per_page": {
    "home": {
      "dists": 0.8773370981216431,
      "lpips": 0.622281014919281,
      "ms_ssim": 0.48592409491539,
      "websight": 0.6417132546136409,
      "ciede2000": 0.7294309643797605,
      "mae": 0.9002995107803232,
      "nemd": 0.9764326343980715,
      "psnr": 0.3028017178339607,
      "ssim": 0.42319002747535706
    },
    "messages": {
      "dists": 0.7854970097541809,
      "lpips": 0.5474192202091217,
      "ms_ssim": 0.44536319375038147,
      "websight": 0.5675879758137923,
      "ciede2000": 0.6085823966759427,
      "mae": 0.8445414418563846,
      "nemd": 0.9214614146756734,
      "psnr": 0.25359099324361783,
      "ssim": 0.3980146646499634
    },
    "notifications": {
      "dists": 0.7968748807907104,
      "lpips": 0.4159243106842041,
      "ms_ssim": 0.3111039698123932,
      "websight": 0.5117146334394354,
      "ciede2000": 0.4049655205345972,
      "mae": 0.7827632695551339,
      "nemd": 0.9526640104341677,
      "psnr": 0.23879895993770253,
      "ssim": 0.2643139362335205
    },
    "profile": {
      "dists": 0.8607948422431946,
      "lpips": 0.6175076365470886,
      "ms_ssim": 0.5270382165908813,
      "websight": 0.6588028926144606,
      "ciede2000": 0.7251029810162597,
      "mae": 0.9012095439646739,
      "nemd": 0.9833316596282735,
      "psnr": 0.30497782851482114,
      "ssim": 0.4813292920589447
    },
    "search": {
      "dists": 0.8585208654403687,
      "lpips": 0.616597056388855,
      "ms_ssim": 0.4640267789363861,
      "websight": 0.6042791948773555,
      "ciede2000": 0.7143899845251043,
      "mae": 0.8993092206058051,
      "nemd": 0.991944585953501,
      "psnr": 0.30273702965635446,
      "ssim": 0.4360497295856476
    }
  },
  "aggregate": {
    "dists": 0.8358049392700195,
    "lpips": 0.5639458477497101,
    "ms_ssim": 0.4466912508010864,
    "websight": 0.5968195902717369,
    "ciede2000": 0.6364943694263329,
    "mae": 0.8656245973524641,
    "nemd": 0.9651668610179375,
    "psnr": 0.28058130583729135,
    "ssim": 0.40057953000068663
  },
  "missing": []
}