{
  "per_page": {
    "events": {
      "dists": 0.8042834401130676,
      "lpips": 0.4443126320838928,
      "ms_ssim": 0.43447908759117126,
      "websight": 0.5852199936589451,
      "ciede2000": 0.7389339838706851,
      "mae": 0.9054962803962164,
      "nemd": 0.9826177401440646,
      "psnr": 0.32266846370700236,
      "ssim": 0.42420247197151184
    },
    "home": {
      "dists": 0.742855966091156,
      "lpips": 0.35423922538757324,
      "ms_ssim": 0.47585663199424744,
      "websight": 0.5716612173927773,
      "ciede2000": 0.6632642579992261,
      "mae": 0.8807079998060658,
      "nemd": 0.9822774609761622,
      "psnr": 0.28945466321007673,
      "ssim": 0.45060062408447266
    },
    "login": {
      "dists": 0.8073023557662964,
      "lpips": 0.42537128925323486,
      "ms_ssim": 0.617368757724762,
      "websight": 0.627400048958358,
      "ciede2000": 0.7635169061178904,
      "mae": 0.9253197437633712,
      "nemd": 0.9838138260330642,
      "psnr": 0.337812205201799,
      "ssim": 0.6339643001556396
    },
    "saved": {
      "dists": 0.7732488512992859,
      "lpips": 0.4290652275085449,
      "ms_ssim": 0.5148451328277588,
      "websight": 0.6156365982871556,
      "ciede2000": 0.752720191474176,
      "mae": 0.9133440137919575,
      "nemd": 0.9823132393185029,
      "psnr": 0.32839896037903515,
      "ssim": 0.4719424545764923
    },
    "search": {
      "dists": 0.7572763562202454,
      "lpips": 0.43344807624816895,
      "ms_ssim": 0.4827829897403717,
      "websight": 0.5809480520576941,
      "ciede2000": 0.7442355159819246,
      "mae": 0.9064830863755614,
      "nemd": 0.9852771838875037,
      "psnr": 0.32017384152388995,
      "ssim": 0.4425276815891266
    }
  },
  "aggregate": {
    "dists": 0.7769933938980103,
    "lpips": 0.41728729009628296,
    "ms_ssim": 0.5050665199756622,
    "websight": 0.5961731820709859,
    "ciede2000": 0.7325341710887804,
    "mae": 0.9062702248266346,
    "nemd": 0.9832598900718595,
    "psnr": 0.3197016268043606,
    "ssim": 0.48464750647544863
  },
  "missing": []
}