{
  "per_page": {
    "home": {
      "dists": 0.8227444887161255,
      "lpips": 0.5753053426742554,
      "ms_ssim": 0.48897838592529297,
      "websight": 0.5930463083870503,
      "ciede2000": 0.6781552453882796,
      "mae": 0.8294925373271957,
      "nemd": 0.9500076140094467,
      "psnr": 0.2520650102918887,
      "ssim": 0.5459790229797363
    },
    "post": {
      "dists": 0.8338954448699951,
      "lpips": 0.5796566307544708,
      "ms_ssim": 0.43172940611839294,
      "websight": 0.6274492999877328,
      "ciede2000": 0.765506075045638,
      "mae": 0.8738459404229528,
      "nemd": 0.9616501142586283,
      "psnr": 0.2941126612210256,
      "ssim": 0.4981091320514679
    },
    "resume": {
      "dists": 0.8245891332626343,
      "lpips": 0.5699441432952881,
      "ms_ssim": 0.4527037441730499,
      "websight": 0.5752049173041152,
      "ciede2000": 0.706347003816836,
      "mae": 0.8433373976359589,
      "nemd": 0.968703432620128,
      "psnr": 0.26300439070355663,
      "ssim": 0.45809897780418396
    },
    "services": {
      "dists": 0.8161619305610657,
      "lpips": 0.5612316131591797,
      "ms_ssim": 0.46992287039756775,
      "websight": 0.5841434043940822,
      "ciede2000": 0.6945970240544601,
      "mae": 0.8380669107083087,
      "nemd": 0.9533429746909792,
      "psnr": 0.2604300878990484,
      "ssim": 0.4828817844390869
    },
    "testimonials": {
      "dists": 0.7995697259902954,
      "lpips": 0.5773478746414185,
      "ms_ssim": 0.5666429996490479,
      "websight": 0.5949515279014306,
      "ciede2000": 0.6413135578782811,
      "mae": 0.8112429858450663,
      "nemd": 0.9382916791454126,
      "psnr": 0.24601699894579585,
      "ssim": 0.5082364082336426
    }
  },
  "aggregate": {
    "dists": 0.8193921446800232,
    "lpips": 0.5726971209049225,
    "ms_ssim": 0.4819954812526703,
    "websight": 0.5949590915948823,
    "ciede2000": 0.697183781236699,
    "mae": 0.8391971543878964,
    "nemd": 0.954399162944919,
    "psnr": 0.26312582981226307,
    "ssim": 0.49866106510162356
  },
  "missing": []
}