{
  "per_page": {
    "api": {
      "dists": 0.8322190642356873,
      "lpips": 0.4837372303009033,
      "ms_ssim": 0.4967924654483795,
      "websight": 0.5648995994135392,
      "ciede2000": 0.7037485607879512,
      "mae": 0.8387038834810318,
      "nemd": 0.9651672768734245,
      "psnr": 0.2562706522574159,
      "ssim": 0.4641719162464142
    },
    "home": {
      "dists": 0.7794125080108643,
      "lpips": 0.45175254344940186,
      "ms_ssim": 0.4401068389415741,
      "websight": 0.5364738712886612,
      "ciede2000": 0.7394685953047352,
      "mae": 0.8627802482924722,
      "nemd": 0.9662432621918464,
      "psnr": 0.27641761575156587,
      "ssim": 0.3896653354167938
    },
    "integrations": {
      "dists": 0.7759770154953003,
      "lpips": 0.38940632343292236,
      "ms_ssim": 0.34604236483573914,
      "websight": 0.5269848124483784,
      "ciede2000": 0.677647322351939,
      "mae": 0.8273521335737359,
      "nemd": 0.9718426256435584,
      "psnr": 0.2576192474665271,
      "ssim": 0.2966265380382538
    },
    "login": {
      "dists": 0.7415993213653564,
      "lpips": 0.4032719135284424,
      "ms_ssim": 0.3631608486175537,
      "websight": 0.49478397044268524,
      "ciede2000": 0.7452062685853849,
      "mae": 0.8606286949704403,
      "nemd": 0.9717457276552725,
      "psnr": 0.2725452849267156,
      "ssim": 0.3942205011844635
    },
    "profile": {
      "dists": 0.7914857268333435,
      "lpips": 0.43842029571533203,
      "ms_ssim": 0.3922244608402252,
      "websight": 0.5414586667037798,
      "ciede2000": 0.7386152043491429,
      "mae": 0.8569730090597663,
      "nemd": 0.9707283865997066,
      "psnr": 0.27611856013784075,
      "ssim": 0.3445213735103607
    }
  },
  "aggregate": {
    "dists": 0.7841387271881104,
    "lpips": 0.4333176612854004,
    "ms_ssim": 0.40766539573669436,
    "websight": 0.5329201840594088,
    "ciede2000": 0.7209371902758306,
    "mae": 0.8492875938754892,
    "nemd": 0.9691454557927616,
    "psnr": 0.26779427210801304,
    "ssim": 0.3778411328792572
  },
  "missing": []
}