{
  "per_page": {
    "api": {
      "dists": 0.7994751930236816,
      "lpips": 0.4580618739128113,
      "ms_ssim": 0.3772291839122772,
      "websight": 0.532467121828053,
      "ciede2000": 0.6066922945310897,
      "mae": 0.7981040649059149,
      "nemd": 0.971978886469686,
      "psnr": 0.22555436477043123,
      "ssim": 0.38252392411231995
    },
    "home": {
      "dists": 0.7707160711288452,
      "lpips": 0.46238017082214355,
      "ms_ssim": 0.371082067489624,
      "websight": 0.5635939173881505,
      "ciede2000": 0.7173848758252834,
      "mae": 0.8537513268004499,
      "nemd": 0.9603041899094341,
      "psnr": 0.2719991739671357,
      "ssim": 0.3561563491821289
    },
    "integrations": {
      "dists": 0.7664119005203247,
      "lpips": 0.43246889114379883,
      "ms_ssim": 0.30786916613578796,
      "websight": 0.5186081775649243,
      "ciede2000": 0.6592692809666622,
      "mae": 0.8223181043873489,
      "nemd": 0.9592967323507842,
      "psnr": 0.25574730475525914,
      "ssim": 0.2795563042163849
    },
    "login": {
      "dists": 0.7069401144981384,
      "lpips": 0.3890041708946228,
      "ms_ssim": 0.29617801308631897,
      "websight": 0.47393196301582535,
      "ciede2000": 0.645297999380233,
      "mae": 0.8157155102759178,
      "nemd": 0.9413021865942259,
      "psnr": 0.25326000721114356,
      "ssim": 0.3591248095035553
    },
    "profile": {
      "dists": 0.7855007648468018,
      "lpips": 0.41705042123794556,
      "ms_ssim": 0.3567446172237396,
      "websight": 0.5208192091397565,
      "ciede2000": 0.6810117333301764,
      "mae": 0.8308513749243782,
      "nemd": 0.9576926002885139,
      "psnr": 0.26477508633949787,
      "ssim": 0.3123912215232849
    }
  },
  "aggregate": {
    "dists": 0.7658088088035584,
    "lpips": 0.4317931056022644,
    "ms_ssim": 0.34182060956954957,
    "websight": 0.5218840777873419,
    "ciede2000": 0.661931236806689,
    "mae": 0.8241480762588018,
    "nemd": 0.9581149191225288,
    "psnr": 0.2542671874086935,
    "ssim": 0.3379505217075348
  },
  "missing": []
}