{
  "per_page": {
    "careers": {
      "ciede2000": 0.6215527377407686,
      "mae": 0.8388943192091651,
      "nemd": 0.9706251638676304,
      "psnr": 0.260072354884246,
      "ssim": 0.31391802430152893
    },
    "faq": {
      "ciede2000": 0.5484756783413132,
      "mae": 0.8135689947998664,
      "nemd": 0.971811354736922,
      "psnr": 0.24792560995042998,
      "ssim": 0.23453612625598907
    },
    "home": {
      "ciede2000": 0.7303709019278863,
      "mae": 0.8820169017677394,
      "nemd": 0.98084565247698,
      "psnr": 0.2922116431060466,
      "ssim": 0.41340184211730957
    },
    "pricing": {
      "ciede2000": 0.7036285158249234,
      "mae": 0.8745331427389846,
      "nemd": 0.9763316339384644,
      "psnr": 0.28102950768066143,
      "ssim": 0.3965214192867279
    },
    "testimonials": {
      "ciede2000": 0.6356761869364478,
      "mae": 0.8459482770614284,
      "nemd": 0.9782785856090306,
      "psnr": 0.26558290778267685,
      "ssim": 0.2823069095611572
    }
  },
  "aggregate": {
    "ciede2000": 0.6479408041542678,
    "mae": 0.8509923271154367,
    "nemd": 0.9755784781258054,
    "psnr": 0.2693644046808122,
    "ssim": 0.32813686430454253
  },
  "missing": []
}