{
  "per_page": {
    "billing": {
      "dists": 0.8217622637748718,
      "lpips": 0.7549529075622559,
      "ms_ssim": 0.7268843650817871,
      "websight": 0.7593225111427917,
      "ciede2000": 0.911560536475896,
      "mae": 0.9574497300056803,
      "nemd": 0.9955661580806516,
      "ocr_text": 0.8571428571428571,
      "psnr": 0.35164998932753516,
      "ssim": 0.7057965397834778
    },
    "docs": {
      "dists": 0.8378731608390808,
      "lpips": 0.7648193836212158,
      "ms_ssim": 0.7073748707771301,
      "websight": 0.7913107052778324,
      "ciede2000": 0.9337169402987338,
      "mae": 0.9659995806211829,
      "nemd": 0.9939335052823759,
      "ocr_text": 0.8983957219251337,
      "psnr": 0.3745212108052028,
      "ssim": 0.7022793889045715
    },
    "home": {
      "dists": 0.8482702374458313,
      "lpips": 0.7115468382835388,
      "ms_ssim": 0.6076391935348511,
      "websight": 0.7315963514793067,
      "ciede2000": 0.8486312594443314,
      "mae": 0.9303880895283773,
      "nemd": 0.9901291654176658,
      "ocr_text": 0.8768115942028987,
      "psnr": 0.31323471754760246,
      "ssim": 0.5884647965431213
    },
    "login": {
      "dists": 0.8217459917068481,
      "lpips": 0.7719954252243042,
      "ms_ssim": 0.7202519774436951,
      "websight": 0.7948489881813798,
      "ciede2000": 0.9107624256442011,
      "mae": 0.9589512772681795,
      "nemd": 0.997613822853332,
      "ocr_text": 0.8767123287671235,
      "psnr": 0.3584754533642887,
      "ssim": 0.7066858410835266
    },
    "profile": {
      "dists": 0.7975629568099976,
      "lpips": 0.7841953039169312,
      "ms_ssim": 0.7521040439605713,
      "websight": 0.7695351654291153,
      "ciede2000": 0.9384656892947686,
      "mae": 0.9703815438490032,
      "nemd": 0.9957466822130323,
      "ocr_text": 0.8725490196078431,
      "psnr": 0.3804657722678723,
      "ssim": 0.7235107421875
    },
    "signup": {
      "dists": 0.8320881724357605,
      "lpips": 0.7748296856880188,
      "ms_ssim": 0.705334484577179,
      "websight": 0.7653874171520371,
      "ciede2000": 0.9084860204780169,
      "mae": 0.9574260028605699,
      "nemd": 0.9968071779346687,
      "ocr_text": 0.8472906403940886,
      "psnr": 0.3527317991499989,
      "ssim": 0.676341712474823
    },
    "tools": {
      "dists": 0.8179352283477783,
      "lpips": 0.781423419713974,
      "ms_ssim": 0.6916472911834717,
      "websight": 0.8100019395632034,
      "ciede2000": 0.927985631765176,
      "mae": 0.9645765598393192,
      "nemd": 0.9955356413715508,
      "ocr_text": 0.887052341597796,
      "psnr": 0.3639613070416818,
      "ssim": 0.6617507338523865
    }
  },
  "aggregate": {
    "dists": 0.8253197159085955,
    "lpips": 0.7633947091443198,
    "ms_ssim": 0.7016051752226693,
    "websight": 0.7745718683179523,
    "ciede2000": 0.9113726433430177,
    "mae": 0.9578818262817589,
    "nemd": 0.9950474504504682,
    "ocr_text": 0.8737077862339631,
    "psnr": 0.3564343213577403,
    "ssim": 0.6806899649756295
  },
  "missing": []
}