{
  "per_page": {
    "home": {
      "ciede2000": 0.7692472063939717,
      "mae": 0.865909231657298,
      "nemd": 0.9404546485366994,
      "psnr": 0.28277846891463954,
      "ssim": 0.6014013290405273
    },
    "post": {
      "ciede2000": 0.7687443241723421,
      "mae": 0.8595752084459515,
      "nemd": 0.9422714531690555,
      "psnr": 0.2845525922745809,
      "ssim": 0.5060568451881409
    },
    "resume": {
      "ciede2000": 0.7745280338316679,
      "mae": 0.8703240201982629,
      "nemd": 0.9462940131293403,
      "psnr": 0.28614285787295923,
      "ssim": 0.49045881628990173
    },
    "services": {
      "ciede2000": 0.6304165857598671,
      "mae": 0.8032061878585051,
      "nemd": 0.9347340512929666,
      "psnr": 0.23569245499899646,
      "ssim": 0.48606550693511963
    },
    "testimonials": {
      "ciede2000": 0.8240139311505835,
      "mae": 0.8987316287603252,
      "nemd": 0.959845764545924,
      "psnr": 0.3103567564239562,
      "ssim": 0.5861321091651917
    }
  },
  "aggregate": {
    "ciede2000": 0.7533900162616864,
    "mae": 0.8595492553840686,
    "nemd": 0.9447199861347972,
    "psnr": 0.2799046260970265,
    "ssim": 0.5340229213237763
  },
  "missing": []
}