{
  "per_page": {
    "about": {
      "ciede2000": 0.8704975125342735,
      "mae": 0.9481417978302432,
      "nemd": 0.9843195504601581,
      "psnr": 0.35852220034572146,
      "ssim": 0.6072900295257568
    },
    "home": {
      "ciede2000": 0.8454595779650932,
      "mae": 0.941466874534624,
      "nemd": 0.9803318241940269,
      "psnr": 0.3498524970691456,
      "ssim": 0.6021690368652344
    },
    "press": {
      "ciede2000": 0.8472898949779133,
      "mae": 0.9415229892108531,
      "nemd": 0.9785516283355701,
      "psnr": 0.34831834319661825,
      "ssim": 0.5995407700538635
    },
    "team": {
      "ciede2000": 0.8613985709513129,
      "mae": 0.9448117846037624,
      "nemd": 0.9786874424291714,
      "psnr": 0.3609682839697805,
      "ssim": 0.6226641535758972
    },
    "testimonials": {
      "ciede2000": 0.8558795426753384,
      "mae": 0.9437747954871125,
      "nemd": 0.9766715630299876,
      "psnr": 0.35635278551409316,
      "ssim": 0.5588123202323914
    }
  },
  "aggregate": {
    "ciede2000": 0.8561050198207862,
    "mae": 0.9439436483333191,
    "nemd": 0.9797124016897829,
    "psnr": 0.3548028220190718,
    "ssim": 0.5980952620506287
  },
  "missing": []
}