{
  "per_page": {
    "events": {
      "dists": 0.8191496729850769,
      "lpips": 0.4912705421447754,
      "ms_ssim": 0.1960471123456955,
      "websight": 0.5103216146224129,
      "ciede2000": 0.5640495448790197,
      "mae": 0.7642429416929607,
      "nemd": 0.9438009064773033,
      "psnr": 0.20613877275944112,
      "ssim": 0.16441471874713898
    },
    "home": {
      "dists": 0.8096263408660889,
      "lpips": 0.5273823142051697,
      "ms_ssim": 0.27468428015708923,
      "websight": 0.5099568360200211,
      "ciede2000": 0.6426190217562973,
      "mae": 0.8257813565533607,
      "nemd": 0.9445439123368765,
      "psnr": 0.2346668475631463,
      "ssim": 0.24709546566009521
    },
    "messages": {
      "dists": 0.821803867816925,
      "lpips": 0.4794251322746277,
      "ms_ssim": 0.19296662509441376,
      "websight": 0.4790653340873264,
      "ciede2000": 0.6039101391452244,
      "mae": 0.8015019294233953,
      "nemd": 0.9435957696359296,
      "psnr": 0.22981145451476986,
      "ssim": 0.2415236234664917
    },
    "notifications": {
      "dists": 0.7824513912200928,
      "lpips": 0.45691436529159546,
      "ms_ssim": 0.0,
      "websight": 0.4083178111876564,
      "ciede2000": 0.5502082058888524,
      "mae": 0.7720764787531913,
      "nemd": 0.890651402695257,
      "psnr": 0.2135217044195862,
      "ssim": 0.20054151117801666
    },
    "search": {
      "dists": 0.860619306564331,
      "lpips": 0.5603736639022827,
      "ms_ssim": 0.23947091400623322,
      "websight": 0.562038704543783,
      "ciede2000": 0.6906618942797895,
      "mae": 0.8496367272603486,
      "nemd": 0.9797921318478054,
      "psnr": 0.244238634562342,
      "ssim": 0.21744005382061005
    },
    "settings": {
      "dists": 0.8183614015579224,
      "lpips": 0.605233371257782,
      "ms_ssim": 0.31722965836524963,
      "websight": 0.5802841975205186,
      "ciede2000": 0.7722531525036955,
      "mae": 0.8896325808495187,
      "nemd": 0.9650933441891582,
      "psnr": 0.26627219280093983,
      "ssim": 0.24880068004131317
    },
    "trending": {
      "dists": 0.8094149827957153,
      "lpips": 0.5008681118488312,
      "ms_ssim": 0.18873530626296997,
      "websight": 0.48701361491196393,
      "ciede2000": 0.6450631028148237,
      "mae": 0.8282465510205425,
      "nemd": 0.9627104116838705,
      "psnr": 0.23430167241470165,
      "ssim": 0.22756822407245636
    }
  },
  "aggregate": {
    "dists": 0.8173467091151646,
    "lpips": 0.5173525001321521,
    "ms_ssim": 0.20130484231880733,
    "websight": 0.5052854446990975,
    "ciede2000": 0.6383950087525291,
    "mae": 0.8187312236504738,
    "nemd": 0.9471696969808858,
    "psnr": 0.23270732557641813,
    "ssim": 0.22105489671230316
  },
  "missing": []
}