{
  "per_page": {
    "contact": {
      "dists": 0.7572384476661682,
      "lpips": 0.4363754987716675,
      "ms_ssim": 0.28324654698371887,
      "websight": 0.5429121502182771,
      "ciede2000": 0.5489139472168658,
      "mae": 0.7658171168838249,
      "nemd": 0.8920032200240264,
      "psnr": 0.2250127973457585,
      "ssim": 0.2643963396549225
    },
    "faq": {
      "dists": 0.7712571620941162,
      "lpips": 0.5353306829929352,
      "ms_ssim": 0.2344464212656021,
      "websight": 0.5722714726165025,
      "ciede2000": 0.682786439850001,
      "mae": 0.8302839957238934,
      "nemd": 0.9105622989083257,
      "psnr": 0.25757232202489444,
      "ssim": 0.21952813863754272
    },
    "home": {
      "dists": 0.7834707498550415,
      "lpips": 0.43359673023223877,
      "ms_ssim": 0.1963890790939331,
      "websight": 0.5179505435675097,
      "ciede2000": 0.5870641162058062,
      "mae": 0.7816111878404866,
      "nemd": 0.92573429331581,
      "psnr": 0.2314351535030354,
      "ssim": 0.19251756370067596
    },
    "press": {
      "dists": 0.7664203643798828,
      "lpips": 0.3679603338241577,
      "ms_ssim": 0.24752266705036163,
      "websight": 0.5110431780099174,
      "ciede2000": 0.4917298151755539,
      "mae": 0.737962605239836,
      "nemd": 0.8798920657055527,
      "psnr": 0.214133241551198,
      "ssim": 0.20495490729808807
    },
    "pricing": {
      "dists": 0.7848491072654724,
      "lpips": 0.43318843841552734,
      "ms_ssim": 0.2206946760416031,
      "websight": 0.528477783224116,
      "ciede2000": 0.5761750024444094,
      "mae": 0.7781889988872261,
      "nemd": 0.9300800607660122,
      "psnr": 0.22897091607038125,
      "ssim": 0.20573675632476807
    },
    "resources": {
      "dists": 0.7403961420059204,
      "lpips": 0.4324737787246704,
      "ms_ssim": 0.31141397356987,
      "websight": 0.5549732330008449,
      "ciede2000": 0.5118840427008985,
      "mae": 0.7500060558434697,
      "nemd": 0.8776806405945472,
      "psnr": 0.21950352434661313,
      "ssim": 0.3114655315876007
    },
    "services": {
      "dists": 0.7590771913528442,
      "lpips": 0.46248793601989746,
      "ms_ssim": 0.25200942158699036,
      "websight": 0.5504771810027659,
      "ciede2000": 0.5881321006543063,
      "mae": 0.7852172609893631,
      "nemd": 0.9357878521688623,
      "psnr": 0.23190510422778932,
      "ssim": 0.23472701013088226
    }
  },
  "aggregate": {
    "dists": 0.7661013092313494,
    "lpips": 0.4430590569972992,
    "ms_ssim": 0.24938896937029703,
    "websight": 0.5397293630914191,
    "ciede2000": 0.5695264948925488,
    "mae": 0.7755838887725856,
    "nemd": 0.9073914902118766,
    "psnr": 0.22979043700995286,
    "ssim": 0.2333323210477829
  },
  "missing": []
}