{
  "per_page": {
    "blog": {
      "ciede2000": 0.5797619445948121,
      "mae": 0.7798663364811838,
      "nemd": 0.9207299931244846,
      "psnr": 0.23897479819240622,
      "ssim": 0.34244218468666077
    },
    "courses": {
      "ciede2000": 0.5840683622230942,
      "mae": 0.7804549779601764,
      "nemd": 0.9347372233072917,
      "psnr": 0.24217311533131258,
      "ssim": 0.33193743228912354
    },
    "faq": {
      "ciede2000": 0.5853815505893206,
      "mae": 0.7923837115110445,
      "nemd": 0.9383308508143247,
      "psnr": 0.2433909683904878,
      "ssim": 0.33883675932884216
    },
    "home": {
      "ciede2000": 0.3819010826761654,
      "mae": 0.6861778057952361,
      "nemd": 0.8891657427587422,
      "psnr": 0.1943132912450875,
      "ssim": 0.22058303654193878
    },
    "instructors": {
      "ciede2000": 0.5902431256779705,
      "mae": 0.7948869039138513,
      "nemd": 0.9313387934944322,
      "psnr": 0.25001450765527033,
      "ssim": 0.30137887597084045
    },
    "resources": {
      "ciede2000": 0.6386868551119319,
      "mae": 0.8131191702021939,
      "nemd": 0.9271741655435246,
      "psnr": 0.25525992094420075,
      "ssim": 0.33656856417655945
    },
    "schedule": {
      "ciede2000": 0.6559356049028424,
      "mae": 0.8270007857543977,
      "nemd": 0.9408516484562435,
      "psnr": 0.26389227912729035,
      "ssim": 0.3595428168773651
    }
  },
  "aggregate": {
    "ciede2000": 0.5737112179680196,
    "mae": 0.7819842416597262,
    "nemd": 0.9260469167855777,
    "psnr": 0.24114555441229363,
    "ssim": 0.31875566712447573
  },
  "missing": []
}