{
  "per_page": {
    "events": {
      "ciede2000": 0.6712158920155604,
      "mae": 0.8326929759691233,
      "nemd": 0.9394176445153481,
      "psnr": 0.25848737890135676,
      "ssim": 0.3369889259338379
    },
    "home": {
      "ciede2000": 0.6048181892125748,
      "mae": 0.8015813247645196,
      "nemd": 0.9184640741171004,
      "psnr": 0.23600604957528165,
      "ssim": 0.27287185192108154
    },
    "messages": {
      "ciede2000": 0.631087588460096,
      "mae": 0.825887661451616,
      "nemd": 0.9525602135962822,
      "psnr": 0.251607404761462,
      "ssim": 0.3359011113643646
    },
    "notifications": {
      "ciede2000": 0.6243676085333605,
      "mae": 0.8051289525357167,
      "nemd": 0.9321414981139231,
      "psnr": 0.24990055323454854,
      "ssim": 0.2984437644481659
    },
    "search": {
      "ciede2000": 0.561674375895677,
      "mae": 0.7948604121987337,
      "nemd": 0.9576837333043416,
      "psnr": 0.23106280296190373,
      "ssim": 0.18090157210826874
    },
    "settings": {
      "ciede2000": 0.7018087489015921,
      "mae": 0.8664905368679299,
      "nemd": 0.9540470478073559,
      "psnr": 0.26973448156633717,
      "ssim": 0.3159395754337311
    },
    "trending": {
      "ciede2000": 0.5846493529924659,
      "mae": 0.8041768556365144,
      "nemd": 0.9431706089763763,
      "psnr": 0.23717931969379988,
      "ssim": 0.2807053327560425
    }
  },
  "aggregate": {
    "ciede2000": 0.625660250858761,
    "mae": 0.8186883884891648,
    "nemd": 0.942497831490104,
    "psnr": 0.24771114152781282,
    "ssim": 0.28882173342364176
  },
  "missing": []
}