{
  "per_page": {
    "about": {
      "dists": 0.8637384176254272,
      "lpips": 0.5876290798187256,
      "ms_ssim": 0.313497930765152,
      "websight": 0.5831897281595574,
      "ciede2000": 0.7142656474772661,
      "mae": 0.8310104811471913,
      "nemd": 0.9640785137447871,
      "ocr_text": 0.8783382789317509,
      "psnr": 0.23957980528477663,
      "ssim": 0.3023422062397003
    },
    "category": {
      "dists": 0.8676666617393494,
      "lpips": 0.6115922331809998,
      "ms_ssim": 0.39407598972320557,
      "websight": 0.5930192866231089,
      "ciede2000": 0.6208205312546036,
      "mae": 0.8001793157679739,
      "nemd": 0.9633962873670789,
      "ocr_text": 0.7725321888412018,
      "psnr": 0.22200869312465488,
      "ssim": 0.34462782740592957
    },
    "contact": {
      "dists": 0.835686206817627,
      "lpips": 0.5835055708885193,
      "ms_ssim": 0.3226737380027771,
      "websight": 0.5673283264224912,
      "ciede2000": 0.5159198995072984,
      "mae": 0.7445923512116948,
      "nemd": 0.9418736088058808,
      "ocr_text": 0.8208955223880597,
      "psnr": 0.19105992357895987,
      "ssim": 0.23890429735183716
    },
    "home": {
      "dists": 0.7958931922912598,
      "lpips": 0.5411439836025238,
      "ms_ssim": 0.2896139919757843,
      "websight": 0.5593981698610898,
      "ciede2000": 0.5231514506230981,
      "mae": 0.735404122916425,
      "nemd": 0.9326198480068109,
      "ocr_text": 0.8495575221238938,
      "psnr": 0.19772879539632005,
      "ssim": 0.2165190726518631
    },
    "latest": {
      "dists": 0.8465912938117981,
      "lpips": 0.6299158334732056,
      "ms_ssim": 0.3487132489681244,
      "websight": 0.5893644795698278,
      "ciede2000": 0.7580285720883937,
      "mae": 0.8579894745573836,
      "nemd": 0.980187004547314,
      "ocr_text": 0.7911547911547911,
      "psnr": 0.2523366388230539,
      "ssim": 0.315318763256073
    }
  },
  "aggregate": {
    "dists": 0.8419151544570923,
    "lpips": 0.5907573401927948,
    "ms_ssim": 0.33371497988700866,
    "websight": 0.5784599981272149,
    "ciede2000": 0.626437220190132,
    "mae": 0.7938351491201338,
    "nemd": 0.9564310524943742,
    "ocr_text": 0.8224956606879396,
    "psnr": 0.22054277124155303,
    "ssim": 0.28354243338108065
  },
  "missing": []
}