{
  "per_page": {
    "billing": {
      "ciede2000": 0.9103011023424011,
      "mae": 0.9572780330320614,
      "nemd": 0.9906098956900897,
      "ocr_text": 0.8115942028985508,
      "psnr": 0.35380692600953395,
      "ssim": 0.6879101395606995
    },
    "docs": {
      "ciede2000": 0.9255131141021624,
      "mae": 0.9618410838891568,
      "nemd": 0.9945056473361988,
      "ocr_text": 0.8753315649867373,
      "psnr": 0.3660680136321163,
      "ssim": 0.6625430583953857
    },
    "home": {
      "ciede2000": 0.829604039592918,
      "mae": 0.9236544027523079,
      "nemd": 0.9842403050216076,
      "ocr_text": 0.8560885608856088,
      "psnr": 0.3078430168606907,
      "ssim": 0.5602646470069885
    },
    "login": {
      "ciede2000": 0.927991219304522,
      "mae": 0.9659002274491103,
      "nemd": 0.9948474214232759,
      "ocr_text": 0.8516129032258064,
      "psnr": 0.3665139661576725,
      "ssim": 0.7199317812919617
    },
    "profile": {
      "ciede2000": 0.9420720429957534,
      "mae": 0.9711577013354235,
      "nemd": 0.9950966227755726,
      "ocr_text": 0.8669950738916257,
      "psnr": 0.3780587449142647,
      "ssim": 0.7128820419311523
    },
    "signup": {
      "ciede2000": 0.9185604676126307,
      "mae": 0.9613639585671971,
      "nemd": 0.9946258535124899,
      "ocr_text": 0.898989898989899,
      "psnr": 0.35560024860233874,
      "ssim": 0.6806681752204895
    },
    "tools": {
      "ciede2000": 0.9286521083834067,
      "mae": 0.963389588911526,
      "nemd": 0.99308032400705,
      "ocr_text": 0.9035812672176308,
      "psnr": 0.3550491574674096,
      "ssim": 0.6295672059059143
    }
  },
  "aggregate": {
    "ciede2000": 0.911813442047685,
    "mae": 0.9577978565623976,
    "nemd": 0.9924294385380408,
    "ocr_text": 0.8663133531565512,
    "psnr": 0.3547057248062894,
    "ssim": 0.664823864187513
  },
  "missing": []
}