{
  "per_page": {
    "careers": {
      "dists": 0.7588459849357605,
      "lpips": 0.4675567150115967,
      "ms_ssim": 0.29470759630203247,
      "websight": 0.5299427154243633,
      "ciede2000": 0.4639648607302179,
      "mae": 0.782611720243653,
      "nemd": 0.956612176988851,
      "psnr": 0.2350945577490511,
      "ssim": 0.24096639454364777
    },
    "faq": {
      "dists": 0.7633899450302124,
      "lpips": 0.4753287434577942,
      "ms_ssim": 0.26787254214286804,
      "websight": 0.5451178937853373,
      "ciede2000": 0.5158653202893484,
      "mae": 0.8005679221729243,
      "nemd": 0.9682193059990876,
      "psnr": 0.24631893668067617,
      "ssim": 0.21531479060649872
    },
    "home": {
      "dists": 0.7809760570526123,
      "lpips": 0.5948296785354614,
      "ms_ssim": 0.38797831535339355,
      "websight": 0.5992700121341608,
      "ciede2000": 0.6698362263275723,
      "mae": 0.8611540436005626,
      "nemd": 0.9612986128279932,
      "psnr": 0.2852105449013856,
      "ssim": 0.3420403301715851
    },
    "pricing": {
      "dists": 0.7768517136573792,
      "lpips": 0.48415398597717285,
      "ms_ssim": 0.32674142718315125,
      "websight": 0.5808920247454039,
      "ciede2000": 0.5239501465383907,
      "mae": 0.8088213058110298,
      "nemd": 0.9579992274663762,
      "psnr": 0.2477471687969118,
      "ssim": 0.26217350363731384
    },
    "testimonials": {
      "dists": 0.7703143358230591,
      "lpips": 0.5087069571018219,
      "ms_ssim": 0.293590784072876,
      "websight": 0.555239438531868,
      "ciede2000": 0.5485565515441726,
      "mae": 0.8151830834991001,
      "nemd": 0.962728486729129,
      "psnr": 0.25279355547061605,
      "ssim": 0.25229355692863464
    }
  },
  "aggregate": {
    "dists": 0.7700756072998047,
    "lpips": 0.5061152160167695,
    "ms_ssim": 0.3141781330108643,
    "websight": 0.5620924169242267,
    "ciede2000": 0.5444346210859404,
    "mae": 0.8136676150654539,
    "nemd": 0.9613715620022875,
    "psnr": 0.2534329527197281,
    "ssim": 0.262557715177536
  },
  "missing": []
}