{
  "per_page": {
    "blog": {
      "dists": 0.7872525453567505,
      "lpips": 0.49017101526260376,
      "ms_ssim": 0.3730334937572479,
      "websight": 0.5345589147700099,
      "ciede2000": 0.5822383686847963,
      "mae": 0.7866967360302588,
      "nemd": 0.9223412917194371,
      "psnr": 0.2377700912020202,
      "ssim": 0.3945583403110504
    },
    "courses": {
      "dists": 0.7911349534988403,
      "lpips": 0.4564815163612366,
      "ms_ssim": 0.3289217948913574,
      "websight": 0.5184055799755727,
      "ciede2000": 0.62521918570236,
      "mae": 0.8176466807265542,
      "nemd": 0.9392063092372214,
      "psnr": 0.2608136103095101,
      "ssim": 0.3953615725040436
    },
    "faq": {
      "dists": 0.8044350743293762,
      "lpips": 0.5303056836128235,
      "ms_ssim": 0.4242996275424957,
      "websight": 0.5432793372141645,
      "ciede2000": 0.6264203586499602,
      "mae": 0.8278726508544872,
      "nemd": 0.9521934747981095,
      "psnr": 0.25820289603036545,
      "ssim": 0.3894999027252197
    },
    "home": {
      "dists": 0.784159243106842,
      "lpips": 0.4819372296333313,
      "ms_ssim": 0.352315753698349,
      "websight": 0.4688830228712277,
      "ciede2000": 0.607120129437096,
      "mae": 0.8047650407785352,
      "nemd": 0.9055337498749954,
      "psnr": 0.24978099333768694,
      "ssim": 0.32375767827033997
    },
    "instructors": {
      "dists": 0.7725226283073425,
      "lpips": 0.4181201457977295,
      "ms_ssim": 0.3485771119594574,
      "websight": 0.4589276896870655,
      "ciede2000": 0.5485832833426484,
      "mae": 0.7693578668827507,
      "nemd": 0.8740953137417689,
      "psnr": 0.23464505487934026,
      "ssim": 0.3157797157764435
    },
    "resources": {
      "dists": 0.7991775274276733,
      "lpips": 0.4759538173675537,
      "ms_ssim": 0.2916967570781708,
      "websight": 0.5412556051261841,
      "ciede2000": 0.6476679232127982,
      "mae": 0.8269976436188511,
      "nemd": 0.9392067012080441,
      "psnr": 0.26000143238642437,
      "ssim": 0.3714085817337036
    },
    "schedule": {
      "dists": 0.8019300699234009,
      "lpips": 0.5297693610191345,
      "ms_ssim": 0.4044877588748932,
      "websight": 0.5321672973018022,
      "ciede2000": 0.6667170898042301,
      "mae": 0.8457281216280185,
      "nemd": 0.9337230566713759,
      "psnr": 0.2685719240244622,
      "ssim": 0.3789472281932831
    }
  },
  "aggregate": {
    "dists": 0.7915160059928894,
    "lpips": 0.48324839557920185,
    "ms_ssim": 0.36047604254313875,
    "websight": 0.513925349563718,
    "ciede2000": 0.614852334119127,
    "mae": 0.8112949629313508,
    "nemd": 0.9237571281787075,
    "psnr": 0.25282657173854417,
    "ssim": 0.36704471707344055
  },
  "missing": []
}