{
  "per_page": {
    "about": {
      "dists": 0.8423951864242554,
      "lpips": 0.5792042911052704,
      "ms_ssim": 0.3851732313632965,
      "websight": 0.6362324675153905,
      "ciede2000": 0.6506347164408923,
      "mae": 0.8001925330831922,
      "nemd": 0.9563115109505897,
      "ocr_text": 0.9534883720930233,
      "psnr": 0.2328825483039064,
      "ssim": 0.3535598814487457
    },
    "category": {
      "dists": 0.8656307458877563,
      "lpips": 0.6193958222866058,
      "ms_ssim": 0.4487631320953369,
      "websight": 0.6164900998647597,
      "ciede2000": 0.5624355415569892,
      "mae": 0.7634813671023966,
      "nemd": 0.9525967210557725,
      "ocr_text": 0.7714285714285716,
      "psnr": 0.21346416700575893,
      "ssim": 0.3851753771305084
    },
    "contact": {
      "dists": 0.8119995594024658,
      "lpips": 0.6052142083644867,
      "ms_ssim": 0.3913198709487915,
      "websight": 0.5842557154991777,
      "ciede2000": 0.5689607084733885,
      "mae": 0.7737997739231488,
      "nemd": 0.9532373132081767,
      "ocr_text": 0.7632508833922262,
      "psnr": 0.21292180062732693,
      "ssim": 0.3148418962955475
    },
    "home": {
      "dists": 0.8211848139762878,
      "lpips": 0.5402304828166962,
      "ms_ssim": 0.31500306725502014,
      "websight": 0.57255754217957,
      "ciede2000": 0.4908751160268615,
      "mae": 0.7157127397803302,
      "nemd": 0.9339897429637419,
      "ocr_text": 0.8609865470852017,
      "psnr": 0.19402980541557607,
      "ssim": 0.26557204127311707
    },
    "latest": {
      "dists": 0.8429381251335144,
      "lpips": 0.6261451244354248,
      "ms_ssim": 0.33020105957984924,
      "websight": 0.5815916574705502,
      "ciede2000": 0.7090322324284871,
      "mae": 0.8386007711354018,
      "nemd": 0.9620079284122316,
      "ocr_text": 0.7839195979899498,
      "psnr": 0.25328443280916146,
      "ssim": 0.31688153743743896
    }
  },
  "aggregate": {
    "dists": 0.836829686164856,
    "lpips": 0.5940379858016968,
    "ms_ssim": 0.37409207224845886,
    "websight": 0.5982254965058896,
    "ciede2000": 0.5963876629853238,
    "mae": 0.778357437004894,
    "nemd": 0.9516286433181026,
    "ocr_text": 0.8266147943977945,
    "psnr": 0.22131655083234594,
    "ssim": 0.32720614671707154
  },
  "missing": []
}