{
  "per_page": {
    "about": {
      "dists": 0.840299665927887,
      "lpips": 0.5328468680381775,
      "ms_ssim": 0.20701788365840912,
      "websight": 0.48823810738901935,
      "ciede2000": 0.601419857216074,
      "mae": 0.7806099912814669,
      "nemd": 0.9566384080570769,
      "psnr": 0.20889867244634414,
      "ssim": 0.19713222980499268
    },
    "account": {
      "dists": 0.868028998374939,
      "lpips": 0.603768527507782,
      "ms_ssim": 0.35220077633857727,
      "websight": 0.5367741143261945,
      "ciede2000": 0.6403766923679401,
      "mae": 0.8210358265622721,
      "nemd": 0.9621917109080467,
      "psnr": 0.2293354723936823,
      "ssim": 0.3230328857898712
    },
    "cart": {
      "dists": 0.8494619727134705,
      "lpips": 0.642809271812439,
      "ms_ssim": 0.36224237084388733,
      "websight": 0.5652957497135042,
      "ciede2000": 0.6306710013057177,
      "mae": 0.8117742614278222,
      "nemd": 0.966041952376503,
      "psnr": 0.22394553669643497,
      "ssim": 0.32869866490364075
    },
    "faq": {
      "dists": 0.8450907468795776,
      "lpips": 0.6409973800182343,
      "ms_ssim": 0.3044099509716034,
      "websight": 0.6076202223645174,
      "ciede2000": 0.6431269378339184,
      "mae": 0.8194762454107157,
      "nemd": 0.9671656887227125,
      "psnr": 0.22724460574797722,
      "ssim": 0.31254419684410095
    },
    "home": {
      "dists": 0.8426861763000488,
      "lpips": 0.5439267754554749,
      "ms_ssim": 0.29763665795326233,
      "websight": 0.5330708773047835,
      "ciede2000": 0.6095106700865476,
      "mae": 0.7921583423174539,
      "nemd": 0.9603564103553659,
      "psnr": 0.22130949100008157,
      "ssim": 0.22733235359191895
    },
    "orders": {
      "dists": 0.8452503681182861,
      "lpips": 0.5722910463809967,
      "ms_ssim": 0.14183561503887177,
      "websight": 0.47985555679579966,
      "ciede2000": 0.6011275643443454,
      "mae": 0.7934039622910432,
      "nemd": 0.9606667883566978,
      "psnr": 0.21107649680669618,
      "ssim": 0.18612010776996613
    }
  },
  "aggregate": {
    "dists": 0.8484696547190348,
    "lpips": 0.5894399782021841,
    "ms_ssim": 0.27755720913410187,
    "websight": 0.5351424379823031,
    "ciede2000": 0.6210387871924238,
    "mae": 0.803076438215129,
    "nemd": 0.9621768264627337,
    "psnr": 0.22030171251520272,
    "ssim": 0.26247673978408176
  },
  "missing": []
}