{
  "per_page": {
    "about": {
      "dists": 0.8200311064720154,
      "lpips": 0.6773249506950378,
      "ms_ssim": 0.5627655386924744,
      "websight": 0.6986759772061041,
      "ciede2000": 0.8677962116542556,
      "mae": 0.945002990093982,
      "nemd": 0.9847703634460883,
      "psnr": 0.3631998879732032,
      "ssim": 0.5389965176582336
    },
    "account": {
      "dists": 0.8514336347579956,
      "lpips": 0.650475025177002,
      "ms_ssim": 0.5224453806877136,
      "websight": 0.6394673976558871,
      "ciede2000": 0.8335890972007081,
      "mae": 0.9327188751354049,
      "nemd": 0.9869251477876706,
      "psnr": 0.3376951199055726,
      "ssim": 0.5386067628860474
    },
    "cart": {
      "dists": 0.8485198020935059,
      "lpips": 0.7035135328769684,
      "ms_ssim": 0.6210535168647766,
      "websight": 0.6398145914729176,
      "ciede2000": 0.8664673522633598,
      "mae": 0.946709310628748,
      "nemd": 0.985869645357693,
      "psnr": 0.36116753815994135,
      "ssim": 0.5757418870925903
    },
    "contact": {
      "dists": 0.8257930278778076,
      "lpips": 0.6145370304584503,
      "ms_ssim": 0.5401991009712219,
      "websight": 0.6526101479193651,
      "ciede2000": 0.8675229093459799,
      "mae": 0.9462428175618073,
      "nemd": 0.9853391974260264,
      "psnr": 0.3624318776771307,
      "ssim": 0.50284343957901
    },
    "home": {
      "dists": 0.8314990401268005,
      "lpips": 0.6155783534049988,
      "ms_ssim": 0.5100604891777039,
      "websight": 0.5792250024235767,
      "ciede2000": 0.8233773982141697,
      "mae": 0.9305271681726058,
      "nemd": 0.9822145650983081,
      "psnr": 0.3422746393769207,
      "ssim": 0.5219090580940247
    },
    "shipping": {
      "dists": 0.8535526394844055,
      "lpips": 0.666159063577652,
      "ms_ssim": 0.5564447641372681,
      "websight": 0.7075888621273325,
      "ciede2000": 0.8826046316783545,
      "mae": 0.9509848170483222,
      "nemd": 0.9876728065789554,
      "psnr": 0.373395707636957,
      "ssim": 0.5245123505592346
    },
    "shop": {
      "dists": 0.8105837106704712,
      "lpips": 0.5157168507575989,
      "ms_ssim": 0.36686989665031433,
      "websight": 0.4909435853190806,
      "ciede2000": 0.7638331229456039,
      "mae": 0.9018527954793029,
      "nemd": 0.9770704135470922,
      "psnr": 0.3118061449511132,
      "ssim": 0.395013689994812
    }
  },
  "aggregate": {
    "dists": 0.8344875659261431,
    "lpips": 0.6347578295639583,
    "ms_ssim": 0.5256912410259247,
    "websight": 0.6297607948748948,
    "ciede2000": 0.8435986747574902,
    "mae": 0.936291253445739,
    "nemd": 0.9842660198916905,
    "psnr": 0.350281559382977,
    "ssim": 0.5139462436948504
  },
  "missing": []
}