{
  "per_page": {
    "contact": {
      "dists": 0.8298001289367676,
      "lpips": 0.5651931762695312,
      "ms_ssim": 0.24960780143737793,
      "websight": 0.5887889129954552,
      "ciede2000": 0.7599187448677717,
      "mae": 0.8638723688115963,
      "nemd": 0.9804115023420001,
      "psnr": 0.2643455367843923,
      "ssim": 0.23867207765579224
    },
    "faq": {
      "dists": 0.7441656589508057,
      "lpips": 0.436076283454895,
      "ms_ssim": 0.16300761699676514,
      "websight": 0.5166851356517106,
      "ciede2000": 0.6197179192355614,
      "mae": 0.8068672664718062,
      "nemd": 0.9318369282155797,
      "psnr": 0.24846638923670256,
      "ssim": 0.15008218586444855
    },
    "home": {
      "dists": 0.845440685749054,
      "lpips": 0.5145124793052673,
      "ms_ssim": 0.17253534495830536,
      "websight": 0.5452324583058604,
      "ciede2000": 0.7395360059095841,
      "mae": 0.8510659332035909,
      "nemd": 0.985058011842427,
      "psnr": 0.25782545819516023,
      "ssim": 0.15313364565372467
    },
    "press": {
      "dists": 0.7887332439422607,
      "lpips": 0.4664403200149536,
      "ms_ssim": 0.26347553730010986,
      "websight": 0.5560451509417953,
      "ciede2000": 0.5729399451469726,
      "mae": 0.7984774724437798,
      "nemd": 0.9328570387673243,
      "psnr": 0.24354977704299102,
      "ssim": 0.19766990840435028
    },
    "pricing": {
      "dists": 0.8428240418434143,
      "lpips": 0.5403748452663422,
      "ms_ssim": 0.2288246899843216,
      "websight": 0.5804357055029264,
      "ciede2000": 0.7474244918950389,
      "mae": 0.8580392100904288,
      "nemd": 0.9764438951147667,
      "psnr": 0.26146490830748137,
      "ssim": 0.22130435705184937
    },
    "resources": {
      "dists": 0.8393319845199585,
      "lpips": 0.6225241124629974,
      "ms_ssim": 0.3456084430217743,
      "websight": 0.6323907955613717,
      "ciede2000": 0.7792132826282601,
      "mae": 0.8770748777106967,
      "nemd": 0.9705318811955397,
      "psnr": 0.2722662864453695,
      "ssim": 0.2945822775363922
    },
    "services": {
      "dists": 0.8311532735824585,
      "lpips": 0.5476801991462708,
      "ms_ssim": 0.2305411845445633,
      "websight": 0.57714739829411,
      "ciede2000": 0.741299879660259,
      "mae": 0.8548586681404589,
      "nemd": 0.9789192812053207,
      "psnr": 0.25961368332493656,
      "ssim": 0.20260505378246307
    }
  },
  "aggregate": {
    "dists": 0.8173498596463885,
    "lpips": 0.5275430594171796,
    "ms_ssim": 0.23622865974903107,
    "websight": 0.5709607938933184,
    "ciede2000": 0.7085786099062068,
    "mae": 0.844322256696051,
    "nemd": 0.9651512198118511,
    "psnr": 0.2582188627624334,
    "ssim": 0.20829278656414577
  },
  "missing": []
}