{
  "per_page": {
    "home": {
      "dists": 0.7648493647575378,
      "lpips": 0.39727652072906494,
      "ms_ssim": 0.288158655166626,
      "websight": 0.3854214759816262,
      "ciede2000": 0.3092392678461162,
      "mae": 0.7356808126039018,
      "nemd": 0.940478815012828,
      "psnr": 0.221355967876256,
      "ssim": 0.21173179149627686
    },
    "messages": {
      "dists": 0.7824937701225281,
      "lpips": 0.5072647929191589,
      "ms_ssim": 0.39126238226890564,
      "websight": 0.5106339471508757,
      "ciede2000": 0.5246521469594085,
      "mae": 0.8169384540729043,
      "nemd": 0.9242394923950469,
      "psnr": 0.24779800336814772,
      "ssim": 0.31534039974212646
    },
    "notifications": {
      "dists": 0.8037014603614807,
      "lpips": 0.405239999294281,
      "ms_ssim": 0.30087631940841675,
      "websight": 0.4196239156908039,
      "ciede2000": 0.32639369254562367,
      "mae": 0.7568363087708202,
      "nemd": 0.9520230065349182,
      "psnr": 0.23111897684887825,
      "ssim": 0.2390306442975998
    },
    "profile": {
      "dists": 0.8034243583679199,
      "lpips": 0.5064343512058258,
      "ms_ssim": 0.3732340633869171,
      "websight": 0.4820981204152821,
      "ciede2000": 0.5794391515039465,
      "mae": 0.8508233394132847,
      "nemd": 0.9594573400774571,
      "psnr": 0.28207292294204395,
      "ssim": 0.32791540026664734
    },
    "search": {
      "dists": 0.837506890296936,
      "lpips": 0.4862183928489685,
      "ms_ssim": 0.2857681214809418,
      "websight": 0.4248737196127574,
      "ciede2000": 0.5810199584309612,
      "mae": 0.8350527604590223,
      "nemd": 0.9574839864751344,
      "psnr": 0.27270784170077705,
      "ssim": 0.26240742206573486
    }
  },
  "aggregate": {
    "dists": 0.7983951687812805,
    "lpips": 0.46048681139945985,
    "ms_ssim": 0.32785990834236145,
    "websight": 0.44453023577026907,
    "ciede2000": 0.46414884345721125,
    "mae": 0.7990663350639867,
    "nemd": 0.9467365280990769,
    "psnr": 0.2510107425472206,
    "ssim": 0.27128513157367706
  },
  "missing": []
}