{
  "per_page": {
    "home": {
      "dists": 0.8186038732528687,
      "lpips": 0.5688835978507996,
      "ms_ssim": 0.28338149189949036,
      "websight": 0.5550651797925793,
      "ciede2000": 0.47705106072010073,
      "mae": 0.72536674291939,
      "nemd": 0.963123514811198,
      "psnr": 0.1828620741256901,
      "ssim": 0.30202755331993103
    },
    "profile": {
      "dists": 0.8092861175537109,
      "lpips": 0.5334987044334412,
      "ms_ssim": 0.22602730989456177,
      "websight": 0.47873237652118217,
      "ciede2000": 0.4803081820625521,
      "mae": 0.7255488303376907,
      "nemd": 0.9654266798231337,
      "psnr": 0.1843601463847544,
      "ssim": 0.22507505118846893
    },
    "search": {
      "dists": 0.8206392526626587,
      "lpips": 0.5459909439086914,
      "ms_ssim": 0.21006359159946442,
      "websight": 0.46617644209906733,
      "ciede2000": 0.47863513679835823,
      "mae": 0.7236288494008715,
      "nemd": 0.9678469584147136,
      "psnr": 0.18238244928712458,
      "ssim": 0.2060919553041458
    },
    "settings": {
      "dists": 0.8422667384147644,
      "lpips": 0.5975551903247833,
      "ms_ssim": 0.31640419363975525,
      "websight": 0.5463189379922274,
      "ciede2000": 0.649217255297841,
      "mae": 0.8113247499803135,
      "nemd": 0.9555734533184823,
      "psnr": 0.227971605753971,
      "ssim": 0.32355812191963196
    },
    "trending": {
      "dists": 0.852755069732666,
      "lpips": 0.5698446929454803,
      "ms_ssim": 0.34660372138023376,
      "websight": 0.5527132535231082,
      "ciede2000": 0.6651898681877242,
      "mae": 0.8120105478505766,
      "nemd": 0.9745003268440888,
      "psnr": 0.22885064715918432,
      "ssim": 0.37665343284606934
    }
  },
  "aggregate": {
    "dists": 0.8287102103233337,
    "lpips": 0.5631546258926392,
    "ms_ssim": 0.27649606168270113,
    "websight": 0.5198012379856329,
    "ciede2000": 0.5500803006133153,
    "mae": 0.7595759440977684,
    "nemd": 0.9652941866423232,
    "psnr": 0.20128538454214487,
    "ssim": 0.2866812229156494
  },
  "missing": []
}