{
  "per_page": {
    "billing": {
      "dists": 0.8461459279060364,
      "lpips": 0.7943247407674789,
      "ms_ssim": 0.7514168620109558,
      "websight": 0.7736349182744179,
      "ciede2000": 0.9142003449224024,
      "mae": 0.9576273611021233,
      "nemd": 0.9855219155379078,
      "ocr_text": 0.8651162790697675,
      "psnr": 0.35627689269606044,
      "ssim": 0.7308198809623718
    },
    "docs": {
      "dists": 0.8532128930091858,
      "lpips": 0.7742721885442734,
      "ms_ssim": 0.6990508437156677,
      "websight": 0.7891084574654353,
      "ciede2000": 0.9247275276189919,
      "mae": 0.9627157683086895,
      "nemd": 0.9887486192046618,
      "ocr_text": 0.9239130434782609,
      "psnr": 0.3753650165885779,
      "ssim": 0.696418285369873
    },
    "home": {
      "dists": 0.8750754594802856,
      "lpips": 0.7419612109661102,
      "ms_ssim": 0.6497238278388977,
      "websight": 0.7407217972567587,
      "ciede2000": 0.8680952404891396,
      "mae": 0.9380811421451074,
      "nemd": 0.9861331079667516,
      "ocr_text": 0.8614232209737828,
      "psnr": 0.3262248459067116,
      "ssim": 0.6290724277496338
    },
    "login": {
      "dists": 0.8271030187606812,
      "lpips": 0.773605614900589,
      "ms_ssim": 0.7207615971565247,
      "websight": 0.7557451580214863,
      "ciede2000": 0.9059407147990537,
      "mae": 0.9578240062834862,
      "nemd": 0.9912057915698023,
      "ocr_text": 0.8104575163398693,
      "psnr": 0.36396928451453275,
      "ssim": 0.7072937488555908
    },
    "profile": {
      "dists": 0.8473405838012695,
      "lpips": 0.7674352824687958,
      "ms_ssim": 0.7532464861869812,
      "websight": 0.7747984098063575,
      "ciede2000": 0.9272623408029586,
      "mae": 0.9659161641445747,
      "nemd": 0.9889337256583456,
      "ocr_text": 0.8144329896907216,
      "psnr": 0.38336187819852147,
      "ssim": 0.7164106369018555
    },
    "signup": {
      "dists": 0.8420858383178711,
      "lpips": 0.7676605433225632,
      "ms_ssim": 0.7198733687400818,
      "websight": 0.7560416013525243,
      "ciede2000": 0.8997283625523621,
      "mae": 0.95458353004123,
      "nemd": 0.9888719357673721,
      "ocr_text": 0.8191489361702128,
      "psnr": 0.3586047125854989,
      "ssim": 0.6835352778434753
    },
    "tools": {
      "dists": 0.8250268697738647,
      "lpips": 0.7371874749660492,
      "ms_ssim": 0.6321538090705872,
      "websight": 0.7664797341382062,
      "ciede2000": 0.9094060534143057,
      "mae": 0.956291932509455,
      "nemd": 0.9865940016628634,
      "ocr_text": 0.9196675900277008,
      "psnr": 0.35779578418906455,
      "ssim": 0.5994185209274292
    }
  },
  "aggregate": {
    "dists": 0.8451415130070278,
    "lpips": 0.7652067222765514,
    "ms_ssim": 0.7037466849599566,
    "websight": 0.7652185823307409,
    "ciede2000": 0.9070515120856021,
    "mae": 0.9561485577906665,
    "nemd": 0.9880012996239577,
    "ocr_text": 0.8591656536786164,
    "psnr": 0.36022834495413825,
    "ssim": 0.6804241112300328
  },
  "missing": []
}