{
  "per_page": {
    "home": {
      "dists": 0.8154656887054443,
      "lpips": 0.47316598892211914,
      "ms_ssim": 0.3919713497161865,
      "websight": 0.5519127251893065,
      "ciede2000": 0.4937795606978137,
      "mae": 0.8230675771824275,
      "nemd": 0.9618282045830356,
      "psnr": 0.26374253694967603,
      "ssim": 0.3403065502643585
    },
    "messages": {
      "dists": 0.799738883972168,
      "lpips": 0.5512514710426331,
      "ms_ssim": 0.4352222979068756,
      "websight": 0.5536830390318355,
      "ciede2000": 0.5881940569201851,
      "mae": 0.837444493793043,
      "nemd": 0.9353238349704045,
      "psnr": 0.2536244640093995,
      "ssim": 0.3880041837692261
    },
    "notifications": {
      "dists": 0.8165870308876038,
      "lpips": 0.47033077478408813,
      "ms_ssim": 0.37135347723960876,
      "websight": 0.5044945406439837,
      "ciede2000": 0.5058633580756828,
      "mae": 0.8240488298545224,
      "nemd": 0.9628588333403336,
      "psnr": 0.26237183957070526,
      "ssim": 0.30801236629486084
    },
    "profile": {
      "dists": 0.8311344385147095,
      "lpips": 0.5799989700317383,
      "ms_ssim": 0.5086284279823303,
      "websight": 0.6236810541342175,
      "ciede2000": 0.6273989594930259,
      "mae": 0.8704007506401488,
      "nemd": 0.9717363513210285,
      "psnr": 0.2900658889265592,
      "ssim": 0.46544814109802246
    },
    "search": {
      "dists": 0.8190169334411621,
      "lpips": 0.5047126710414886,
      "ms_ssim": 0.34909674525260925,
      "websight": 0.5017452657996834,
      "ciede2000": 0.5746449494453029,
      "mae": 0.8406053181129083,
      "nemd": 0.9564513311351925,
      "psnr": 0.2708206763359861,
      "ssim": 0.3065725862979889
    }
  },
  "aggregate": {
    "dists": 0.8163885951042176,
    "lpips": 0.5158919751644134,
    "ms_ssim": 0.4112544596195221,
    "websight": 0.5471033249598053,
    "ciede2000": 0.5579761769264021,
    "mae": 0.83911339391661,
    "nemd": 0.957639711069999,
    "psnr": 0.26812508115846523,
    "ssim": 0.36166876554489136
  },
  "missing": []
}