{
  "per_page": {
    "about": {
      "dists": 0.8720808029174805,
      "lpips": 0.7143106460571289,
      "ms_ssim": 0.6301857829093933,
      "websight": 0.7615426329598911,
      "ciede2000": 0.9070761444588185,
      "mae": 0.9466756338088549,
      "nemd": 0.9904029309849847,
      "psnr": 0.3579228796128854,
      "ssim": 0.6551740765571594
    },
    "cart": {
      "dists": 0.8463563323020935,
      "lpips": 0.7140288352966309,
      "ms_ssim": 0.6620940566062927,
      "websight": 0.7603641738814693,
      "ciede2000": 0.892006948283643,
      "mae": 0.9329545029829898,
      "nemd": 0.988793490808787,
      "psnr": 0.33096559917496904,
      "ssim": 0.6419438123703003
    },
    "category": {
      "dists": 0.858943521976471,
      "lpips": 0.6708134710788727,
      "ms_ssim": 0.565026581287384,
      "websight": 0.7122201853559845,
      "ciede2000": 0.8417515223294117,
      "mae": 0.913090738457725,
      "nemd": 0.961289841378441,
      "psnr": 0.31480467814455326,
      "ssim": 0.5783488154411316
    },
    "faq": {
      "dists": 0.8783433437347412,
      "lpips": 0.7588371336460114,
      "ms_ssim": 0.6568233370780945,
      "websight": 0.8052431001663208,
      "ciede2000": 0.9389826372936776,
      "mae": 0.9630369718688793,
      "nemd": 0.99240266176706,
      "psnr": 0.38366888165086255,
      "ssim": 0.671901524066925
    },
    "home": {
      "dists": 0.8697075843811035,
      "lpips": 0.7471525073051453,
      "ms_ssim": 0.6761102676391602,
      "websight": 0.7769482581687153,
      "ciede2000": 0.9071647009948419,
      "mae": 0.9472424865033015,
      "nemd": 0.9797610328905983,
      "psnr": 0.35485417133615027,
      "ssim": 0.6849907040596008
    },
    "wishlist": {
      "dists": 0.8760715126991272,
      "lpips": 0.7503485381603241,
      "ms_ssim": 0.6660175919532776,
      "websight": 0.77778862754311,
      "ciede2000": 0.8961404284403512,
      "mae": 0.9432327222645718,
      "nemd": 0.9768999044529563,
      "psnr": 0.3476782373817503,
      "ssim": 0.671948254108429
    }
  },
  "aggregate": {
    "dists": 0.8669171830018362,
    "lpips": 0.7259151885906855,
    "ms_ssim": 0.6427096029122671,
    "websight": 0.7656844963459152,
    "ciede2000": 0.8971870636334573,
    "mae": 0.9410388426477204,
    "nemd": 0.9815916437138047,
    "psnr": 0.3483157412168618,
    "ssim": 0.6507178644339243
  },
  "missing": []
}