{
  "per_page": {
    "about": {
      "dists": 0.7756413817405701,
      "lpips": 0.6452241539955139,
      "ms_ssim": 0.5292549729347229,
      "websight": 0.6884609438754894,
      "ciede2000": 0.8639597600306819,
      "mae": 0.9464807454993226,
      "nemd": 0.9897690466829242,
      "psnr": 0.36375844781918837,
      "ssim": 0.48335370421409607
    },
    "account": {
      "dists": 0.8554301261901855,
      "lpips": 0.6926388144493103,
      "ms_ssim": 0.6215686798095703,
      "websight": 0.694569510894612,
      "ciede2000": 0.8845468734707252,
      "mae": 0.9552796022443738,
      "nemd": 0.9911759673485026,
      "psnr": 0.3692830331307137,
      "ssim": 0.5845634341239929
    },
    "cart": {
      "dists": 0.8609299063682556,
      "lpips": 0.729951024055481,
      "ms_ssim": 0.6558108925819397,
      "websight": 0.6606164229454967,
      "ciede2000": 0.8977841875022817,
      "mae": 0.9616894611182761,
      "nemd": 0.9937783119053286,
      "psnr": 0.3831206110211546,
      "ssim": 0.615371584892273
    },
    "contact": {
      "dists": 0.8309471011161804,
      "lpips": 0.7167848944664001,
      "ms_ssim": 0.6912791132926941,
      "websight": 0.7375729880710639,
      "ciede2000": 0.9171794009218522,
      "mae": 0.9694359050866723,
      "nemd": 0.9935456236318689,
      "psnr": 0.40711191682815917,
      "ssim": 0.6585408449172974
    },
    "home": {
      "dists": 0.8131051659584045,
      "lpips": 0.5977450013160706,
      "ms_ssim": 0.5314178466796875,
      "websight": 0.596662700903125,
      "ciede2000": 0.8396744483741988,
      "mae": 0.9363693312845698,
      "nemd": 0.9830413709272667,
      "psnr": 0.35748513448224184,
      "ssim": 0.5390805602073669
    },
    "shipping": {
      "dists": 0.8376486301422119,
      "lpips": 0.6550034582614899,
      "ms_ssim": 0.5686507821083069,
      "websight": 0.6987384988302638,
      "ciede2000": 0.8975177883656451,
      "mae": 0.9587351726461968,
      "nemd": 0.9925694727421187,
      "psnr": 0.3782567236170736,
      "ssim": 0.5388625264167786
    },
    "shop": {
      "dists": 0.803522527217865,
      "lpips": 0.5366457104682922,
      "ms_ssim": 0.3844348192214966,
      "websight": 0.49164222784531425,
      "ciede2000": 0.7992584345222021,
      "mae": 0.9160367483660131,
      "nemd": 0.9865995958116319,
      "psnr": 0.3246379452476669,
      "ssim": 0.40617528557777405
    }
  },
  "aggregate": {
    "dists": 0.8253178341048104,
    "lpips": 0.6534275795732226,
    "ms_ssim": 0.5689167295183454,
    "websight": 0.6526090419093379,
    "ciede2000": 0.8714172704553697,
    "mae": 0.949146709463632,
    "nemd": 0.9900684841499487,
    "psnr": 0.3690934017351712,
    "ssim": 0.5465639914785113
  },
  "missing": []
}