{
  "per_page": {
    "api": {
      "dists": 0.8137181401252747,
      "lpips": 0.4673166275024414,
      "ms_ssim": 0.42752107977867126,
      "websight": 0.5399328337775336,
      "ciede2000": 0.6408082597174558,
      "mae": 0.814600173284023,
      "nemd": 0.9659584018259286,
      "psnr": 0.23902173263170298,
      "ssim": 0.42475783824920654
    },
    "home": {
      "dists": 0.7864319682121277,
      "lpips": 0.4446888566017151,
      "ms_ssim": 0.3974418640136719,
      "websight": 0.49732507069905596,
      "ciede2000": 0.7426388426919277,
      "mae": 0.8642800460549902,
      "nemd": 0.9574013834406498,
      "psnr": 0.28735943004586373,
      "ssim": 0.3302566111087799
    },
    "integrations": {
      "dists": 0.7630721926689148,
      "lpips": 0.4064943194389343,
      "ms_ssim": 0.25608453154563904,
      "websight": 0.5154753586711434,
      "ciede2000": 0.6615413214704043,
      "mae": 0.8316927728945984,
      "nemd": 0.9740281117172533,
      "psnr": 0.2550845827402062,
      "ssim": 0.22509711980819702
    },
    "login": {
      "dists": 0.7418351173400879,
      "lpips": 0.34730619192123413,
      "ms_ssim": 0.3335229158401489,
      "websight": 0.458581453999557,
      "ciede2000": 0.6755200798114601,
      "mae": 0.844562163502692,
      "nemd": 0.9761783362764348,
      "psnr": 0.26402949238674156,
      "ssim": 0.36057916283607483
    },
    "profile": {
      "dists": 0.7901517152786255,
      "lpips": 0.43404388427734375,
      "ms_ssim": 0.3218481242656708,
      "websight": 0.5042778774343356,
      "ciede2000": 0.7063361439877907,
      "mae": 0.847572301833851,
      "nemd": 0.9690772080516219,
      "psnr": 0.26833546070244624,
      "ssim": 0.3015439510345459
    }
  },
  "aggregate": {
    "dists": 0.7790418267250061,
    "lpips": 0.41996997594833374,
    "ms_ssim": 0.3472837030887604,
    "websight": 0.5031185189163251,
    "ciede2000": 0.6853689295358076,
    "mae": 0.8405414915140309,
    "nemd": 0.9685286882623776,
    "psnr": 0.2627661397013922,
    "ssim": 0.32844693660736085
  },
  "missing": []
}