{
  "per_page": {
    "home": {
      "dists": 0.8517130613327026,
      "lpips": 0.6177597343921661,
      "ms_ssim": 0.5464501976966858,
      "websight": 0.6520382845821092,
      "ciede2000": 0.7387750847761403,
      "mae": 0.8634497650452204,
      "nemd": 0.9514166080655686,
      "psnr": 0.27632920024227803,
      "ssim": 0.5783271193504333
    },
    "post": {
      "dists": 0.8545768857002258,
      "lpips": 0.578829824924469,
      "ms_ssim": 0.45966899394989014,
      "websight": 0.6519596340926395,
      "ciede2000": 0.7526618542190209,
      "mae": 0.8618861727439514,
      "nemd": 0.9441455348372558,
      "psnr": 0.28336145912755034,
      "ssim": 0.503345251083374
    },
    "resume": {
      "dists": 0.8501685857772827,
      "lpips": 0.5864817500114441,
      "ms_ssim": 0.5037835240364075,
      "websight": 0.626685462585325,
      "ciede2000": 0.7638651942395118,
      "mae": 0.865459527457475,
      "nemd": 0.9549486567707746,
      "psnr": 0.28698592018798663,
      "ssim": 0.5025814175605774
    },
    "services": {
      "dists": 0.8451231122016907,
      "lpips": 0.5887830257415771,
      "ms_ssim": 0.487980455160141,
      "websight": 0.599196623362504,
      "ciede2000": 0.6165291121605798,
      "mae": 0.8055215677862645,
      "nemd": 0.9226543116944228,
      "psnr": 0.23323323052005773,
      "ssim": 0.492969274520874
    },
    "testimonials": {
      "dists": 0.8695713877677917,
      "lpips": 0.6853011250495911,
      "ms_ssim": 0.6145011186599731,
      "websight": 0.7028489470481872,
      "ciede2000": 0.8111742133843317,
      "mae": 0.9005984264961824,
      "nemd": 0.9679877935054704,
      "psnr": 0.3114668238211673,
      "ssim": 0.5815120339393616
    }
  },
  "aggregate": {
    "dists": 0.8542306065559387,
    "lpips": 0.6114310920238495,
    "ms_ssim": 0.5224768579006195,
    "websight": 0.6465457903341529,
    "ciede2000": 0.7366010917559169,
    "mae": 0.8593830919058189,
    "nemd": 0.9482305809746985,
    "psnr": 0.278275326779808,
    "ssim": 0.531747019290924
  },
  "missing": []
}