{
  "per_page": {
    "about": {
      "dists": 0.6417524218559265,
      "lpips": 0.44568365812301636,
      "ms_ssim": 0.21968381106853485,
      "websight": 0.47856021525612014,
      "ciede2000": 0.0,
      "mae": 0.35595903937706774,
      "nemd": 0.40486399601796746,
      "ocr_text": 0.7661971830985916,
      "psnr": 0.07783272972921403,
      "ssim": 0.08644497394561768
    },
    "category": {
      "dists": 0.6830445528030396,
      "lpips": 0.4503234028816223,
      "ms_ssim": 0.29037413001060486,
      "websight": 0.43889135084812,
      "ciede2000": 0.0,
      "mae": 0.4585805501089325,
      "nemd": 0.5678641262478297,
      "ocr_text": 0.583732057416268,
      "psnr": 0.10403785305729649,
      "ssim": 0.11959400773048401
    },
    "contact": {
      "dists": 0.583558976650238,
      "lpips": 0.45737701654434204,
      "ms_ssim": 0.28198063373565674,
      "websight": 0.5058622216736829,
      "ciede2000": 0.0,
      "mae": 0.3703228425960142,
      "nemd": 0.408279816667262,
      "ocr_text": 0.7803278688524591,
      "psnr": 0.0793932307876951,
      "ssim": 0.09562364965677261
    },
    "home": {
      "dists": 0.6307903528213501,
      "lpips": 0.4256480932235718,
      "ms_ssim": 0.2837527394294739,
      "websight": 0.4751453420025202,
      "ciede2000": 0.0,
      "mae": 0.4788146313135708,
      "nemd": 0.5497508450419712,
      "ocr_text": 0.6970954356846473,
      "psnr": 0.11027720139226818,
      "ssim": 0.11493731290102005
    },
    "latest": {
      "dists": 0.6174288392066956,
      "lpips": 0.44460123777389526,
      "ms_ssim": 0.25532612204551697,
      "websight": 0.4785546410778923,
      "ciede2000": 0.0,
      "mae": 0.2931652815340696,
      "nemd": 0.32578919080634383,
      "ocr_text": 0.7547169811320754,
      "psnr": 0.06412668835858565,
      "ssim": 0.0711509957909584
    }
  },
  "aggregate": {
    "dists": 0.6313150286674499,
    "lpips": 0.44472668170928953,
    "ms_ssim": 0.26622348725795747,
    "websight": 0.4754027541716671,
    "ciede2000": 0.0,
    "mae": 0.39136846898593103,
    "nemd": 0.4513095949562748,
    "ocr_text": 0.7164139052368081,
    "psnr": 0.0871335406650119,
    "ssim": 0.09755018800497055
  },
  "missing": []
}