{
  "per_page": {
    "blog": {
      "dists": 0.8682968020439148,
      "lpips": 0.6369085311889648,
      "ms_ssim": 0.4236892759799957,
      "websight": 0.6435350981233822,
      "ciede2000": 0.6654358697942389,
      "mae": 0.8426928489524464,
      "nemd": 0.9645263455676951,
      "psnr": 0.2463738246957988,
      "ssim": 0.3883359432220459
    },
    "changelog": {
      "dists": 0.9034825563430786,
      "lpips": 0.6792783737182617,
      "ms_ssim": 0.41698959469795227,
      "websight": 0.6153726231944453,
      "ciede2000": 0.734428197933769,
      "mae": 0.8672258149907089,
      "nemd": 0.9719244370128897,
      "psnr": 0.25594975910646767,
      "ssim": 0.36109164357185364
    },
    "dashboard": {
      "dists": 0.8749442100524902,
      "lpips": 0.6424919962882996,
      "ms_ssim": 0.3615974485874176,
      "websight": 0.5492874681191287,
      "ciede2000": 0.6799113187346182,
      "mae": 0.8356713314509203,
      "nemd": 0.9647575360033885,
      "psnr": 0.23720850007702618,
      "ssim": 0.3132734000682831
    },
    "docs": {
      "dists": 0.90801602602005,
      "lpips": 0.7043102085590363,
      "ms_ssim": 0.47678646445274353,
      "websight": 0.6539623626487442,
      "ciede2000": 0.7426123525533117,
      "mae": 0.8736060072923838,
      "nemd": 0.9735654080284416,
      "psnr": 0.2607991767065429,
      "ssim": 0.4193958342075348
    },
    "features": {
      "dists": 0.8919146060943604,
      "lpips": 0.6494120359420776,
      "ms_ssim": 0.40061771869659424,
      "websight": 0.6428080818968821,
      "ciede2000": 0.6873465474961439,
      "mae": 0.8511418592787349,
      "nemd": 0.9692683372754869,
      "psnr": 0.2458604975015152,
      "ssim": 0.37758955359458923
    },
    "home": {
      "dists": 0.8924006223678589,
      "lpips": 0.6482426822185516,
      "ms_ssim": 0.4478672444820404,
      "websight": 0.6555066181973275,
      "ciede2000": 0.7267411191746034,
      "mae": 0.8672422949593651,
      "nemd": 0.9785226171903763,
      "psnr": 0.2562697784062382,
      "ssim": 0.402431458234787
    },
    "pricing": {
      "dists": 0.9000722765922546,
      "lpips": 0.7237577736377716,
      "ms_ssim": 0.52531498670578,
      "websight": 0.610031665417186,
      "ciede2000": 0.7571024106000684,
      "mae": 0.8828627521214087,
      "nemd": 0.9719877494540372,
      "psnr": 0.26607027321446647,
      "ssim": 0.47887495160102844
    }
  },
  "aggregate": {
    "dists": 0.8913038713591439,
    "lpips": 0.6692002287932804,
    "ms_ssim": 0.4361232476575034,
    "websight": 0.6243577025138709,
    "ciede2000": 0.7133682594695362,
    "mae": 0.8600632727208526,
    "nemd": 0.9706503472189022,
    "psnr": 0.2526474013868651,
    "ssim": 0.3915703977857317
  },
  "missing": []
}