{
  "per_page": {
    "about": {
      "dists": 0.8808199763298035,
      "lpips": 0.6358506679534912,
      "ms_ssim": 0.3393525183200836,
      "websight": 0.6004948752697068,
      "ciede2000": 0.6782302190329714,
      "mae": 0.8328610112317536,
      "nemd": 0.9768513105423662,
      "psnr": 0.23425401610275048,
      "ssim": 0.24654163420200348
    },
    "account": {
      "dists": 0.8744875192642212,
      "lpips": 0.6920393109321594,
      "ms_ssim": 0.5124344229698181,
      "websight": 0.6064366760518816,
      "ciede2000": 0.7076949571316216,
      "mae": 0.8530928585068963,
      "nemd": 0.9784651892132029,
      "psnr": 0.24720135766866153,
      "ssim": 0.41270434856414795
    },
    "cart": {
      "dists": 0.8436251878738403,
      "lpips": 0.6209482848644257,
      "ms_ssim": 0.30807897448539734,
      "websight": 0.5489308181263152,
      "ciede2000": 0.6196642157811041,
      "mae": 0.8019774368595175,
      "nemd": 0.9718186052738393,
      "psnr": 0.2174052581321131,
      "ssim": 0.2732335329055786
    },
    "faq": {
      "dists": 0.8243308067321777,
      "lpips": 0.6064260005950928,
      "ms_ssim": 0.3132284879684448,
      "websight": 0.6031838379979543,
      "ciede2000": 0.6367323505486944,
      "mae": 0.8050849799281853,
      "nemd": 0.9714652845594618,
      "psnr": 0.2211375687919556,
      "ssim": 0.28809162974357605
    },
    "home": {
      "dists": 0.8316492438316345,
      "lpips": 0.5078442692756653,
      "ms_ssim": 0.23434726893901825,
      "websight": 0.5296507744877427,
      "ciede2000": 0.588022593666726,
      "mae": 0.7821414306463326,
      "nemd": 0.9680192420845862,
      "psnr": 0.21548578027110574,
      "ssim": 0.18418945372104645
    },
    "orders": {
      "dists": 0.828707218170166,
      "lpips": 0.535955011844635,
      "ms_ssim": 0.21802115440368652,
      "websight": 0.4570275866068327,
      "ciede2000": 0.6174172851167143,
      "mae": 0.8045903274082218,
      "nemd": 0.9784936345972871,
      "psnr": 0.2192808389158179,
      "ssim": 0.18433892726898193
    }
  },
  "aggregate": {
    "dists": 0.8472699920336405,
    "lpips": 0.5998439242442449,
    "ms_ssim": 0.3209104711810748,
    "websight": 0.5576207614234054,
    "ciede2000": 0.6412936035463053,
    "mae": 0.8132913407634844,
    "nemd": 0.9741855443784573,
    "psnr": 0.22579413664706738,
    "ssim": 0.2648499210675557
  },
  "missing": []
}