{
  "per_page": {
    "careers": {
      "ciede2000": 0.4428176960014618,
      "mae": 0.7769571799090006,
      "nemd": 0.9643090215035667,
      "psnr": 0.229381392817663,
      "ssim": 0.2205522507429123
    },
    "faq": {
      "ciede2000": 0.5179734951986579,
      "mae": 0.8101078948205398,
      "nemd": 0.9717346450793289,
      "psnr": 0.24713751252194804,
      "ssim": 0.22487203776836395
    },
    "home": {
      "ciede2000": 0.7126627319786459,
      "mae": 0.8842369515457379,
      "nemd": 0.9765484407964135,
      "psnr": 0.3004658803342907,
      "ssim": 0.4371318519115448
    },
    "pricing": {
      "ciede2000": 0.6470604834555844,
      "mae": 0.8586172327558564,
      "nemd": 0.9817238943784148,
      "psnr": 0.2759342793303523,
      "ssim": 0.3177987039089203
    },
    "testimonials": {
      "ciede2000": 0.4770354423501495,
      "mae": 0.7928459974720564,
      "nemd": 0.9677127624364291,
      "psnr": 0.23723961604712715,
      "ssim": 0.20417313277721405
    }
  },
  "aggregate": {
    "ciede2000": 0.5595099697968999,
    "mae": 0.8245530513006383,
    "nemd": 0.9724057528388306,
    "psnr": 0.25803173621027625,
    "ssim": 0.28090559542179105
  },
  "missing": []
}