{
  "per_page": {
    "contact": {
      "dists": 0.8551170229911804,
      "lpips": 0.513876736164093,
      "ms_ssim": 0.24075384438037872,
      "websight": 0.5657307261207482,
      "ciede2000": 0.6891764823117468,
      "mae": 0.8424192138084767,
      "nemd": 0.9718811291590641,
      "psnr": 0.25962003201343176,
      "ssim": 0.21823258697986603
    },
    "faq": {
      "dists": 0.8373461365699768,
      "lpips": 0.5158436298370361,
      "ms_ssim": 0.11771368980407715,
      "websight": 0.5345696106291654,
      "ciede2000": 0.7054016629818951,
      "mae": 0.8482329733825897,
      "nemd": 0.9701720892338197,
      "psnr": 0.2655934663120362,
      "ssim": 0.13440456986427307
    },
    "home": {
      "dists": 0.8512033820152283,
      "lpips": 0.46385717391967773,
      "ms_ssim": 0.1492270976305008,
      "websight": 0.5253220293793597,
      "ciede2000": 0.6802159614022587,
      "mae": 0.8350905345596082,
      "nemd": 0.9725208105781417,
      "psnr": 0.2569077140204013,
      "ssim": 0.12957356870174408
    },
    "press": {
      "dists": 0.8376392722129822,
      "lpips": 0.5848563313484192,
      "ms_ssim": 0.3475833833217621,
      "websight": 0.6310895185902285,
      "ciede2000": 0.7100357277089842,
      "mae": 0.8569894012407223,
      "nemd": 0.9685069269729873,
      "psnr": 0.268937256904547,
      "ssim": 0.3069208562374115
    },
    "pricing": {
      "dists": 0.8586409687995911,
      "lpips": 0.5071679055690765,
      "ms_ssim": 0.18886113166809082,
      "websight": 0.5558819247485193,
      "ciede2000": 0.6854903746973038,
      "mae": 0.8392419523745571,
      "nemd": 0.972990367115516,
      "psnr": 0.2573339263812855,
      "ssim": 0.16158656775951385
    },
    "resources": {
      "dists": 0.8429999947547913,
      "lpips": 0.578522652387619,
      "ms_ssim": 0.31882739067077637,
      "websight": 0.621806838410966,
      "ciede2000": 0.7030168126593499,
      "mae": 0.8528932142793539,
      "nemd": 0.9680216876037764,
      "psnr": 0.26791369544229426,
      "ssim": 0.2824760675430298
    },
    "services": {
      "dists": 0.8454785346984863,
      "lpips": 0.512613832950592,
      "ms_ssim": 0.22414956986904144,
      "websight": 0.5688330808658558,
      "ciede2000": 0.6804642828608655,
      "mae": 0.8374037838011021,
      "nemd": 0.9709414445465686,
      "psnr": 0.25765310611128284,
      "ssim": 0.22388195991516113
    }
  },
  "aggregate": {
    "dists": 0.8469179017203194,
    "lpips": 0.5252483231680733,
    "ms_ssim": 0.2267308724778039,
    "websight": 0.5718905326778347,
    "ciede2000": 0.6934001863746291,
    "mae": 0.8446101533494872,
    "nemd": 0.970719207887125,
    "psnr": 0.2619941710264684,
    "ssim": 0.20815373957157135
  },
  "missing": []
}