{
  "per_page": {
    "blog": {
      "ciede2000": 0.6667758363945584,
      "mae": 0.8286694957279173,
      "nemd": 0.9504741123881386,
      "psnr": 0.254357731538114,
      "ssim": 0.3678508996963501
    },
    "courses": {
      "ciede2000": 0.704419855007631,
      "mae": 0.8424577310381517,
      "nemd": 0.9653512786155524,
      "psnr": 0.2588236344024142,
      "ssim": 0.3506830632686615
    },
    "faq": {
      "ciede2000": 0.6454095756184488,
      "mae": 0.8249625641096854,
      "nemd": 0.9583216991910853,
      "psnr": 0.247736820961631,
      "ssim": 0.4255286157131195
    },
    "home": {
      "ciede2000": 0.64640784670846,
      "mae": 0.8250124466099605,
      "nemd": 0.969114818262133,
      "psnr": 0.2536156801915279,
      "ssim": 0.3298373222351074
    },
    "instructors": {
      "ciede2000": 0.6299385889871412,
      "mae": 0.8149739934877978,
      "nemd": 0.9656810255798469,
      "psnr": 0.24710411456173131,
      "ssim": 0.3532525300979614
    },
    "resources": {
      "ciede2000": 0.701816798851078,
      "mae": 0.8420246378473417,
      "nemd": 0.9574356891713875,
      "psnr": 0.2582608283581703,
      "ssim": 0.3647073805332184
    },
    "schedule": {
      "ciede2000": 0.7339169537949461,
      "mae": 0.8687960618195396,
      "nemd": 0.9751883499710647,
      "psnr": 0.26932699351985395,
      "ssim": 0.407214492559433
    }
  },
  "aggregate": {
    "ciede2000": 0.6755264936231804,
    "mae": 0.8352709900914848,
    "nemd": 0.9630809961684584,
    "psnr": 0.25560368621906326,
    "ssim": 0.37129632915769306
  },
  "missing": []
}