{
  "per_page": {
    "about": {
      "dists": 0.7596285343170166,
      "lpips": 0.5787830948829651,
      "ms_ssim": 0.5506710410118103,
      "websight": 0.6334289465001021,
      "ciede2000": 0.7543061119148798,
      "mae": 0.9285612791707283,
      "nemd": 0.9727772520452718,
      "psnr": 0.36397613711526733,
      "ssim": 0.48134350776672363
    },
    "account": {
      "dists": 0.8002991676330566,
      "lpips": 0.6048995852470398,
      "ms_ssim": 0.5724815726280212,
      "websight": 0.6232099690230778,
      "ciede2000": 0.7225368773996761,
      "mae": 0.9162630152992296,
      "nemd": 0.9649949562456354,
      "psnr": 0.3547217010199305,
      "ssim": 0.5082230567932129
    },
    "cart": {
      "dists": 0.8069350719451904,
      "lpips": 0.551524817943573,
      "ms_ssim": 0.525536835193634,
      "websight": 0.5686870536078578,
      "ciede2000": 0.7184365871347191,
      "mae": 0.9166889401369367,
      "nemd": 0.9725601415162812,
      "psnr": 0.3472808883676056,
      "ssim": 0.4693218171596527
    },
    "contact": {
      "dists": 0.7761766910552979,
      "lpips": 0.5141179859638214,
      "ms_ssim": 0.5153782367706299,
      "websight": 0.6333116181448203,
      "ciede2000": 0.7107727211531307,
      "mae": 0.9126230427678318,
      "nemd": 0.9597927086871603,
      "psnr": 0.34954291153151296,
      "ssim": 0.461153507232666
    },
    "home": {
      "dists": 0.8002057671546936,
      "lpips": 0.5399349331855774,
      "ms_ssim": 0.48959240317344666,
      "websight": 0.5313129325707754,
      "ciede2000": 0.6874088529000759,
      "mae": 0.9036590524223688,
      "nemd": 0.9745823050194897,
      "psnr": 0.33033763657909165,
      "ssim": 0.47398075461387634
    },
    "shipping": {
      "dists": 0.7847404479980469,
      "lpips": 0.5263735055923462,
      "ms_ssim": 0.47516122460365295,
      "websight": 0.5613594716824825,
      "ciede2000": 0.7184903184679419,
      "mae": 0.9155820774752746,
      "nemd": 0.9747893140565671,
      "psnr": 0.34725085622125634,
      "ssim": 0.4285695254802704
    },
    "shop": {
      "dists": 0.7912035584449768,
      "lpips": 0.5260642170906067,
      "ms_ssim": 0.4530772268772125,
      "websight": 0.45541273938712257,
      "ciede2000": 0.6963596738302914,
      "mae": 0.9031914351851852,
      "nemd": 0.9734530938042534,
      "psnr": 0.33177555583964047,
      "ssim": 0.4219980537891388
    }
  },
  "aggregate": {
    "dists": 0.788455605506897,
    "lpips": 0.5488140199865613,
    "ms_ssim": 0.5116997914654868,
    "websight": 0.5723889615594625,
    "ciede2000": 0.7154730204001022,
    "mae": 0.9137955489225079,
    "nemd": 0.9704213959106655,
    "psnr": 0.3464122409534722,
    "ssim": 0.46351288897650583
  },
  "missing": []
}