{
  "per_page": {
    "events": {
      "dists": 0.8512143492698669,
      "lpips": null,
      "ms_ssim": 0.313230037689209,
      "websight": 0.5968499113670439,
      "ciede2000": 0.6546605256903982,
      "mae": 0.8180415774547367,
      "nemd": 0.9621365122594139,
      "psnr": 0.2435282020905872,
      "ssim": 0.2661483585834503
    },
    "home": {
      "dists": 0.8001978993415833,
      "lpips": 0.4768361449241638,
      "ms_ssim": 0.24613042175769806,
      "websight": 0.48730288423286194,
      "ciede2000": 0.42667641902567044,
      "mae": 0.7371537010715067,
      "nemd": 0.9047614344739068,
      "psnr": 0.20887100902801894,
      "ssim": 0.23711679875850677
    },
    "messages": {
      "dists": 0.8287386298179626,
      "lpips": 0.5635145306587219,
      "ms_ssim": 0.34055331349372864,
      "websight": 0.5756032177723643,
      "ciede2000": 0.6677226939311456,
      "mae": 0.8311057216022729,
      "nemd": 0.9577404866614037,
      "psnr": 0.25533448224756167,
      "ssim": 0.2705804407596588
    },
    "notifications": {
      "dists": 0.8146762251853943,
      "lpips": 0.532626211643219,
      "ms_ssim": 0.21690702438354492,
      "websight": 0.5010663168532307,
      "ciede2000": 0.5816595613290048,
      "mae": 0.7724211514181134,
      "nemd": 0.8865370524435685,
      "psnr": 0.22172891369804051,
      "ssim": 0.2493962198495865
    },
    "search": {
      "dists": 0.8348631858825684,
      "lpips": 0.5945900082588196,
      "ms_ssim": 0.3113102316856384,
      "websight": 0.5591357064957198,
      "ciede2000": 0.6927694423783214,
      "mae": 0.8395695306117239,
      "nemd": 0.9653285042444865,
      "psnr": 0.25103773764398307,
      "ssim": 0.27561137080192566
    },
    "settings": {
      "dists": 0.8075828552246094,
      "lpips": 0.6471042931079865,
      "ms_ssim": 0.32992997765541077,
      "websight": 0.6064359985646748,
      "ciede2000": 0.7764352267460795,
      "mae": 0.8793402598584307,
      "nemd": 0.9643083090582178,
      "psnr": 0.26949440063209423,
      "ssim": 0.3094571828842163
    },
    "trending": {
      "dists": 0.8137988448143005,
      "lpips": 0.5447946488857269,
      "ms_ssim": 0.2910211980342865,
      "websight": 0.5415129834176037,
      "ciede2000": 0.627909409825602,
      "mae": 0.8125460716848001,
      "nemd": 0.9503175307392634,
      "psnr": 0.23889886738795063,
      "ssim": 0.2868930995464325
    }
  },
  "aggregate": {
    "dists": 0.8215817127908979,
    "lpips": 0.5599109729131063,
    "ms_ssim": 0.29272602924278807,
    "websight": 0.5525581455290712,
    "ciede2000": 0.6325476112751744,
    "mae": 0.8128825733859405,
    "nemd": 0.9415899756971802,
    "psnr": 0.24127051610403374,
    "ssim": 0.27074335302625385
  },
  "missing": []
}