{
  "per_page": {
    "home": {
      "dists": 0.7964930534362793,
      "lpips": 0.4927011728286743,
      "ms_ssim": 0.18050779402256012,
      "websight": 0.46215472298942206,
      "ciede2000": 0.45135886979230666,
      "mae": 0.7129759899237473,
      "nemd": 0.9663797939724392,
      "psnr": 0.1810660911730882,
      "ssim": 0.20072956383228302
    },
    "profile": {
      "dists": 0.8068377375602722,
      "lpips": 0.4852612018585205,
      "ms_ssim": 0.14057256281375885,
      "websight": 0.4188099402786691,
      "ciede2000": 0.43693268009264985,
      "mae": 0.6995561424291938,
      "nemd": 0.9614918111165365,
      "psnr": 0.17874778775636774,
      "ssim": 0.17336155474185944
    },
    "search": {
      "dists": 0.8021624088287354,
      "lpips": 0.49188685417175293,
      "ms_ssim": 0.143523171544075,
      "websight": 0.4004825871882949,
      "ciede2000": 0.4219720076980824,
      "mae": 0.6892985253267974,
      "nemd": 0.9644156867133247,
      "psnr": 0.17272153982591315,
      "ssim": 0.15542690455913544
    },
    "settings": {
      "dists": 0.830529510974884,
      "lpips": 0.5482430160045624,
      "ms_ssim": 0.22422043979167938,
      "websight": 0.4865481960668898,
      "ciede2000": 0.6258395660528968,
      "mae": 0.7917098695435336,
      "nemd": 0.9661928181475904,
      "psnr": 0.219013663204123,
      "ssim": 0.26372507214546204
    },
    "trending": {
      "dists": 0.8307044506072998,
      "lpips": 0.5436081886291504,
      "ms_ssim": 0.2969183027744293,
      "websight": 0.5327414985888642,
      "ciede2000": 0.6204611322693248,
      "mae": 0.7843530873053829,
      "nemd": 0.9673025292704098,
      "psnr": 0.21728296265961342,
      "ssim": 0.29315999150276184
    }
  },
  "aggregate": {
    "dists": 0.8133454322814941,
    "lpips": 0.5123400866985321,
    "ms_ssim": 0.19714845418930055,
    "websight": 0.460147389022428,
    "ciede2000": 0.5113128511810521,
    "mae": 0.735578722905731,
    "nemd": 0.96515652784406,
    "psnr": 0.19376640892382108,
    "ssim": 0.21728061735630036
  },
  "missing": []
}