{
  "per_page": {
    "events": {
      "dists": 0.8541968464851379,
      "lpips": 0.6430525481700897,
      "ms_ssim": 0.38069453835487366,
      "websight": 0.6376250242510586,
      "ciede2000": 0.716207076460941,
      "mae": 0.845990282942679,
      "nemd": 0.9811128077013739,
      "psnr": 0.2445318696584364,
      "ssim": 0.3223755955696106
    },
    "home": {
      "dists": 0.8360804319381714,
      "lpips": 0.5997679233551025,
      "ms_ssim": 0.28112515807151794,
      "websight": 0.559965738067919,
      "ciede2000": 0.6754631215075404,
      "mae": 0.8333590235763864,
      "nemd": 0.9773271048733736,
      "psnr": 0.23577731721303083,
      "ssim": 0.2663984000682831
    },
    "messages": {
      "dists": 0.8440513610839844,
      "lpips": 0.6159512102603912,
      "ms_ssim": 0.3535740375518799,
      "websight": 0.5841955171115156,
      "ciede2000": 0.6956343185364178,
      "mae": 0.8554996708142001,
      "nemd": 0.9634579065979669,
      "psnr": 0.2536260699495457,
      "ssim": 0.3559061288833618
    },
    "notifications": {
      "dists": 0.8281195759773254,
      "lpips": 0.5906398594379425,
      "ms_ssim": 0.3157278299331665,
      "websight": 0.5587686211890595,
      "ciede2000": 0.6812369094680408,
      "mae": 0.8311016158647087,
      "nemd": 0.967199051427134,
      "psnr": 0.24806401942876063,
      "ssim": 0.29591360688209534
    },
    "search": {
      "dists": 0.8672391772270203,
      "lpips": 0.6767124831676483,
      "ms_ssim": 0.3476722240447998,
      "websight": 0.618169298802299,
      "ciede2000": 0.7519305189562322,
      "mae": 0.8719782124438317,
      "nemd": 0.9701709710227118,
      "psnr": 0.2558035355860846,
      "ssim": 0.3124675750732422
    },
    "settings": {
      "dists": 0.8539869785308838,
      "lpips": 0.6663221418857574,
      "ms_ssim": 0.2882784903049469,
      "websight": 0.6117424013829265,
      "ciede2000": 0.787567175149045,
      "mae": 0.8923604050673768,
      "nemd": 0.9721911089888555,
      "psnr": 0.26331447741171343,
      "ssim": 0.26562821865081787
    },
    "trending": {
      "dists": 0.8400249481201172,
      "lpips": 0.5606482625007629,
      "ms_ssim": 0.26992666721343994,
      "websight": 0.554203417417262,
      "ciede2000": 0.6566047640358895,
      "mae": 0.8307604432004423,
      "nemd": 0.9735801649141649,
      "psnr": 0.23612589444442295,
      "ssim": 0.2685735523700714
    }
  },
  "aggregate": {
    "dists": 0.8462427599089486,
    "lpips": 0.6218706326825278,
    "ms_ssim": 0.3195712779249464,
    "websight": 0.58923857403172,
    "ciede2000": 0.7092348405877295,
    "mae": 0.8515785219870893,
    "nemd": 0.972148445075083,
    "psnr": 0.2481775976702849,
    "ssim": 0.29818043964249746
  },
  "missing": []
}