{
  "per_page": {
    "archive": {
      "dists": 0.886144757270813,
      "lpips": 0.713143527507782,
      "ms_ssim": 0.5888143181800842,
      "websight": 0.7239009507947771,
      "ciede2000": 0.9222869367588151,
      "mae": 0.9558372685945886,
      "nemd": 0.9929142073022142,
      "ocr_text": 0.8535564853556487,
      "psnr": 0.3517713149845089,
      "ssim": 0.621244490146637
    },
    "author": {
      "dists": 0.8829312920570374,
      "lpips": 0.6941932141780853,
      "ms_ssim": 0.5461370348930359,
      "websight": 0.7244837964192415,
      "ciede2000": 0.8783412946097446,
      "mae": 0.9348926436584126,
      "nemd": 0.989385352355801,
      "ocr_text": 0.9340659340659342,
      "psnr": 0.3279307647380095,
      "ssim": 0.5206303000450134
    },
    "contact": {
      "dists": 0.8810564875602722,
      "lpips": 0.7295580208301544,
      "ms_ssim": 0.5827493071556091,
      "websight": 0.703437850668899,
      "ciede2000": 0.8403127458159813,
      "mae": 0.9189162593796979,
      "nemd": 0.9916516346255193,
      "ocr_text": 0.8616187989556136,
      "psnr": 0.2997013063107741,
      "ssim": 0.5607798099517822
    },
    "home": {
      "dists": 0.8537508249282837,
      "lpips": 0.5794005393981934,
      "ms_ssim": 0.356121689081192,
      "websight": 0.5883862758945742,
      "ciede2000": 0.7251512572900751,
      "mae": 0.8612747330031669,
      "nemd": 0.9906332229666693,
      "ocr_text": 0.8107074569789675,
      "psnr": 0.2598864382130154,
      "ssim": 0.43574026226997375
    },
    "latest": {
      "dists": 0.8570977449417114,
      "lpips": 0.636844664812088,
      "ms_ssim": 0.4346965253353119,
      "websight": 0.6587274128740485,
      "ciede2000": 0.855483210313773,
      "mae": 0.9207947530864198,
      "nemd": 0.9862694706258549,
      "ocr_text": 0.9011299435028249,
      "psnr": 0.3117609837874657,
      "ssim": 0.47584637999534607
    },
    "newsletter": {
      "dists": 0.8983860015869141,
      "lpips": 0.7000673413276672,
      "ms_ssim": 0.5379687547683716,
      "websight": 0.7192402165872592,
      "ciede2000": 0.8557798291536278,
      "mae": 0.9234308869533214,
      "nemd": 0.9860662964843072,
      "ocr_text": 0.9049586776859505,
      "psnr": 0.30370641848977464,
      "ssim": 0.522465169429779
    }
  },
  "aggregate": {
    "dists": 0.876561184724172,
    "lpips": 0.6755345513423284,
    "ms_ssim": 0.5077479382356008,
    "websight": 0.6863627505397999,
    "ciede2000": 0.8462258789903361,
    "mae": 0.9191910907792679,
    "nemd": 0.9894866973933945,
    "ocr_text": 0.8776728827574899,
    "psnr": 0.3091262044205914,
    "ssim": 0.5227844019730886
  },
  "missing": []
}