{
  "per_page": {
    "about": {
      "dists": 0.7891309857368469,
      "lpips": 0.5481804013252258,
      "ms_ssim": 0.4987111985683441,
      "websight": 0.5898900542669235,
      "ciede2000": 0.7271909155021719,
      "mae": 0.9165384415289253,
      "nemd": 0.9702999233199905,
      "psnr": 0.3519204207514391,
      "ssim": 0.44151726365089417
    },
    "account": {
      "dists": 0.809107780456543,
      "lpips": 0.5842136740684509,
      "ms_ssim": 0.5346457958221436,
      "websight": 0.6585809224181706,
      "ciede2000": 0.7029279850541035,
      "mae": 0.9060795231314127,
      "nemd": 0.9582621136789067,
      "psnr": 0.34264865303974706,
      "ssim": 0.47886720299720764
    },
    "cart": {
      "dists": 0.8068669438362122,
      "lpips": 0.5710805356502533,
      "ms_ssim": 0.549508273601532,
      "websight": 0.5861469931072659,
      "ciede2000": 0.7190736275528438,
      "mae": 0.9156764390136086,
      "nemd": 0.9639855269034319,
      "psnr": 0.35495728322347136,
      "ssim": 0.49406805634498596
    },
    "contact": {
      "dists": 0.8026978969573975,
      "lpips": 0.5404139161109924,
      "ms_ssim": 0.541416585445404,
      "websight": 0.639960613515642,
      "ciede2000": 0.7408746047468083,
      "mae": 0.9240678080894194,
      "nemd": 0.9591334305178139,
      "psnr": 0.37423640579501105,
      "ssim": 0.4827154874801636
    },
    "home": {
      "dists": 0.7663487195968628,
      "lpips": 0.573090136051178,
      "ms_ssim": 0.5356538891792297,
      "websight": 0.6002733292893617,
      "ciede2000": 0.689864507044789,
      "mae": 0.9023221925690661,
      "nemd": 0.959715356320206,
      "psnr": 0.3368854104611374,
      "ssim": 0.507460355758667
    },
    "shipping": {
      "dists": 0.7908969521522522,
      "lpips": 0.535845935344696,
      "ms_ssim": 0.45020195841789246,
      "websight": 0.543134902715683,
      "ciede2000": 0.7048767545501952,
      "mae": 0.9075332841569881,
      "nemd": 0.9555081935428218,
      "psnr": 0.34733969273569765,
      "ssim": 0.3869788944721222
    },
    "shop": {
      "dists": 0.7565317749977112,
      "lpips": 0.5070263743400574,
      "ms_ssim": 0.44806885719299316,
      "websight": 0.5088412676538739,
      "ciede2000": 0.6882794303032655,
      "mae": 0.8965416966230937,
      "nemd": 0.9612672024197049,
      "psnr": 0.33126507565114144,
      "ssim": 0.41825661063194275
    }
  },
  "aggregate": {
    "dists": 0.7887972933905465,
    "lpips": 0.5514072818415505,
    "ms_ssim": 0.5083152226039341,
    "websight": 0.5895468689952743,
    "ciede2000": 0.7104411178220253,
    "mae": 0.9098227693017877,
    "nemd": 0.961167392386125,
    "psnr": 0.3484647059510922,
    "ssim": 0.4585519816194262
  },
  "missing": []
}