{
  "per_page": {
    "billing": {
      "dists": 0.855008602142334,
      "lpips": 0.7580667436122894,
      "ms_ssim": 0.7158687710762024,
      "websight": 0.7622921825899427,
      "ciede2000": 0.9076741259120432,
      "mae": 0.9542873444207166,
      "nemd": 0.98777837940044,
      "ocr_text": 0.7586206896551724,
      "psnr": 0.3507186325076944,
      "ssim": 0.6854916214942932
    },
    "docs": {
      "dists": 0.8378642201423645,
      "lpips": 0.6959070563316345,
      "ms_ssim": 0.6149554252624512,
      "websight": 0.7373205980812366,
      "ciede2000": 0.912197892060617,
      "mae": 0.9547499715391621,
      "nemd": 0.9921309057350367,
      "ocr_text": 0.888888888888889,
      "psnr": 0.3592113991647357,
      "ssim": 0.6246333718299866
    },
    "home": {
      "dists": 0.8743909597396851,
      "lpips": 0.7099922299385071,
      "ms_ssim": 0.6128007769584656,
      "websight": 0.7399554712122137,
      "ciede2000": 0.8642485850308953,
      "mae": 0.9346375644582373,
      "nemd": 0.9871442334413719,
      "ocr_text": 0.8978102189781022,
      "psnr": 0.3213456066990206,
      "ssim": 0.5882604122161865
    },
    "login": {
      "dists": 0.8461499214172363,
      "lpips": 0.7407179474830627,
      "ms_ssim": 0.6876680254936218,
      "websight": 0.762599922361828,
      "ciede2000": 0.9111647111508823,
      "mae": 0.957585781976119,
      "nemd": 0.9921798969463445,
      "ocr_text": 0.8917197452229298,
      "psnr": 0.35831405750047296,
      "ssim": 0.6830651164054871
    },
    "profile": {
      "dists": 0.8581802845001221,
      "lpips": 0.7818391621112823,
      "ms_ssim": 0.7543705105781555,
      "websight": 0.7859038873324318,
      "ciede2000": 0.9359761201606414,
      "mae": 0.9683877342469333,
      "nemd": 0.9894221980722562,
      "ocr_text": 0.8436018957345973,
      "psnr": 0.3887711856893241,
      "ssim": 0.7157308459281921
    },
    "signup": {
      "dists": 0.8335062265396118,
      "lpips": 0.7459910809993744,
      "ms_ssim": 0.6744253635406494,
      "websight": 0.7387430635243414,
      "ciede2000": 0.9030276360926818,
      "mae": 0.9536015178855562,
      "nemd": 0.9891150339941981,
      "ocr_text": 0.8669950738916256,
      "psnr": 0.3503191820913991,
      "ssim": 0.6487048268318176
    },
    "tools": {
      "dists": 0.8484988808631897,
      "lpips": 0.735094279050827,
      "ms_ssim": 0.6150817275047302,
      "websight": 0.7568110919679287,
      "ciede2000": 0.9119661878542281,
      "mae": 0.9559847364786049,
      "nemd": 0.9890789000957676,
      "ocr_text": 0.9085872576177285,
      "psnr": 0.35386248511980367,
      "ssim": 0.5899612307548523
    }
  },
  "aggregate": {
    "dists": 0.8505141564777919,
    "lpips": 0.738229785646711,
    "ms_ssim": 0.6678815143448966,
    "websight": 0.7548037452957033,
    "ciede2000": 0.906607894037427,
    "mae": 0.9541763787150471,
    "nemd": 0.9895499353836306,
    "ocr_text": 0.8651748242841493,
    "psnr": 0.3546489355389215,
    "ssim": 0.6479782036372593
  },
  "missing": []
}