{
  "per_page": {
    "home": {
      "dists": 0.8774720430374146,
      "lpips": 0.6835267543792725,
      "ms_ssim": 0.5509913563728333,
      "websight": 0.7054915173011914,
      "ciede2000": 0.8009721761096714,
      "mae": 0.8871723745555408,
      "nemd": 0.9766127587082334,
      "psnr": 0.290628652551857,
      "ssim": 0.5872549414634705
    },
    "post": {
      "dists": 0.8529248833656311,
      "lpips": 0.6366040706634521,
      "ms_ssim": 0.46995076537132263,
      "websight": 0.6746367026531047,
      "ciede2000": 0.7745643520471066,
      "mae": 0.8678719439530198,
      "nemd": 0.9677501431802162,
      "psnr": 0.27765104473818053,
      "ssim": 0.5199583172798157
    },
    "resume": {
      "dists": 0.8716418743133545,
      "lpips": 0.6747422814369202,
      "ms_ssim": 0.5215355157852173,
      "websight": 0.6709956834790627,
      "ciede2000": 0.8446274405356217,
      "mae": 0.9091237534760969,
      "nemd": 0.9722929450784308,
      "psnr": 0.3164882956986254,
      "ssim": 0.5095149874687195
    },
    "services": {
      "dists": 0.8730605244636536,
      "lpips": 0.6795473694801331,
      "ms_ssim": 0.5618758797645569,
      "websight": 0.7184167273279517,
      "ciede2000": 0.8133627005505727,
      "mae": 0.8926134380076203,
      "nemd": 0.9699341271256103,
      "psnr": 0.2981678412173938,
      "ssim": 0.5563226342201233
    },
    "testimonials": {
      "dists": 0.8759264945983887,
      "lpips": 0.7251068353652954,
      "ms_ssim": 0.6105456352233887,
      "websight": 0.7201499592506669,
      "ciede2000": 0.8400999914363861,
      "mae": 0.9097747866252849,
      "nemd": 0.9793029640912682,
      "psnr": 0.3088094082447334,
      "ssim": 0.5707198977470398
    }
  },
  "aggregate": {
    "dists": 0.8702051639556885,
    "lpips": 0.6799054622650147,
    "ms_ssim": 0.5429798305034638,
    "websight": 0.6979381180023955,
    "ciede2000": 0.8147253321358716,
    "mae": 0.8933112593235124,
    "nemd": 0.9731785876367518,
    "psnr": 0.29834904849015803,
    "ssim": 0.5487541556358337
  },
  "missing": []
}