{
  "per_page": {
    "about": {
      "dists": 0.8080353736877441,
      "lpips": 0.6795003712177277,
      "ms_ssim": 0.46628913283348083,
      "websight": 0.6911937412656384,
      "ciede2000": 0.7787262123885694,
      "mae": 0.8863490395585004,
      "nemd": 0.9714423256434285,
      "ocr_text": 0.9003690036900369,
      "psnr": 0.2871009797805946,
      "ssim": 0.42680624127388
    },
    "blog": {
      "dists": 0.8498348593711853,
      "lpips": 0.5959772169589996,
      "ms_ssim": 0.3997955322265625,
      "websight": 0.6290993171709555,
      "ciede2000": 0.7094564922709874,
      "mae": 0.8541111361530563,
      "nemd": 0.9679009300417065,
      "ocr_text": 0.8875739644970414,
      "psnr": 0.26589981934843204,
      "ssim": 0.3452092111110687
    },
    "contact": {
      "dists": 0.8484269380569458,
      "lpips": 0.6522549986839294,
      "ms_ssim": 0.43049582839012146,
      "websight": 0.6037897380045902,
      "ciede2000": 0.7586390177794701,
      "mae": 0.8799947295504899,
      "nemd": 0.9649998270412168,
      "ocr_text": 0.7111111111111111,
      "psnr": 0.2816179676515948,
      "ssim": 0.37633445858955383
    },
    "home": {
      "dists": 0.8325397968292236,
      "lpips": 0.6032946109771729,
      "ms_ssim": 0.46603813767433167,
      "websight": 0.5915955543202698,
      "ciede2000": 0.6702254690678174,
      "mae": 0.8493890925035992,
      "nemd": 0.9472026777875626,
      "ocr_text": 0.6775956284153005,
      "psnr": 0.26173117927539147,
      "ssim": 0.43104812502861023
    },
    "post": {
      "dists": 0.8353821039199829,
      "lpips": 0.6306434571743011,
      "ms_ssim": 0.3574815094470978,
      "websight": 0.6588144796235221,
      "ciede2000": 0.767903194243212,
      "mae": 0.874504737254902,
      "nemd": 0.9652684574652778,
      "ocr_text": 0.9785714285714285,
      "psnr": 0.2799444984145723,
      "ssim": 0.31686916947364807
    },
    "project-detail": {
      "dists": 0.8304791450500488,
      "lpips": 0.6094403862953186,
      "ms_ssim": 0.36381733417510986,
      "websight": 0.6209853115248772,
      "ciede2000": 0.7557014238670509,
      "mae": 0.8749575551876905,
      "nemd": 0.9703887427125031,
      "ocr_text": 0.8803088803088803,
      "psnr": 0.27914813376722214,
      "ssim": 0.30690428614616394
    },
    "services": {
      "dists": 0.8145995736122131,
      "lpips": 0.5697084665298462,
      "ms_ssim": 0.29248151183128357,
      "websight": 0.5721838570054144,
      "ciede2000": 0.6755884973251263,
      "mae": 0.8447602238976468,
      "nemd": 0.9430265446361425,
      "ocr_text": 0.8308823529411764,
      "psnr": 0.2524587993454176,
      "ssim": 0.2573675811290741
    }
  },
  "aggregate": {
    "dists": 0.8313282557896206,
    "lpips": 0.620117072548185,
    "ms_ssim": 0.3966284266539982,
    "websight": 0.6239517141307526,
    "ciede2000": 0.7308914724203192,
    "mae": 0.8662952163008407,
    "nemd": 0.9614613579039768,
    "ocr_text": 0.8380589099335679,
    "psnr": 0.27255733965474643,
    "ssim": 0.35150558182171415
  },
  "missing": []
}