{
  "per_page": {
    "groups": {
      "dists": 0.8566986322402954,
      "lpips": 0.6804621815681458,
      "ms_ssim": 0.6748714447021484,
      "websight": 0.721675193499005,
      "ciede2000": 0.8285719993079513,
      "mae": 0.915028368508441,
      "nemd": 0.966580557324171,
      "psnr": 0.3501463727855688,
      "ssim": 0.6540782451629639
    },
    "home": {
      "dists": 0.8478911519050598,
      "lpips": 0.6509959995746613,
      "ms_ssim": 0.6325529217720032,
      "websight": 0.7237871500933282,
      "ciede2000": 0.8500855646880421,
      "mae": 0.9277539737606137,
      "nemd": 0.9858625169402915,
      "psnr": 0.35052444143760547,
      "ssim": 0.6102654933929443
    },
    "messages": {
      "dists": 0.85137939453125,
      "lpips": 0.6435896158218384,
      "ms_ssim": 0.6263601779937744,
      "websight": 0.652183552652528,
      "ciede2000": 0.8543465123972991,
      "mae": 0.9286877083333334,
      "nemd": 0.9883879387749566,
      "psnr": 0.3617965024048829,
      "ssim": 0.622871994972229
    },
    "notifications": {
      "dists": 0.8274795413017273,
      "lpips": 0.6239430904388428,
      "ms_ssim": 0.5925427675247192,
      "websight": 0.6865778147128591,
      "ciede2000": 0.8651725534342146,
      "mae": 0.9343072903219962,
      "nemd": 0.9863597905297123,
      "psnr": 0.3719865486465007,
      "ssim": 0.6002046465873718
    },
    "profile": {
      "dists": 0.8106348514556885,
      "lpips": 0.46510058641433716,
      "ms_ssim": 0.3261697292327881,
      "websight": 0.5247318482840503,
      "ciede2000": 0.759087299174663,
      "mae": 0.8722267190782995,
      "nemd": 0.983767448315684,
      "psnr": 0.30756677777805924,
      "ssim": 0.45342347025871277
    },
    "trending": {
      "dists": 0.8417620062828064,
      "lpips": 0.5939277410507202,
      "ms_ssim": 0.5127370357513428,
      "websight": 0.6272476270697476,
      "ciede2000": 0.8299480373162614,
      "mae": 0.9153833271008791,
      "nemd": 0.9872867143503403,
      "psnr": 0.34401493203455213,
      "ssim": 0.5779573321342468
    }
  },
  "aggregate": {
    "dists": 0.8393075962861379,
    "lpips": 0.6096698691447576,
    "ms_ssim": 0.560872346162796,
    "websight": 0.656033864385253,
    "ciede2000": 0.8312019943864053,
    "mae": 0.9155645645172604,
    "nemd": 0.9830408277058593,
    "psnr": 0.34767259584786164,
    "ssim": 0.5864668637514114
  },
  "missing": []
}