{
  "per_page": {
    "blog": {
      "ciede2000": 0.5911191634177388,
      "mae": 0.7975207112848282,
      "nemd": 0.946488117070607,
      "psnr": 0.24523580747973428,
      "ssim": 0.3816763162612915
    },
    "courses": {
      "ciede2000": 0.6462377585143693,
      "mae": 0.8200950372397021,
      "nemd": 0.9492755637945132,
      "psnr": 0.2656908401681366,
      "ssim": 0.40568098425865173
    },
    "faq": {
      "ciede2000": 0.6050923759306832,
      "mae": 0.8047564888876545,
      "nemd": 0.9374674290893286,
      "psnr": 0.24963997762799392,
      "ssim": 0.4038892686367035
    },
    "home": {
      "ciede2000": 0.6013228940003486,
      "mae": 0.7985942546699412,
      "nemd": 0.939475672350599,
      "psnr": 0.2530523679084622,
      "ssim": 0.3286261260509491
    },
    "instructors": {
      "ciede2000": 0.6129718663484356,
      "mae": 0.8018885571939948,
      "nemd": 0.92166561596761,
      "psnr": 0.25237065461268815,
      "ssim": 0.3328641653060913
    },
    "resources": {
      "ciede2000": 0.7074862234927601,
      "mae": 0.8443088808622864,
      "nemd": 0.9615145542077852,
      "psnr": 0.2711279824302056,
      "ssim": 0.41224196553230286
    },
    "schedule": {
      "ciede2000": 0.6871486599822318,
      "mae": 0.8476568825910931,
      "nemd": 0.946878448866139,
      "psnr": 0.27870226090190137,
      "ssim": 0.402189701795578
    }
  },
  "aggregate": {
    "ciede2000": 0.6359112773837953,
    "mae": 0.8164029732470715,
    "nemd": 0.9432522001923689,
    "psnr": 0.25940284158987453,
    "ssim": 0.3810240754059383
  },
  "missing": []
}