{
  "per_page": {
    "about": {
      "dists": 0.8166016340255737,
      "lpips": 0.6984571814537048,
      "ms_ssim": 0.632270097732544,
      "websight": 0.7582739224576883,
      "ciede2000": 0.7925254446155664,
      "mae": 0.9411687008136588,
      "nemd": 0.9859751787596549,
      "psnr": 0.3555223004742642,
      "ssim": 0.6106105446815491
    },
    "home": {
      "dists": 0.784818172454834,
      "lpips": 0.6413664221763611,
      "ms_ssim": 0.6145503520965576,
      "websight": 0.6599959207638078,
      "ciede2000": 0.7811049364302179,
      "mae": 0.9358556331182262,
      "nemd": 0.9845657747807885,
      "psnr": 0.34787930460169325,
      "ssim": 0.5958088040351868
    },
    "press": {
      "dists": 0.8072262406349182,
      "lpips": 0.6631333529949188,
      "ms_ssim": 0.5944719314575195,
      "websight": 0.7396633922279655,
      "ciede2000": 0.7799293186693496,
      "mae": 0.9338357248284221,
      "nemd": 0.9816299921063973,
      "psnr": 0.344746741860599,
      "ssim": 0.5822097659111023
    },
    "team": {
      "dists": 0.8021652698516846,
      "lpips": 0.6725998520851135,
      "ms_ssim": 0.6502694487571716,
      "websight": 0.7491321400951945,
      "ciede2000": 0.7836801562017299,
      "mae": 0.9361564605718449,
      "nemd": 0.9837405868965939,
      "psnr": 0.3545863732440511,
      "ssim": 0.6105213165283203
    },
    "testimonials": {
      "dists": 0.7772272229194641,
      "lpips": 0.6440208554267883,
      "ms_ssim": 0.567388117313385,
      "websight": 0.7125617100132837,
      "ciede2000": 0.7816535588294911,
      "mae": 0.9352295298168605,
      "nemd": 0.9835170228048272,
      "psnr": 0.3507211098873547,
      "ssim": 0.531120777130127
    }
  },
  "aggregate": {
    "dists": 0.797607707977295,
    "lpips": 0.6639155328273774,
    "ms_ssim": 0.6117899894714356,
    "websight": 0.723925417111588,
    "ciede2000": 0.783778682949271,
    "mae": 0.9364492098298024,
    "nemd": 0.9838857110696523,
    "psnr": 0.3506911660135924,
    "ssim": 0.5860542416572571
  },
  "missing": []
}