{
  "per_page": {
    "about": {
      "dists": 0.8806660175323486,
      "lpips": 0.7234224081039429,
      "ms_ssim": 0.6503799557685852,
      "websight": 0.7787168786145638,
      "ciede2000": 0.9124176621054642,
      "mae": 0.9482835173423557,
      "nemd": 0.9888645001465008,
      "psnr": 0.36711062313537685,
      "ssim": 0.6665416359901428
    },
    "cart": {
      "dists": 0.858424186706543,
      "lpips": 0.7316021621227264,
      "ms_ssim": 0.678799569606781,
      "websight": 0.7789546707411393,
      "ciede2000": 0.9024414523051041,
      "mae": 0.9393326566906646,
      "nemd": 0.9883879571562773,
      "psnr": 0.33840902500890135,
      "ssim": 0.6619548797607422
    },
    "category": {
      "dists": 0.8571975231170654,
      "lpips": 0.6647993624210358,
      "ms_ssim": 0.5562376379966736,
      "websight": 0.7027858705356204,
      "ciede2000": 0.8453702875004704,
      "mae": 0.9154466581542797,
      "nemd": 0.9668066426554442,
      "psnr": 0.316379066305829,
      "ssim": 0.5648503303527832
    },
    "faq": {
      "dists": 0.8609246611595154,
      "lpips": 0.7589829415082932,
      "ms_ssim": 0.640051543712616,
      "websight": 0.7954172911733348,
      "ciede2000": 0.9353240852558905,
      "mae": 0.9595263886198461,
      "nemd": 0.9927021940854543,
      "psnr": 0.37955027956796067,
      "ssim": 0.6520338654518127
    },
    "home": {
      "dists": 0.8739821910858154,
      "lpips": 0.7485020756721497,
      "ms_ssim": 0.6950135231018066,
      "websight": 0.7881299979965802,
      "ciede2000": 0.8956137975905384,
      "mae": 0.9418308137823536,
      "nemd": 0.9757037111957176,
      "psnr": 0.3474967012695604,
      "ssim": 0.7006600499153137
    },
    "wishlist": {
      "dists": 0.8707065582275391,
      "lpips": 0.734526515007019,
      "ms_ssim": 0.6559492945671082,
      "websight": 0.7792731277972648,
      "ciede2000": 0.8877408825499844,
      "mae": 0.9382960092604357,
      "nemd": 0.975898238443659,
      "psnr": 0.34055447414318785,
      "ssim": 0.655694305896759
    }
  },
  "aggregate": {
    "dists": 0.8669835229714712,
    "lpips": 0.7269725774725279,
    "ms_ssim": 0.6460719207922617,
    "websight": 0.7705463061430838,
    "ciede2000": 0.8964846945512419,
    "mae": 0.9404526739749892,
    "nemd": 0.9813938739471754,
    "psnr": 0.34825002823846934,
    "ssim": 0.6502891778945923
  },
  "missing": []
}