{
  "per_page": {
    "home": {
      "dists": 0.8198825120925903,
      "lpips": 0.5669661164283752,
      "ms_ssim": 0.297081857919693,
      "websight": 0.5142329793824887,
      "ciede2000": 0.6415242604862819,
      "mae": 0.810435126633987,
      "nemd": 0.9708570916069879,
      "psnr": 0.2228150097403351,
      "ssim": 0.29186519980430603
    },
    "profile": {
      "dists": 0.8002877235412598,
      "lpips": 0.5325545072555542,
      "ms_ssim": 0.22250519692897797,
      "websight": 0.45215276852771114,
      "ciede2000": 0.4688521563327468,
      "mae": 0.7198457638888889,
      "nemd": 0.9718152743869357,
      "psnr": 0.1796684538434367,
      "ssim": 0.19427919387817383
    },
    "search": {
      "dists": 0.8090992569923401,
      "lpips": 0.5764211416244507,
      "ms_ssim": 0.28291237354278564,
      "websight": 0.46556607233022307,
      "ciede2000": 0.5003337731582429,
      "mae": 0.7351597698801743,
      "nemd": 0.9799249450683594,
      "psnr": 0.18434789444834582,
      "ssim": 0.26004186272621155
    },
    "settings": {
      "dists": 0.8165501356124878,
      "lpips": 0.5857237875461578,
      "ms_ssim": 0.29109522700309753,
      "websight": 0.536322091634457,
      "ciede2000": 0.5168356516214014,
      "mae": 0.7510942383914744,
      "nemd": 0.9759651378953313,
      "psnr": 0.19280454336636949,
      "ssim": 0.2670589089393616
    },
    "trending": {
      "dists": 0.8323091864585876,
      "lpips": 0.5768768191337585,
      "ms_ssim": 0.3574465811252594,
      "websight": 0.5918295251847672,
      "ciede2000": 0.6678284544270264,
      "mae": 0.8152962498007332,
      "nemd": 0.9774742990716041,
      "psnr": 0.22814221316632496,
      "ssim": 0.34159955382347107
    }
  },
  "aggregate": {
    "dists": 0.8156257629394531,
    "lpips": 0.5677084743976593,
    "ms_ssim": 0.2902082473039627,
    "websight": 0.5120206874119294,
    "ciede2000": 0.5590748592051399,
    "mae": 0.7663662297190514,
    "nemd": 0.9752073496058437,
    "psnr": 0.2015556229129624,
    "ssim": 0.2709689438343048
  },
  "missing": []
}