{
  "per_page": {
    "home": {
      "dists": 0.8136638402938843,
      "lpips": 0.5656281411647797,
      "ms_ssim": 0.2764708697795868,
      "websight": 0.5317287743091583,
      "ciede2000": 0.5769607169281645,
      "mae": 0.7760896977124183,
      "nemd": 0.9757470499674479,
      "psnr": 0.20389978963554603,
      "ssim": 0.27323153614997864
    },
    "profile": {
      "dists": 0.8267718553543091,
      "lpips": 0.5638251900672913,
      "ms_ssim": 0.2693932354450226,
      "websight": 0.5122222238573535,
      "ciede2000": 0.5784340678959037,
      "mae": 0.7733745411220043,
      "nemd": 0.9762174445258247,
      "psnr": 0.20400329438894038,
      "ssim": 0.24459941685199738
    },
    "search": {
      "dists": 0.8070935606956482,
      "lpips": 0.5666016936302185,
      "ms_ssim": 0.23429687321186066,
      "websight": 0.4636321930185197,
      "ciede2000": 0.4910171095623297,
      "mae": 0.7324070479302832,
      "nemd": 0.9781286051432292,
      "psnr": 0.1843514552560734,
      "ssim": 0.26028645038604736
    },
    "settings": {
      "dists": 0.8563395738601685,
      "lpips": 0.637210339307785,
      "ms_ssim": 0.39365243911743164,
      "websight": 0.542420708645157,
      "ciede2000": 0.7097821931769336,
      "mae": 0.8389045213533874,
      "nemd": 0.9758388390802795,
      "psnr": 0.24237603925498735,
      "ssim": 0.3879740238189697
    },
    "trending": {
      "dists": 0.8377468585968018,
      "lpips": 0.622216522693634,
      "ms_ssim": 0.4083958566188812,
      "websight": 0.6145791174873473,
      "ciede2000": 0.6956856294332688,
      "mae": 0.8350158974972103,
      "nemd": 0.9729070724032436,
      "psnr": 0.24139383964579614,
      "ssim": 0.3827645778656006
    }
  },
  "aggregate": {
    "dists": 0.8283231377601623,
    "lpips": 0.5910963773727417,
    "ms_ssim": 0.31644185483455656,
    "websight": 0.5329166034635071,
    "ciede2000": 0.6103759433993201,
    "mae": 0.7911583411230607,
    "nemd": 0.975767802224005,
    "psnr": 0.2152048836362687,
    "ssim": 0.3097712010145187
  },
  "missing": []
}