{
  "per_page": {
    "home": {
      "dists": 0.7878228425979614,
      "lpips": 0.5763699114322662,
      "ms_ssim": 0.4836941659450531,
      "websight": 0.5694728978988276,
      "ciede2000": 0.6456805922324929,
      "mae": 0.7977640733117928,
      "nemd": 0.9579439051551331,
      "psnr": 0.23293259958895754,
      "ssim": 0.5422605872154236
    },
    "post": {
      "dists": 0.8353010416030884,
      "lpips": 0.5994638204574585,
      "ms_ssim": 0.4391005039215088,
      "websight": 0.6176613513092116,
      "ciede2000": 0.743588918901972,
      "mae": 0.8511595031287369,
      "nemd": 0.9292243436145704,
      "psnr": 0.2775267738614319,
      "ssim": 0.4883096516132355
    },
    "resume": {
      "dists": 0.8049117922782898,
      "lpips": 0.5854280889034271,
      "ms_ssim": 0.45888957381248474,
      "websight": 0.5753584538354259,
      "ciede2000": 0.7088171406990424,
      "mae": 0.8348678566578694,
      "nemd": 0.955372939691311,
      "psnr": 0.2598868955964918,
      "ssim": 0.4619356095790863
    },
    "services": {
      "dists": 0.8173104524612427,
      "lpips": 0.5243150889873505,
      "ms_ssim": 0.41369369626045227,
      "websight": 0.5183070389787146,
      "ciede2000": 0.6693329730762612,
      "mae": 0.8115658079133394,
      "nemd": 0.9392708578004074,
      "psnr": 0.24746827028794816,
      "ssim": 0.455437570810318
    },
    "testimonials": {
      "dists": 0.7807873487472534,
      "lpips": 0.5692572891712189,
      "ms_ssim": 0.5410512089729309,
      "websight": 0.5746293312464005,
      "ciede2000": 0.6482853830557996,
      "mae": 0.807952216322088,
      "nemd": 0.9509217242822441,
      "psnr": 0.24441305968782873,
      "ssim": 0.49349984526634216
    }
  },
  "aggregate": {
    "dists": 0.8052266955375671,
    "lpips": 0.5709668397903442,
    "ms_ssim": 0.46728582978248595,
    "websight": 0.571085814653716,
    "ciede2000": 0.6831410015931136,
    "mae": 0.8206618914667654,
    "nemd": 0.9465467541087331,
    "psnr": 0.25244551980453156,
    "ssim": 0.4882886528968811
  },
  "missing": []
}