{
  "per_page": {
    "home": {
      "dists": 0.8518093228340149,
      "lpips": 0.6592921912670135,
      "ms_ssim": 0.545922577381134,
      "websight": 0.6721979557086653,
      "ciede2000": 0.7944679059985434,
      "mae": 0.8842313474675046,
      "nemd": 0.9822798449514143,
      "psnr": 0.2735018704266669,
      "ssim": 0.5895594954490662
    },
    "post": {
      "dists": 0.8711440563201904,
      "lpips": 0.6927861273288727,
      "ms_ssim": 0.4985811412334442,
      "websight": 0.6995678324863394,
      "ciede2000": 0.8448741354796676,
      "mae": 0.9094346323324651,
      "nemd": 0.9816848757432318,
      "psnr": 0.297083186272419,
      "ssim": 0.4997328817844391
    },
    "resume": {
      "dists": 0.8555277585983276,
      "lpips": 0.7120022177696228,
      "ms_ssim": 0.5840238928794861,
      "websight": 0.7081101003778043,
      "ciede2000": 0.846649685881614,
      "mae": 0.9139711631566206,
      "nemd": 0.9792569220593736,
      "psnr": 0.3000152907386019,
      "ssim": 0.5527043342590332
    },
    "services": {
      "dists": 0.8724461197853088,
      "lpips": 0.6874959468841553,
      "ms_ssim": 0.557121217250824,
      "websight": 0.7097990505513995,
      "ciede2000": 0.8395694476637214,
      "mae": 0.9093611894122609,
      "nemd": 0.9834464169793923,
      "psnr": 0.2995148755751292,
      "ssim": 0.5593535304069519
    },
    "testimonials": {
      "dists": 0.8522111177444458,
      "lpips": 0.6946748495101929,
      "ms_ssim": 0.5818161368370056,
      "websight": 0.7045061404888445,
      "ciede2000": 0.8458593118202239,
      "mae": 0.9137278758439347,
      "nemd": 0.9819693730315784,
      "psnr": 0.29718498639333724,
      "ssim": 0.5552515983581543
    }
  },
  "aggregate": {
    "dists": 0.8606276750564575,
    "lpips": 0.6892502665519714,
    "ms_ssim": 0.5534929931163788,
    "websight": 0.6988362159226106,
    "ciede2000": 0.834284097368754,
    "mae": 0.9061452416425573,
    "nemd": 0.9817274865529981,
    "psnr": 0.2934600418812308,
    "ssim": 0.551320368051529
  },
  "missing": []
}