{
  "per_page": {
    "billing": {
      "ciede2000": 0.9270468287421888,
      "mae": 0.9638725490196078,
      "nemd": 0.9898698939067083,
      "ocr_text": 0.7889908256880735,
      "psnr": 0.3610634929278701,
      "ssim": 0.7467665672302246
    },
    "docs": {
      "ciede2000": 0.9388828759674539,
      "mae": 0.9674261173390121,
      "nemd": 0.9917240322092191,
      "ocr_text": 0.8835978835978836,
      "psnr": 0.3753901402842537,
      "ssim": 0.6906294226646423
    },
    "home": {
      "ciede2000": 0.8948635056399352,
      "mae": 0.9488867666650993,
      "nemd": 0.9879455381007693,
      "ocr_text": 0.8616600790513833,
      "psnr": 0.3334646863364476,
      "ssim": 0.6166899800300598
    },
    "login": {
      "ciede2000": 0.9259606473032437,
      "mae": 0.9654081495974641,
      "nemd": 0.995368401450547,
      "ocr_text": 0.8157894736842106,
      "psnr": 0.36885741110955167,
      "ssim": 0.7030038833618164
    },
    "profile": {
      "ciede2000": 0.9431573145273381,
      "mae": 0.9719893729395189,
      "nemd": 0.9928118820840832,
      "ocr_text": 0.8682926829268293,
      "psnr": 0.38115938720957465,
      "ssim": 0.7225654125213623
    },
    "signup": {
      "ciede2000": 0.9144415284898042,
      "mae": 0.9591269115636267,
      "nemd": 0.9950969273550361,
      "ocr_text": 0.8832487309644671,
      "psnr": 0.3540137841437812,
      "ssim": 0.655072033405304
    },
    "tools": {
      "ciede2000": 0.9288843203648366,
      "mae": 0.964758320608926,
      "nemd": 0.9912570621073356,
      "ocr_text": 0.9269662921348314,
      "psnr": 0.36381603855984573,
      "ssim": 0.6644174456596375
    }
  },
  "aggregate": {
    "ciede2000": 0.9247481458621144,
    "mae": 0.9630668839618935,
    "nemd": 0.9920105338876711,
    "ocr_text": 0.8612208525782398,
    "psnr": 0.36253784865304645,
    "ssim": 0.6855921064104352
  },
  "missing": []
}