{
  "per_page": {
    "archive": {
      "dists": 0.8940088748931885,
      "lpips": 0.709572970867157,
      "ms_ssim": 0.6368143558502197,
      "websight": 0.7218132770737173,
      "ciede2000": 0.9051032443511606,
      "mae": 0.9497666958776062,
      "nemd": 0.9820514927585253,
      "ocr_text": 0.8213552361396304,
      "psnr": 0.36599203521636003,
      "ssim": 0.6459670662879944
    },
    "author": {
      "dists": 0.8706039190292358,
      "lpips": 0.6870830655097961,
      "ms_ssim": 0.5486934781074524,
      "websight": 0.7207973855066684,
      "ciede2000": 0.8493423755706471,
      "mae": 0.920217393638726,
      "nemd": 0.9810728240108872,
      "ocr_text": 0.9242144177449169,
      "psnr": 0.3219230421851006,
      "ssim": 0.5262959599494934
    },
    "contact": {
      "dists": 0.8881452083587646,
      "lpips": 0.7517177015542984,
      "ms_ssim": 0.6304011940956116,
      "websight": 0.7519973930385376,
      "ciede2000": 0.8445821257282045,
      "mae": 0.9185287092954983,
      "nemd": 0.9843486932250535,
      "ocr_text": 0.8426666666666667,
      "psnr": 0.3106381398733698,
      "ssim": 0.6084315776824951
    },
    "home": {
      "dists": 0.8423430323600769,
      "lpips": 0.597657322883606,
      "ms_ssim": 0.38356903195381165,
      "websight": 0.6012278600185746,
      "ciede2000": 0.7138955230575683,
      "mae": 0.855611020568021,
      "nemd": 0.9826391601562501,
      "ocr_text": 0.8211678832116789,
      "psnr": 0.2586255842072336,
      "ssim": 0.4465963542461395
    },
    "latest": {
      "dists": 0.8577556610107422,
      "lpips": 0.6747312247753143,
      "ms_ssim": 0.5080036520957947,
      "websight": 0.6953748382128445,
      "ciede2000": 0.8391428276457351,
      "mae": 0.9143978314600251,
      "nemd": 0.9811603168526082,
      "ocr_text": 0.8907801418439716,
      "psnr": 0.3145109386771951,
      "ssim": 0.5339800715446472
    },
    "newsletter": {
      "dists": 0.8828171491622925,
      "lpips": 0.6879773139953613,
      "ms_ssim": 0.5594791769981384,
      "websight": 0.7277817984422047,
      "ciede2000": 0.8338070431554813,
      "mae": 0.9133921824204134,
      "nemd": 0.9785460382010069,
      "ocr_text": 0.9125,
      "psnr": 0.3051697872861764,
      "ssim": 0.5457531213760376
    }
  },
  "aggregate": {
    "dists": 0.87261230746905,
    "lpips": 0.6847899332642555,
    "ms_ssim": 0.5444934815168381,
    "websight": 0.7031654253820913,
    "ciede2000": 0.8309788565847995,
    "mae": 0.911985638876715,
    "nemd": 0.9816364208673886,
    "ocr_text": 0.8687807242678106,
    "psnr": 0.3128099212409059,
    "ssim": 0.5511706918478012
  },
  "missing": []
}