{
  "per_page": {
    "billing": {
      "dists": 0.8590478897094727,
      "lpips": 0.770117461681366,
      "ms_ssim": 0.7330177426338196,
      "websight": 0.7711131644028204,
      "ciede2000": 0.8898578816022137,
      "mae": 0.9593949193612171,
      "nemd": 0.9893671658344219,
      "ocr_text": 0.8430493273542601,
      "psnr": 0.35864213239118153,
      "ssim": 0.7045130729675293
    },
    "docs": {
      "dists": 0.8420896530151367,
      "lpips": 0.7247560024261475,
      "ms_ssim": 0.6868936419487,
      "websight": 0.7700901412749076,
      "ciede2000": 0.897273499298504,
      "mae": 0.9610657462096861,
      "nemd": 0.9888134323703788,
      "ocr_text": 0.8877005347593583,
      "psnr": 0.37456758696842685,
      "ssim": 0.6797537207603455
    },
    "home": {
      "dists": 0.8148914575576782,
      "lpips": 0.6849647462368011,
      "ms_ssim": 0.6159672141075134,
      "websight": 0.7253707258053769,
      "ciede2000": 0.7777435832114539,
      "mae": 0.9103922610930864,
      "nemd": 0.9772030883106015,
      "ocr_text": 0.8666666666666667,
      "psnr": 0.29824442830492803,
      "ssim": 0.575786292552948
    },
    "login": {
      "dists": 0.8294696807861328,
      "lpips": 0.7490012049674988,
      "ms_ssim": 0.7263676524162292,
      "websight": 0.8034659213489957,
      "ciede2000": 0.8734477231356564,
      "mae": 0.9559970335773794,
      "nemd": 0.9915404737888203,
      "ocr_text": 0.9199999999999999,
      "psnr": 0.3651529714795871,
      "ssim": 0.711155116558075
    },
    "profile": {
      "dists": 0.8230917453765869,
      "lpips": 0.7367747724056244,
      "ms_ssim": 0.741976261138916,
      "websight": 0.791098165356256,
      "ciede2000": 0.8947225987264156,
      "mae": 0.963851274530874,
      "nemd": 0.9920218086365651,
      "ocr_text": 0.8823529411764707,
      "psnr": 0.3760261829101126,
      "ssim": 0.7097675204277039
    },
    "signup": {
      "dists": 0.8278026580810547,
      "lpips": 0.7575602531433105,
      "ms_ssim": 0.74321049451828,
      "websight": 0.7764058605602527,
      "ciede2000": 0.8777322041122141,
      "mae": 0.9566019550142154,
      "nemd": 0.9905527422996643,
      "ocr_text": 0.8415841584158416,
      "psnr": 0.3649541187916834,
      "ssim": 0.7079818844795227
    },
    "tools": {
      "dists": 0.8035566210746765,
      "lpips": 0.7176385223865509,
      "ms_ssim": 0.646816074848175,
      "websight": 0.7625021126787842,
      "ciede2000": 0.8794391391022743,
      "mae": 0.9547337679096934,
      "nemd": 0.9882168576633047,
      "ocr_text": 0.9021739130434783,
      "psnr": 0.35713495498862313,
      "ssim": 0.6220842599868774
    }
  },
  "aggregate": {
    "dists": 0.8285642436572483,
    "lpips": 0.7344018518924713,
    "ms_ssim": 0.6991784402302333,
    "websight": 0.771435155918199,
    "ciede2000": 0.8700309470269617,
    "mae": 0.9517195653851644,
    "nemd": 0.9882450812719652,
    "ocr_text": 0.877646791630868,
    "psnr": 0.35638891083350605,
    "ssim": 0.6730059811047145
  },
  "missing": []
}