{
  "per_page": {
    "api": {
      "dists": 0.800879716873169,
      "lpips": 0.5138594806194305,
      "ms_ssim": 0.3949087858200073,
      "websight": 0.5356635289823907,
      "ciede2000": 0.6234861568460899,
      "mae": 0.8053065142872096,
      "nemd": 0.9690420496025403,
      "psnr": 0.22936047195898787,
      "ssim": 0.3995943069458008
    },
    "home": {
      "dists": 0.753478467464447,
      "lpips": 0.45084017515182495,
      "ms_ssim": 0.4248568117618561,
      "websight": 0.5350641752919579,
      "ciede2000": 0.7321923110348014,
      "mae": 0.861612179752351,
      "nemd": 0.9684093755646634,
      "psnr": 0.27647344363516535,
      "ssim": 0.3982635736465454
    },
    "integrations": {
      "dists": 0.7535371780395508,
      "lpips": 0.3680106997489929,
      "ms_ssim": 0.24470607936382294,
      "websight": 0.47658610022033915,
      "ciede2000": 0.5782355119121316,
      "mae": 0.7916947552775899,
      "nemd": 0.9577764752267421,
      "psnr": 0.2372579065754313,
      "ssim": 0.22663117945194244
    },
    "login": {
      "dists": 0.7594253420829773,
      "lpips": 0.33795398473739624,
      "ms_ssim": 0.40449318289756775,
      "websight": 0.519229978484513,
      "ciede2000": 0.7310544448452907,
      "mae": 0.8567137342901257,
      "nemd": 0.9423263769358595,
      "psnr": 0.2772275546155454,
      "ssim": 0.42947712540626526
    },
    "profile": {
      "dists": 0.7584432363510132,
      "lpips": 0.4180402159690857,
      "ms_ssim": 0.3740640878677368,
      "websight": 0.5342740361168791,
      "ciede2000": 0.6871924973331656,
      "mae": 0.8323805203891135,
      "nemd": 0.9633944793995777,
      "psnr": 0.2655776763276138,
      "ssim": 0.3180657923221588
    }
  },
  "aggregate": {
    "dists": 0.7651527881622314,
    "lpips": 0.41774091124534607,
    "ms_ssim": 0.3686057895421982,
    "websight": 0.520163563819216,
    "ciede2000": 0.6704321843942959,
    "mae": 0.8295415407992779,
    "nemd": 0.9601897513458766,
    "psnr": 0.2571794106225488,
    "ssim": 0.35440639555454256
  },
  "missing": []
}