{
  "per_page": {
    "about": {
      "dists": 0.869465708732605,
      "lpips": 0.6067220270633698,
      "ms_ssim": 0.35382533073425293,
      "websight": 0.5504216709356199,
      "ciede2000": 0.6633385345386791,
      "mae": 0.830815773263034,
      "nemd": 0.9677068880443579,
      "psnr": 0.24202349327741382,
      "ssim": 0.3000997304916382
    },
    "account": {
      "dists": 0.8567031621932983,
      "lpips": 0.5857795476913452,
      "ms_ssim": 0.36661598086357117,
      "websight": 0.5076837063362004,
      "ciede2000": 0.5448234524912745,
      "mae": 0.7782754954322288,
      "nemd": 0.9273180350813894,
      "psnr": 0.21197868584871452,
      "ssim": 0.3530111014842987
    },
    "cart": {
      "dists": 0.8438446521759033,
      "lpips": 0.6506528556346893,
      "ms_ssim": 0.39947235584259033,
      "websight": 0.5585483411947886,
      "ciede2000": 0.6296741028880524,
      "mae": 0.8147674342370693,
      "nemd": 0.9613045360423901,
      "psnr": 0.22832489241579243,
      "ssim": 0.3703348636627197
    },
    "faq": {
      "dists": 0.8358680009841919,
      "lpips": 0.6249298453330994,
      "ms_ssim": 0.32864364981651306,
      "websight": 0.6119038940656303,
      "ciede2000": 0.6067171197957106,
      "mae": 0.8056359550250141,
      "nemd": 0.9610582937232751,
      "psnr": 0.22381613731387928,
      "ssim": 0.3176298439502716
    },
    "home": {
      "dists": 0.82097327709198,
      "lpips": 0.5060378909111023,
      "ms_ssim": 0.2322351336479187,
      "websight": 0.5176173080632717,
      "ciede2000": 0.5689291603904014,
      "mae": 0.7711225377894572,
      "nemd": 0.9648133251748043,
      "psnr": 0.21063146146735603,
      "ssim": 0.20382727682590485
    },
    "orders": {
      "dists": 0.8579119443893433,
      "lpips": 0.6268807053565979,
      "ms_ssim": 0.3214435577392578,
      "websight": 0.5159290055433909,
      "ciede2000": 0.6304986657350811,
      "mae": 0.8175950298291694,
      "nemd": 0.9631455407702167,
      "psnr": 0.22776775469725857,
      "ssim": 0.32885029911994934
    }
  },
  "aggregate": {
    "dists": 0.8474611242612203,
    "lpips": 0.6001671453317007,
    "ms_ssim": 0.333706001440684,
    "websight": 0.543683987689817,
    "ciede2000": 0.6073301726398664,
    "mae": 0.8030353709293289,
    "nemd": 0.9575577698060723,
    "psnr": 0.2240904041700691,
    "ssim": 0.3122921859224637
  },
  "missing": []
}