{
  "per_page": {
    "about": {
      "dists": 0.7854223847389221,
      "lpips": 0.6634316742420197,
      "ms_ssim": 0.6358618140220642,
      "websight": 0.7115183755147642,
      "ciede2000": 0.766104115136327,
      "mae": 0.9390572262238228,
      "nemd": 0.9805870923239086,
      "psnr": 0.3585899763670174,
      "ssim": 0.6120380163192749
    },
    "home": {
      "dists": 0.7481251358985901,
      "lpips": 0.6564073860645294,
      "ms_ssim": 0.6064961552619934,
      "websight": 0.6933340202340048,
      "ciede2000": 0.7623847864885227,
      "mae": 0.9352352124183007,
      "nemd": 0.9797499067733054,
      "psnr": 0.35162901395731,
      "ssim": 0.5995571613311768
    },
    "press": {
      "dists": 0.7630001306533813,
      "lpips": 0.6175520420074463,
      "ms_ssim": 0.5591358542442322,
      "websight": 0.6692708488823711,
      "ciede2000": 0.7619076941685123,
      "mae": 0.9323909160364943,
      "nemd": 0.9771294788741052,
      "psnr": 0.3493318580753565,
      "ssim": 0.5530949831008911
    },
    "team": {
      "dists": 0.792402982711792,
      "lpips": 0.6421738266944885,
      "ms_ssim": 0.6128380298614502,
      "websight": 0.7026596354457725,
      "ciede2000": 0.7659754042808875,
      "mae": 0.9349673801237042,
      "nemd": 0.9818622189401391,
      "psnr": 0.3553550699943035,
      "ssim": 0.5703747272491455
    },
    "testimonials": {
      "dists": 0.7622334957122803,
      "lpips": 0.6661390960216522,
      "ms_ssim": 0.5972065329551697,
      "websight": 0.708569205072929,
      "ciede2000": 0.7547522175473868,
      "mae": 0.9333114967078413,
      "nemd": 0.9797706653407942,
      "psnr": 0.3515697914544834,
      "ssim": 0.5528904795646667
    }
  },
  "aggregate": {
    "dists": 0.7702368259429931,
    "lpips": 0.6491408050060272,
    "ms_ssim": 0.6023076772689819,
    "websight": 0.6970704170299683,
    "ciede2000": 0.7622248435243273,
    "mae": 0.9349924463020326,
    "nemd": 0.9798198724504505,
    "psnr": 0.3532951419696942,
    "ssim": 0.577591073513031
  },
  "missing": []
}