{
  "per_page": {
    "home": {
      "dists": 0.8084802627563477,
      "lpips": 0.605423092842102,
      "ms_ssim": 0.5354275703430176,
      "websight": 0.586620080033748,
      "ciede2000": 0.7099262125449372,
      "mae": 0.8358653629811593,
      "nemd": 0.9572090992809148,
      "psnr": 0.2613447950660866,
      "ssim": 0.5810055136680603
    },
    "post": {
      "dists": 0.8504886627197266,
      "lpips": 0.6486172378063202,
      "ms_ssim": 0.5306585431098938,
      "websight": 0.6830923908888691,
      "ciede2000": 0.7995026013076507,
      "mae": 0.881172846331515,
      "nemd": 0.94792183145445,
      "psnr": 0.30208338975220544,
      "ssim": 0.5580317378044128
    },
    "resume": {
      "dists": 0.7942895889282227,
      "lpips": 0.5618478953838348,
      "ms_ssim": 0.4597300589084625,
      "websight": 0.5558297164967748,
      "ciede2000": 0.6316460847208033,
      "mae": 0.794309755654746,
      "nemd": 0.9343645389307627,
      "psnr": 0.23281973749392054,
      "ssim": 0.466621071100235
    },
    "services": {
      "dists": 0.818084180355072,
      "lpips": 0.513541966676712,
      "ms_ssim": 0.437976598739624,
      "websight": 0.5271055840694152,
      "ciede2000": 0.5991893707448762,
      "mae": 0.7911995006724779,
      "nemd": 0.9379537453332711,
      "psnr": 0.23330423492956903,
      "ssim": 0.4574529230594635
    },
    "testimonials": {
      "dists": 0.8370685577392578,
      "lpips": 0.6114906966686249,
      "ms_ssim": 0.5499792695045471,
      "websight": 0.5838474874389904,
      "ciede2000": 0.7154773419761493,
      "mae": 0.8420679518990888,
      "nemd": 0.9453397133940686,
      "psnr": 0.2649361136253584,
      "ssim": 0.5093458294868469
    }
  },
  "aggregate": {
    "dists": 0.8216822504997253,
    "lpips": 0.5881841778755188,
    "ms_ssim": 0.502754408121109,
    "websight": 0.5872990517855595,
    "ciede2000": 0.6911483222588833,
    "mae": 0.8289230835077974,
    "nemd": 0.9445577856786935,
    "psnr": 0.258897654173428,
    "ssim": 0.5144914150238037
  },
  "missing": []
}