{
  "per_page": {
    "events": {
      "dists": 0.8603450655937195,
      "lpips": 0.6014237403869629,
      "ms_ssim": 0.3099532425403595,
      "websight": 0.5942687180734451,
      "ciede2000": 0.6933797647713624,
      "mae": 0.8421513233885508,
      "nemd": 0.975688222249349,
      "psnr": 0.24347462653027246,
      "ssim": 0.2607204020023346
    },
    "home": {
      "dists": 0.838147759437561,
      "lpips": 0.5680472254753113,
      "ms_ssim": 0.23993085324764252,
      "websight": 0.546997703869995,
      "ciede2000": 0.654485028357185,
      "mae": 0.8198856978561768,
      "nemd": 0.974398230167028,
      "psnr": 0.23051568846880136,
      "ssim": 0.22720587253570557
    },
    "messages": {
      "dists": 0.8276286125183105,
      "lpips": 0.5640195310115814,
      "ms_ssim": 0.30309954285621643,
      "websight": 0.5699562766201435,
      "ciede2000": 0.6644001729619833,
      "mae": 0.8269165602264632,
      "nemd": 0.929296509086448,
      "psnr": 0.24195835591719045,
      "ssim": 0.28506484627723694
    },
    "notifications": {
      "dists": 0.8237646818161011,
      "lpips": 0.5415904521942139,
      "ms_ssim": 0.24730639159679413,
      "websight": 0.5278401006165101,
      "ciede2000": 0.592398578245912,
      "mae": 0.7894117278640077,
      "nemd": 0.8811630297995379,
      "psnr": 0.22047951081858472,
      "ssim": 0.2504061758518219
    },
    "search": {
      "dists": 0.8339461088180542,
      "lpips": 0.5393044352531433,
      "ms_ssim": 0.23660027980804443,
      "websight": 0.5358724241016133,
      "ciede2000": 0.6733764778027009,
      "mae": 0.8403934866047114,
      "nemd": 0.9812334908379449,
      "psnr": 0.2393920771876457,
      "ssim": 0.23665575683116913
    },
    "settings": {
      "dists": 0.8544782996177673,
      "lpips": 0.6488207578659058,
      "ms_ssim": 0.3160361051559448,
      "websight": 0.6042269505193633,
      "ciede2000": 0.7894725713601806,
      "mae": 0.8936701037476544,
      "nemd": 0.9674810694287114,
      "psnr": 0.26677305891361297,
      "ssim": 0.2806834876537323
    },
    "trending": {
      "dists": 0.8350309133529663,
      "lpips": 0.5709589421749115,
      "ms_ssim": 0.3214464485645294,
      "websight": 0.5763034986488985,
      "ciede2000": 0.6738849879454945,
      "mae": 0.8342102890165801,
      "nemd": 0.974722829500514,
      "psnr": 0.23728898157608985,
      "ssim": 0.3112022280693054
    }
  },
  "aggregate": {
    "dists": 0.8390487773077828,
    "lpips": 0.5763092977660043,
    "ms_ssim": 0.2820532662527902,
    "websight": 0.5650665246357098,
    "ciede2000": 0.677342511634974,
    "mae": 0.8352341698148776,
    "nemd": 0.9548547687242189,
    "psnr": 0.23998318563031398,
    "ssim": 0.2645626813173294
  },
  "missing": []
}