{
  "per_page": {
    "contact": {
      "dists": 0.8191567659378052,
      "lpips": 0.6075760722160339,
      "ms_ssim": 0.40417805314064026,
      "websight": 0.6403848914111533,
      "ciede2000": 0.6469956238976489,
      "mae": 0.8252131580621127,
      "nemd": 0.948795073058158,
      "psnr": 0.2493874276814726,
      "ssim": 0.3695705831050873
    },
    "faq": {
      "dists": 0.7713400721549988,
      "lpips": 0.4971277713775635,
      "ms_ssim": 0.26983964443206787,
      "websight": 0.5663121130245036,
      "ciede2000": 0.6148978267753362,
      "mae": 0.8067351173561212,
      "nemd": 0.9196356710851233,
      "psnr": 0.2500166616079356,
      "ssim": 0.24847833812236786
    },
    "home": {
      "dists": 0.8049177527427673,
      "lpips": 0.46826547384262085,
      "ms_ssim": 0.2002706080675125,
      "websight": 0.5302193232871204,
      "ciede2000": 0.6199591547036623,
      "mae": 0.8098938545001779,
      "nemd": 0.9387263741182797,
      "psnr": 0.24940706747383737,
      "ssim": 0.19565384089946747
    },
    "press": {
      "dists": 0.7937857508659363,
      "lpips": 0.533220112323761,
      "ms_ssim": 0.2618194818496704,
      "websight": 0.5561893537160888,
      "ciede2000": 0.6191040342763692,
      "mae": 0.8090671423230309,
      "nemd": 0.9428160879706259,
      "psnr": 0.2400000076301069,
      "ssim": 0.24473804235458374
    },
    "pricing": {
      "dists": 0.8144899010658264,
      "lpips": 0.5285105109214783,
      "ms_ssim": 0.25403738021850586,
      "websight": 0.5681953761955681,
      "ciede2000": 0.6421398129793112,
      "mae": 0.819365743671898,
      "nemd": 0.9504828955842557,
      "psnr": 0.24650075982702765,
      "ssim": 0.25037050247192383
    },
    "resources": {
      "dists": 0.7942786812782288,
      "lpips": 0.555150181055069,
      "ms_ssim": 0.3500940799713135,
      "websight": 0.603546984866905,
      "ciede2000": 0.6251761658097422,
      "mae": 0.8144850655672502,
      "nemd": 0.9410560395867038,
      "psnr": 0.24542419949431346,
      "ssim": 0.3415820598602295
    },
    "services": {
      "dists": 0.7861355543136597,
      "lpips": 0.5838674902915955,
      "ms_ssim": 0.3455064296722412,
      "websight": 0.6159266941116986,
      "ciede2000": 0.6316965435529178,
      "mae": 0.8172585231641676,
      "nemd": 0.9408095850726358,
      "psnr": 0.24841226621776133,
      "ssim": 0.33562496304512024
    }
  },
  "aggregate": {
    "dists": 0.7977292111941746,
    "lpips": 0.5391025160040174,
    "ms_ssim": 0.29796366819313597,
    "websight": 0.5829678195161483,
    "ciede2000": 0.6285670231421411,
    "mae": 0.8145740863778227,
    "nemd": 0.9403316752108258,
    "psnr": 0.24702119856177923,
    "ssim": 0.28371690426553997
  },
  "missing": []
}