{
  "per_page": {
    "careers": {
      "ciede2000": 0.7321141662517303,
      "mae": 0.8874308101018185,
      "nemd": 0.9846047029271776,
      "psnr": 0.29219738834170517,
      "ssim": 0.40111175179481506
    },
    "faq": {
      "ciede2000": 0.6572119859202555,
      "mae": 0.8579388356153491,
      "nemd": 0.97125341796875,
      "psnr": 0.2698835197983687,
      "ssim": 0.3793942928314209
    },
    "home": {
      "ciede2000": 0.7276873600884324,
      "mae": 0.884824715258818,
      "nemd": 0.9802531467013889,
      "psnr": 0.29283108163579574,
      "ssim": 0.381143182516098
    },
    "pricing": {
      "ciede2000": 0.791334415400812,
      "mae": 0.9113055413209148,
      "nemd": 0.9860776638827993,
      "psnr": 0.3099345532819549,
      "ssim": 0.5100953578948975
    },
    "testimonials": {
      "ciede2000": 0.6665608292150861,
      "mae": 0.85921898754973,
      "nemd": 0.9833103209417224,
      "psnr": 0.27315191227799135,
      "ssim": 0.3171656131744385
    }
  },
  "aggregate": {
    "ciede2000": 0.7149817513752632,
    "mae": 0.8801437779693261,
    "nemd": 0.9810998504843675,
    "psnr": 0.28759969106716315,
    "ssim": 0.397782039642334
  },
  "missing": []
}