{
  "per_page": {
    "careers": {
      "dists": 0.8124997615814209,
      "lpips": 0.6239587664604187,
      "ms_ssim": 0.410103440284729,
      "websight": 0.6239551178639853,
      "ciede2000": 0.7124596559724108,
      "mae": 0.8790982748655017,
      "nemd": 0.9797076664216035,
      "psnr": 0.2825042346566363,
      "ssim": 0.357287734746933
    },
    "faq": {
      "dists": 0.8029031157493591,
      "lpips": 0.5571123361587524,
      "ms_ssim": 0.3163781464099884,
      "websight": 0.5917431092313706,
      "ciede2000": 0.6577748329393308,
      "mae": 0.8522775368541577,
      "nemd": 0.9722039966196523,
      "psnr": 0.267156167905851,
      "ssim": 0.26770949363708496
    },
    "home": {
      "dists": 0.8192077279090881,
      "lpips": 0.6470668017864227,
      "ms_ssim": 0.4574294984340668,
      "websight": 0.6760849984848138,
      "ciede2000": 0.7374342421056621,
      "mae": 0.8866699442927664,
      "nemd": 0.9647256182148821,
      "psnr": 0.2934791032516026,
      "ssim": 0.40008631348609924
    },
    "pricing": {
      "dists": 0.8175391554832458,
      "lpips": 0.650214672088623,
      "ms_ssim": 0.43586888909339905,
      "websight": 0.6362401872692686,
      "ciede2000": 0.7301566629895173,
      "mae": 0.8835597735043887,
      "nemd": 0.9649828963503456,
      "psnr": 0.2858161750874263,
      "ssim": 0.39011621475219727
    },
    "testimonials": {
      "dists": 0.7964655160903931,
      "lpips": 0.5356849133968353,
      "ms_ssim": 0.3109564483165741,
      "websight": 0.5823913127830512,
      "ciede2000": 0.6300569042022186,
      "mae": 0.8445517717805722,
      "nemd": 0.979707398714075,
      "psnr": 0.26162920581968824,
      "ssim": 0.2679143249988556
    }
  },
  "aggregate": {
    "dists": 0.8097230553627014,
    "lpips": 0.6028074979782104,
    "ms_ssim": 0.3861472845077515,
    "websight": 0.622082945126498,
    "ciede2000": 0.6935764596418279,
    "mae": 0.8692314602594772,
    "nemd": 0.9722655152641118,
    "psnr": 0.27811697734424096,
    "ssim": 0.336622816324234
  },
  "missing": []
}