{
  "per_page": {
    "events": {
      "dists": 0.7833262085914612,
      "lpips": 0.4008597731590271,
      "ms_ssim": 0.41810616850852966,
      "websight": 0.5733430793020461,
      "ciede2000": 0.7370439996027905,
      "mae": 0.8870484394240788,
      "nemd": 0.962804783201777,
      "psnr": 0.30350854946233485,
      "ssim": 0.40781617164611816
    },
    "home": {
      "dists": 0.738280177116394,
      "lpips": 0.39806056022644043,
      "ms_ssim": 0.5301432609558105,
      "websight": 0.5931632044821075,
      "ciede2000": 0.7811788279310621,
      "mae": 0.9015956436752532,
      "nemd": 0.959927311595653,
      "psnr": 0.31593315705554675,
      "ssim": 0.4703361988067627
    },
    "login": {
      "dists": 0.8003821969032288,
      "lpips": 0.4525187611579895,
      "ms_ssim": 0.6437026858329773,
      "websight": 0.6335381230397781,
      "ciede2000": 0.82693022369199,
      "mae": 0.9256951608471217,
      "nemd": 0.9649143516074667,
      "psnr": 0.3427027729338631,
      "ssim": 0.6290439963340759
    },
    "saved": {
      "dists": 0.7619346380233765,
      "lpips": 0.39455747604370117,
      "ms_ssim": 0.5035276412963867,
      "websight": 0.5945720801331068,
      "ciede2000": 0.768044169961761,
      "mae": 0.8995294110723385,
      "nemd": 0.9629985010179423,
      "psnr": 0.3140304636378954,
      "ssim": 0.44612744450569153
    },
    "search": {
      "dists": 0.7392812967300415,
      "lpips": 0.3986402750015259,
      "ms_ssim": 0.46038997173309326,
      "websight": 0.5777338605045815,
      "ciede2000": 0.7391675213869813,
      "mae": 0.8842734639344432,
      "nemd": 0.9595057391296438,
      "psnr": 0.3004170729102242,
      "ssim": 0.4063268005847931
    }
  },
  "aggregate": {
    "dists": 0.7646409034729004,
    "lpips": 0.4089273691177368,
    "ms_ssim": 0.5111739456653595,
    "websight": 0.594470069492324,
    "ciede2000": 0.770472948514917,
    "mae": 0.8996284237906471,
    "nemd": 0.9620301373104965,
    "psnr": 0.31531840319997284,
    "ssim": 0.47193012237548826
  },
  "missing": []
}