{
  "per_page": {
    "api": {
      "dists": 0.8417816162109375,
      "lpips": 0.507863849401474,
      "ms_ssim": 0.5066511034965515,
      "websight": 0.5974649994269661,
      "ciede2000": 0.7219743117616144,
      "mae": 0.8634258171388366,
      "nemd": 0.957949597052125,
      "psnr": 0.2733179967476815,
      "ssim": 0.4614502489566803
    },
    "home": {
      "dists": 0.7679020166397095,
      "lpips": 0.4189877510070801,
      "ms_ssim": 0.39100709557533264,
      "websight": 0.5381988777895663,
      "ciede2000": 0.693147479426931,
      "mae": 0.8583363094417327,
      "nemd": 0.9699754859768128,
      "psnr": 0.2744668362405221,
      "ssim": 0.35207757353782654
    },
    "integrations": {
      "dists": 0.784415066242218,
      "lpips": 0.41874682903289795,
      "ms_ssim": 0.3363761901855469,
      "websight": 0.5302025254245276,
      "ciede2000": 0.654572022307819,
      "mae": 0.8338722738712343,
      "nemd": 0.9630311372837345,
      "psnr": 0.25759850154221653,
      "ssim": 0.2994229197502136
    },
    "login": {
      "dists": 0.7470604777336121,
      "lpips": 0.37665021419525146,
      "ms_ssim": 0.39234742522239685,
      "websight": 0.5094150250681694,
      "ciede2000": 0.6621286357073097,
      "mae": 0.8426180963885622,
      "nemd": 0.9560453521840575,
      "psnr": 0.26688253169310594,
      "ssim": 0.40738120675086975
    },
    "profile": {
      "dists": 0.8052815198898315,
      "lpips": 0.47893738746643066,
      "ms_ssim": 0.4691186249256134,
      "websight": 0.5437355839175942,
      "ciede2000": 0.7083306578589259,
      "mae": 0.862434402059139,
      "nemd": 0.9595205536552976,
      "psnr": 0.2841539467170299,
      "ssim": 0.4303290843963623
    }
  },
  "aggregate": {
    "dists": 0.7892881393432617,
    "lpips": 0.44023720622062684,
    "ms_ssim": 0.41910008788108827,
    "websight": 0.5438034023253647,
    "ciede2000": 0.68803062141252,
    "mae": 0.852137379779901,
    "nemd": 0.9613044252304055,
    "psnr": 0.2712839625881112,
    "ssim": 0.3901322066783905
  },
  "missing": []
}