{
  "per_page": {
    "about": {
      "ciede2000": 0.8079230647429044,
      "mae": 0.8996061417114853,
      "nemd": 0.9928123311867991,
      "ocr_text": 0.9338235294117647,
      "psnr": 0.28047484839740505,
      "ssim": 0.39876314997673035
    },
    "blog": {
      "ciede2000": 0.7838591652630145,
      "mae": 0.8875668541682318,
      "nemd": 0.9851088327770794,
      "ocr_text": 0.8757396449704142,
      "psnr": 0.2726575607378922,
      "ssim": 0.3223329484462738
    },
    "contact": {
      "ciede2000": 0.7822915816085577,
      "mae": 0.8889323299740444,
      "nemd": 0.9868333732080276,
      "ocr_text": 0.7832167832167831,
      "psnr": 0.2721279007232353,
      "ssim": 0.27719318866729736
    },
    "home": {
      "ciede2000": 0.7947521273310337,
      "mae": 0.8904122885279586,
      "nemd": 0.9879912694689734,
      "ocr_text": 0.7485380116959064,
      "psnr": 0.276736152046309,
      "ssim": 0.4164595901966095
    },
    "post": {
      "ciede2000": 0.8077385169201726,
      "mae": 0.9005265324618736,
      "nemd": 0.9876503958333334,
      "ocr_text": 0.9477351916376308,
      "psnr": 0.28202488152900557,
      "ssim": 0.33770155906677246
    },
    "project-detail": {
      "ciede2000": 0.7838540575130994,
      "mae": 0.890823425553304,
      "nemd": 0.9816871475498594,
      "ocr_text": 0.8593155893536122,
      "psnr": 0.2727678926254066,
      "ssim": 0.31052452325820923
    },
    "services": {
      "ciede2000": 0.826297519605617,
      "mae": 0.9076919548262531,
      "nemd": 0.9795118224972156,
      "ocr_text": 0.7888446215139442,
      "psnr": 0.27964682221266757,
      "ssim": 0.2872311770915985
    }
  },
  "aggregate": {
    "ciede2000": 0.7981022904263428,
    "mae": 0.8950799324604501,
    "nemd": 0.9859421675030412,
    "ocr_text": 0.8481733388285795,
    "psnr": 0.27663372261027447,
    "ssim": 0.33574373381478445
  },
  "missing": []
}