{
  "per_page": {
    "about": {
      "ciede2000": 0.8745923196839732,
      "mae": 0.9413529584891475,
      "nemd": 0.9777262404692362,
      "psnr": 0.3622027797898039,
      "ssim": 0.6712554097175598
    },
    "cart": {
      "ciede2000": 0.8726685923221956,
      "mae": 0.9334890748293599,
      "nemd": 0.9811280097685724,
      "psnr": 0.3413446983336617,
      "ssim": 0.6355990767478943
    },
    "category": {
      "ciede2000": 0.8631367138371916,
      "mae": 0.9307586575215582,
      "nemd": 0.9700424033930837,
      "psnr": 0.341355805137637,
      "ssim": 0.5951369404792786
    },
    "faq": {
      "ciede2000": 0.9008729307502413,
      "mae": 0.9540515154287108,
      "nemd": 0.9821694333257581,
      "psnr": 0.3833875074370987,
      "ssim": 0.6840114593505859
    },
    "home": {
      "ciede2000": 0.8776571317875524,
      "mae": 0.9436165022645019,
      "nemd": 0.9693286932454261,
      "psnr": 0.3623642683466558,
      "ssim": 0.6951086521148682
    },
    "wishlist": {
      "ciede2000": 0.8740191386571122,
      "mae": 0.9415192831632293,
      "nemd": 0.97330578753895,
      "psnr": 0.358445205799271,
      "ssim": 0.6841166615486145
    }
  },
  "aggregate": {
    "ciede2000": 0.8771578045063778,
    "mae": 0.9407979986160845,
    "nemd": 0.9756167612901713,
    "psnr": 0.35818337747402135,
    "ssim": 0.6608713666598002
  },
  "missing": []
}