{
  "per_page": {
    "api": {
      "dists": 0.8028868436813354,
      "lpips": 0.5086486339569092,
      "ms_ssim": 0.4019306004047394,
      "websight": 0.5327907874580359,
      "ciede2000": 0.5634183677210709,
      "mae": 0.7715094310410997,
      "nemd": 0.939772103197634,
      "psnr": 0.20913794589012646,
      "ssim": 0.3910816013813019
    },
    "home": {
      "dists": 0.7422724962234497,
      "lpips": 0.436862051486969,
      "ms_ssim": 0.3878687918186188,
      "websight": 0.5190937657937355,
      "ciede2000": 0.7414515422093044,
      "mae": 0.8617998117046475,
      "nemd": 0.9637586645313232,
      "psnr": 0.27646760124670205,
      "ssim": 0.3583546578884125
    },
    "integrations": {
      "dists": 0.7526512145996094,
      "lpips": 0.4048635959625244,
      "ms_ssim": 0.3044241964817047,
      "websight": 0.5245971354494068,
      "ciede2000": 0.6373476742006786,
      "mae": 0.8089730561189994,
      "nemd": 0.9595357567798132,
      "psnr": 0.2435152871101857,
      "ssim": 0.24474160373210907
    },
    "login": {
      "dists": 0.7239592671394348,
      "lpips": 0.3348087668418884,
      "ms_ssim": 0.37226977944374084,
      "websight": 0.49654825504233197,
      "ciede2000": 0.6658467898414887,
      "mae": 0.8161322736084778,
      "nemd": 0.9438132650602857,
      "psnr": 0.2533102755373455,
      "ssim": 0.3906552791595459
    },
    "profile": {
      "dists": 0.7714214324951172,
      "lpips": 0.39989209175109863,
      "ms_ssim": 0.32553625106811523,
      "websight": 0.5110332128123858,
      "ciede2000": 0.705327333253892,
      "mae": 0.8393715459873141,
      "nemd": 0.951737616714284,
      "psnr": 0.26296963505936066,
      "ssim": 0.27684447169303894
    }
  },
  "aggregate": {
    "dists": 0.7586382508277894,
    "lpips": 0.41701502799987794,
    "ms_ssim": 0.35840592384338377,
    "websight": 0.5168126313111792,
    "ciede2000": 0.662678341445287,
    "mae": 0.8195572236921077,
    "nemd": 0.9517234812566681,
    "psnr": 0.24908014896874406,
    "ssim": 0.33233552277088163
  },
  "missing": []
}