{
  "per_page": {
    "about": {
      "ciede2000": 0.87616565520545,
      "mae": 0.949270963062396,
      "nemd": 0.9871936586755327,
      "psnr": 0.3685388142500113,
      "ssim": 0.5400359034538269
    },
    "account": {
      "ciede2000": 0.8585901053747449,
      "mae": 0.9423675685544236,
      "nemd": 0.9857806904921245,
      "psnr": 0.3552590595748814,
      "ssim": 0.5645456910133362
    },
    "cart": {
      "ciede2000": 0.8789369287199464,
      "mae": 0.9501970621024329,
      "nemd": 0.9881984115405905,
      "psnr": 0.36828531820343224,
      "ssim": 0.5740107297897339
    },
    "contact": {
      "ciede2000": 0.8821339081658516,
      "mae": 0.9512222245903192,
      "nemd": 0.988578246480601,
      "psnr": 0.37187577277851824,
      "ssim": 0.5212413668632507
    },
    "home": {
      "ciede2000": 0.7974645097164162,
      "mae": 0.9203744813761026,
      "nemd": 0.9831036745406824,
      "psnr": 0.33283083865172897,
      "ssim": 0.47681924700737
    },
    "shipping": {
      "ciede2000": 0.8936069974515172,
      "mae": 0.9520568006379211,
      "nemd": 0.9885606519667078,
      "psnr": 0.37814198167045304,
      "ssim": 0.5356941223144531
    },
    "shop": {
      "ciede2000": 0.8358965447563513,
      "mae": 0.9300131631263616,
      "nemd": 0.9844125522189671,
      "psnr": 0.3419985101769319,
      "ssim": 0.49330487847328186
    }
  },
  "aggregate": {
    "ciede2000": 0.8603992356271825,
    "mae": 0.9422146090642797,
    "nemd": 0.9865468408450295,
    "psnr": 0.3595614707579939,
    "ssim": 0.5293788484164647
  },
  "missing": []
}