{
  "per_page": {
    "blog": {
      "dists": 0.8020884990692139,
      "lpips": 0.45348501205444336,
      "ms_ssim": 0.3176553547382355,
      "websight": 0.4997810263532146,
      "ciede2000": 0.5544013373154711,
      "mae": 0.7746089588992996,
      "nemd": 0.9483709199062279,
      "psnr": 0.2389269297882643,
      "ssim": 0.3544275760650635
    },
    "courses": {
      "dists": 0.8183643817901611,
      "lpips": 0.4245638847351074,
      "ms_ssim": 0.3313971757888794,
      "websight": 0.5151751331998278,
      "ciede2000": 0.5932412536708155,
      "mae": 0.804013316993464,
      "nemd": 0.9400074207394622,
      "psnr": 0.25770726872605937,
      "ssim": 0.3762103319168091
    },
    "faq": {
      "dists": 0.7944101095199585,
      "lpips": 0.48366647958755493,
      "ms_ssim": 0.42074665427207947,
      "websight": 0.5780327057191568,
      "ciede2000": 0.5507526970455803,
      "mae": 0.7861915706950077,
      "nemd": 0.9253155757722744,
      "psnr": 0.24455960162936258,
      "ssim": 0.3738977015018463
    },
    "home": {
      "dists": 0.7880519032478333,
      "lpips": 0.4545617699623108,
      "ms_ssim": 0.37716802954673767,
      "websight": 0.4555198656188117,
      "ciede2000": 0.5544473088604025,
      "mae": 0.7918091405498718,
      "nemd": 0.9395164681999795,
      "psnr": 0.24826900439311078,
      "ssim": 0.319815069437027
    },
    "instructors": {
      "dists": 0.7855184078216553,
      "lpips": 0.3737659454345703,
      "ms_ssim": 0.33536040782928467,
      "websight": 0.42362511078516646,
      "ciede2000": 0.47388539894290316,
      "mae": 0.745408725282423,
      "nemd": 0.928858090064903,
      "psnr": 0.22611318192577756,
      "ssim": 0.29511165618896484
    },
    "resources": {
      "dists": 0.8167368173599243,
      "lpips": 0.4737764000892639,
      "ms_ssim": 0.31408703327178955,
      "websight": 0.5390348092893537,
      "ciede2000": 0.6239243249136384,
      "mae": 0.8163297901616787,
      "nemd": 0.9440160545066552,
      "psnr": 0.25920822850981273,
      "ssim": 0.36919811367988586
    },
    "schedule": {
      "dists": 0.7894291281700134,
      "lpips": 0.47952699661254883,
      "ms_ssim": 0.34913530945777893,
      "websight": 0.5553462101913208,
      "ciede2000": 0.6079667761321015,
      "mae": 0.8097130666031594,
      "nemd": 0.9378827637377699,
      "psnr": 0.25095038447667617,
      "ssim": 0.32855626940727234
    }
  },
  "aggregate": {
    "dists": 0.7992284638541085,
    "lpips": 0.4490494983536856,
    "ms_ssim": 0.3493642807006836,
    "websight": 0.5095021230224074,
    "ciede2000": 0.5655170138401303,
    "mae": 0.7897249384549864,
    "nemd": 0.9377096132753245,
    "psnr": 0.24653351420700906,
    "ssim": 0.3453166740281241
  },
  "missing": []
}