{
  "per_page": {
    "about": {
      "dists": null,
      "lpips": 0.689091682434082,
      "ms_ssim": 0.43519821763038635,
      "websight": 0.6925136138012995,
      "ciede2000": 0.8239478754382163,
      "mae": 0.9076021635223307,
      "nemd": 0.9945584954010036,
      "ocr_text": 0.9230769230769231,
      "psnr": 0.2858891203017101,
      "ssim": 0.4056421220302582
    },
    "blog": {
      "dists": null,
      "lpips": 0.7003635168075562,
      "ms_ssim": 0.48035693168640137,
      "websight": 0.6905182875968792,
      "ciede2000": 0.7940017620107238,
      "mae": 0.8989499090664362,
      "nemd": 0.9854224844941082,
      "ocr_text": 0.888888888888889,
      "psnr": 0.2782663426635954,
      "ssim": 0.43191054463386536
    },
    "contact": {
      "dists": null,
      "lpips": 0.7400732338428497,
      "ms_ssim": 0.4991408884525299,
      "websight": 0.6531745109626715,
      "ciede2000": 0.8225037747278938,
      "mae": 0.9132010242049591,
      "nemd": 0.9925526463107271,
      "ocr_text": 0.7499999999999999,
      "psnr": 0.28397437136130327,
      "ssim": 0.44672098755836487
    },
    "home": {
      "dists": 0.8892906904220581,
      "lpips": 0.766060397028923,
      "ms_ssim": 0.5697798728942871,
      "websight": 0.7160640732059633,
      "ciede2000": 0.8608900494904426,
      "mae": 0.9272042728673683,
      "nemd": 0.9945246829874801,
      "ocr_text": 0.7777777777777778,
      "psnr": 0.3046577138244539,
      "ssim": 0.5588114261627197
    },
    "post": {
      "dists": 0.8831790685653687,
      "lpips": 0.6583573818206787,
      "ms_ssim": 0.40615200996398926,
      "websight": 0.6842644609156109,
      "ciede2000": 0.8057773324033286,
      "mae": 0.9006249934640523,
      "nemd": 0.9892462074652777,
      "ocr_text": 0.9645390070921985,
      "psnr": 0.28032486702535064,
      "ssim": 0.36642810702323914
    },
    "project-detail": {
      "dists": 0.8803950548171997,
      "lpips": 0.6649710536003113,
      "ms_ssim": 0.3906205892562866,
      "websight": 0.658552976085982,
      "ciede2000": 0.7951236790845356,
      "mae": 0.8955660531882169,
      "nemd": 0.9869690665970453,
      "ocr_text": 0.9182879377431907,
      "psnr": 0.2762712561715694,
      "ssim": 0.3462660610675812
    },
    "services": {
      "dists": 0.8516530394554138,
      "lpips": 0.6383047699928284,
      "ms_ssim": 0.3269377052783966,
      "websight": 0.6263910014963825,
      "ciede2000": 0.7928534127391113,
      "mae": 0.8903481919003227,
      "nemd": 0.9934057659950689,
      "ocr_text": 0.9254901960784314,
      "psnr": 0.26559505300607594,
      "ssim": 0.260062038898468
    }
  },
  "aggregate": {
    "dists": 0.8761294633150101,
    "lpips": 0.6938888622181756,
    "ms_ssim": 0.4440266021660396,
    "websight": 0.6744969891521126,
    "ciede2000": 0.8135854122706074,
    "mae": 0.9047852297448122,
    "nemd": 0.9909541927501017,
    "ocr_text": 0.8782943900939159,
    "psnr": 0.2821398177648656,
    "ssim": 0.40226304105349947
  },
  "missing": []
}