{
  "per_page": {
    "events": {
      "dists": 0.7921845316886902,
      "lpips": 0.4309728741645813,
      "ms_ssim": 0.4496873915195465,
      "websight": 0.5793668810432169,
      "ciede2000": 0.7569306335670007,
      "mae": 0.9034062394281384,
      "nemd": 0.9795340570274758,
      "psnr": 0.31965854802390453,
      "ssim": 0.43320798873901367
    },
    "home": {
      "dists": 0.729928195476532,
      "lpips": 0.33833998441696167,
      "ms_ssim": 0.46275755763053894,
      "websight": 0.5364181391455493,
      "ciede2000": 0.6820816009417232,
      "mae": 0.8772271331257534,
      "nemd": 0.9797387344135815,
      "psnr": 0.28946410096771175,
      "ssim": 0.42701318860054016
    },
    "login": {
      "dists": 0.79960697889328,
      "lpips": 0.4188692569732666,
      "ms_ssim": 0.6243329048156738,
      "websight": 0.6102512824079378,
      "ciede2000": 0.7808556958677861,
      "mae": 0.9216411644487625,
      "nemd": 0.9799205999212103,
      "psnr": 0.33214703900795955,
      "ssim": 0.6245715022087097
    },
    "saved": {
      "dists": 0.7411370277404785,
      "lpips": 0.3968769907951355,
      "ms_ssim": 0.49793532490730286,
      "websight": 0.590883451134133,
      "ciede2000": 0.7499627692594563,
      "mae": 0.9056574443336657,
      "nemd": 0.9823249311716544,
      "psnr": 0.3181025174226129,
      "ssim": 0.4646596908569336
    },
    "search": {
      "dists": 0.7448581457138062,
      "lpips": 0.40759599208831787,
      "ms_ssim": 0.45587095618247986,
      "websight": 0.5608478107235649,
      "ciede2000": 0.7453219094951283,
      "mae": 0.8966829019489999,
      "nemd": 0.9803032904822608,
      "psnr": 0.31017423995316473,
      "ssim": 0.4165913760662079
    }
  },
  "aggregate": {
    "dists": 0.7615429759025574,
    "lpips": 0.3985310196876526,
    "ms_ssim": 0.4981168270111084,
    "websight": 0.5755535128908804,
    "ciede2000": 0.7430305218262189,
    "mae": 0.9009229766570639,
    "nemd": 0.9803643226032366,
    "psnr": 0.31390928907507065,
    "ssim": 0.47320874929428103
  },
  "missing": []
}