{
  "per_page": {
    "archive": {
      "dists": 0.8639516830444336,
      "lpips": 0.6508637070655823,
      "ms_ssim": 0.6132650971412659,
      "websight": 0.6838459725733156,
      "ciede2000": 0.8346759760108269,
      "mae": 0.9127334547413006,
      "nemd": 0.9431625685594157,
      "ocr_text": 0.8066037735849056,
      "psnr": 0.35329972196087284,
      "ssim": 0.6351566910743713
    },
    "author": {
      "dists": 0.831671416759491,
      "lpips": 0.5960366129875183,
      "ms_ssim": 0.5111209750175476,
      "websight": 0.6552539495292854,
      "ciede2000": 0.782767014873513,
      "mae": 0.8846962878250972,
      "nemd": 0.934619903397325,
      "ocr_text": 0.8609022556390977,
      "psnr": 0.31597685426524585,
      "ssim": 0.48087337613105774
    },
    "contact": {
      "dists": 0.8246694207191467,
      "lpips": 0.5600155591964722,
      "ms_ssim": 0.5169112682342529,
      "websight": 0.595946961396361,
      "ciede2000": 0.6578729368996827,
      "mae": 0.8278073185838994,
      "nemd": 0.8944367501452473,
      "ocr_text": 0.7032967032967034,
      "psnr": 0.2586770208903197,
      "ssim": 0.514255702495575
    },
    "home": {
      "dists": 0.8127701878547668,
      "lpips": 0.5342806279659271,
      "ms_ssim": 0.3991762101650238,
      "websight": 0.5372771240754931,
      "ciede2000": 0.6293674393849928,
      "mae": 0.8158582747961728,
      "nemd": 0.916390589553466,
      "ocr_text": 0.6937984496124031,
      "psnr": 0.24608680344672326,
      "ssim": 0.4316748380661011
    },
    "latest": {
      "dists": 0.8325470685958862,
      "lpips": 0.6322258114814758,
      "ms_ssim": 0.5388249754905701,
      "websight": 0.6706097122880466,
      "ciede2000": 0.8086476600821263,
      "mae": 0.8984657564204133,
      "nemd": 0.9442521210230561,
      "ocr_text": 0.8292682926829268,
      "psnr": 0.3369341319124938,
      "ssim": 0.5441537499427795
    },
    "newsletter": {
      "dists": 0.855984091758728,
      "lpips": 0.5899549424648285,
      "ms_ssim": 0.4821796715259552,
      "websight": 0.6455705183642201,
      "ciede2000": 0.761340126048214,
      "mae": 0.8761581116631567,
      "nemd": 0.946423981805456,
      "ocr_text": 0.8456375838926175,
      "psnr": 0.29558000542493557,
      "ssim": 0.4851425588130951
    }
  },
  "aggregate": {
    "dists": 0.8369323114554087,
    "lpips": 0.593896210193634,
    "ms_ssim": 0.5102463662624359,
    "websight": 0.631417373037787,
    "ciede2000": 0.7457785255498927,
    "mae": 0.8692865340050068,
    "nemd": 0.9298809857473277,
    "ocr_text": 0.789917843118109,
    "psnr": 0.3010924229834318,
    "ssim": 0.5152094860871633
  },
  "missing": []
}