{
  "per_page": {
    "about": {
      "dists": 0.861372172832489,
      "lpips": 0.6412997841835022,
      "ms_ssim": 0.4350467026233673,
      "websight": 0.6153297171193103,
      "ciede2000": 0.6681772502699491,
      "mae": 0.8375974163227471,
      "nemd": 0.9794222929036654,
      "psnr": 0.23769171219603674,
      "ssim": 0.36955198645591736
    },
    "account": {
      "dists": 0.8803629875183105,
      "lpips": 0.6406454741954803,
      "ms_ssim": 0.45666420459747314,
      "websight": 0.5639152611479347,
      "ciede2000": 0.6399394761667707,
      "mae": 0.826822848712215,
      "nemd": 0.9755981345600652,
      "psnr": 0.23277544772477243,
      "ssim": 0.4208733141422272
    },
    "cart": {
      "dists": 0.8449090719223022,
      "lpips": 0.6251369118690491,
      "ms_ssim": 0.3443109095096588,
      "websight": 0.561129613938155,
      "ciede2000": 0.6007541051590535,
      "mae": 0.7990869858488663,
      "nemd": 0.9788010968494808,
      "psnr": 0.21630307541082242,
      "ssim": 0.3486593961715698
    },
    "faq": {
      "dists": 0.836635410785675,
      "lpips": 0.5923671424388885,
      "ms_ssim": 0.30185961723327637,
      "websight": 0.5834410511752934,
      "ciede2000": 0.6232605469626515,
      "mae": 0.8055196746651335,
      "nemd": 0.978397973456991,
      "psnr": 0.22148385892025924,
      "ssim": 0.28967174887657166
    },
    "home": {
      "dists": 0.8612571358680725,
      "lpips": 0.5529218912124634,
      "ms_ssim": 0.2844642996788025,
      "websight": 0.5488245001545659,
      "ciede2000": 0.5706827157804802,
      "mae": 0.7814366993838391,
      "nemd": 0.9730810602806415,
      "psnr": 0.21433222966072532,
      "ssim": 0.23156027495861053
    },
    "orders": {
      "dists": 0.8593072891235352,
      "lpips": 0.6047057211399078,
      "ms_ssim": 0.24026791751384735,
      "websight": 0.5062329225467913,
      "ciede2000": 0.5950189938147531,
      "mae": 0.7874882963777411,
      "nemd": 0.97806322253456,
      "psnr": 0.20901046370394885,
      "ssim": 0.23650503158569336
    }
  },
  "aggregate": {
    "dists": 0.8573073446750641,
    "lpips": 0.6095128208398819,
    "ms_ssim": 0.34376894185940426,
    "websight": 0.563145511013675,
    "ciede2000": 0.6163055146922763,
    "mae": 0.8063253202184236,
    "nemd": 0.977227296764234,
    "psnr": 0.2219327979360942,
    "ssim": 0.31613695869843167
  },
  "missing": []
}