{
  "per_page": {
    "home": {
      "dists": 0.8316195607185364,
      "lpips": 0.43246960639953613,
      "ms_ssim": 0.29671117663383484,
      "websight": 0.44637286650480607,
      "ciede2000": 0.4730700136886852,
      "mae": 0.8132252915195697,
      "nemd": 0.9680156511330054,
      "psnr": 0.25751503529495084,
      "ssim": 0.2577487528324127
    },
    "messages": {
      "dists": 0.7973470687866211,
      "lpips": 0.517345130443573,
      "ms_ssim": 0.41198769211769104,
      "websight": 0.5350251171258417,
      "ciede2000": 0.5422596586898358,
      "mae": 0.8360020845213552,
      "nemd": 0.9383962532515672,
      "psnr": 0.2572961848672114,
      "ssim": 0.35485097765922546
    },
    "notifications": {
      "dists": 0.8587384223937988,
      "lpips": 0.5252480208873749,
      "ms_ssim": 0.41169318556785583,
      "websight": 0.5321268950715478,
      "ciede2000": 0.5665154650423068,
      "mae": 0.8475580838428561,
      "nemd": 0.9602647324428761,
      "psnr": 0.27907198618392187,
      "ssim": 0.3427300751209259
    },
    "profile": {
      "dists": 0.8466702699661255,
      "lpips": 0.517708033323288,
      "ms_ssim": 0.3922692835330963,
      "websight": 0.5297908313930727,
      "ciede2000": 0.6048732125084647,
      "mae": 0.8682886573830486,
      "nemd": 0.9730011691186516,
      "psnr": 0.2914424070323892,
      "ssim": 0.3576889932155609
    },
    "search": {
      "dists": 0.8502224087715149,
      "lpips": 0.5256069302558899,
      "ms_ssim": 0.35769936442375183,
      "websight": 0.4518759244797277,
      "ciede2000": 0.5495627009604157,
      "mae": 0.8448364346455428,
      "nemd": 0.960472641499056,
      "psnr": 0.275720280099132,
      "ssim": 0.30277523398399353
    }
  },
  "aggregate": {
    "dists": 0.8369195461273193,
    "lpips": 0.5036755442619324,
    "ms_ssim": 0.37407214045524595,
    "websight": 0.49903832691499916,
    "ciede2000": 0.5472562101779417,
    "mae": 0.8419821103824745,
    "nemd": 0.9600300894890312,
    "psnr": 0.2722091786955211,
    "ssim": 0.3231588065624237
  },
  "missing": []
}