{
  "per_page": {
    "home": {
      "dists": 0.8053467273712158,
      "lpips": 0.6018353700637817,
      "ms_ssim": 0.32139378786087036,
      "websight": 0.5012914397383249,
      "ciede2000": 0.5429090493258351,
      "mae": 0.7577058428649237,
      "nemd": 0.9693788960774739,
      "psnr": 0.1944271919864806,
      "ssim": 0.3114078640937805
    },
    "profile": {
      "dists": 0.8059500455856323,
      "lpips": 0.56039097905159,
      "ms_ssim": 0.2494935840368271,
      "websight": 0.4660399524020214,
      "ciede2000": 0.5164594293527369,
      "mae": 0.7428103213507625,
      "nemd": 0.9628779513888888,
      "psnr": 0.1902971887696277,
      "ssim": 0.23491042852401733
    },
    "search": {
      "dists": 0.8210474848747253,
      "lpips": 0.5947597622871399,
      "ms_ssim": 0.28701409697532654,
      "websight": 0.49959837861940376,
      "ciede2000": 0.5345063326147637,
      "mae": 0.7509672794117648,
      "nemd": 0.9615399156358507,
      "psnr": 0.19243554206740401,
      "ssim": 0.2732577621936798
    },
    "settings": {
      "dists": 0.8497349619865417,
      "lpips": 0.6185275614261627,
      "ms_ssim": 0.3334176540374756,
      "websight": 0.572332436207569,
      "ciede2000": 0.709409170343956,
      "mae": 0.8340019896579783,
      "nemd": 0.9716990069653615,
      "psnr": 0.24007613582770454,
      "ssim": 0.31797370314598083
    },
    "trending": {
      "dists": 0.8552587628364563,
      "lpips": 0.6100192666053772,
      "ms_ssim": 0.35047078132629395,
      "websight": 0.5446735123793284,
      "ciede2000": 0.7169148791748976,
      "mae": 0.8341071403900313,
      "nemd": 0.9708903411617125,
      "psnr": 0.23957980662103617,
      "ssim": 0.3415664732456207
    }
  },
  "aggregate": {
    "dists": 0.8274675965309143,
    "lpips": 0.5971065878868103,
    "ms_ssim": 0.3083579808473587,
    "websight": 0.5167871438693294,
    "ciede2000": 0.6040397721624379,
    "mae": 0.7839185147350921,
    "nemd": 0.9672772222458577,
    "psnr": 0.2113631730544506,
    "ssim": 0.29582324624061584
  },
  "missing": []
}