{
  "per_page": {
    "blog": {
      "dists": 0.8381392359733582,
      "lpips": 0.5849969983100891,
      "ms_ssim": 0.37463173270225525,
      "websight": 0.6232086826454509,
      "ciede2000": 0.5808269843233007,
      "mae": 0.7985569749537242,
      "nemd": 0.9771503535042032,
      "psnr": 0.22452814374361554,
      "ssim": 0.3037063479423523
    },
    "changelog": {
      "dists": 0.8696002960205078,
      "lpips": 0.5999372601509094,
      "ms_ssim": 0.3600825369358063,
      "websight": 0.6007627898048521,
      "ciede2000": 0.6507534592972635,
      "mae": 0.8261790436931501,
      "nemd": 0.9764633156755845,
      "psnr": 0.2333992398681542,
      "ssim": 0.30994507670402527
    },
    "dashboard": {
      "dists": 0.833812952041626,
      "lpips": 0.5702690482139587,
      "ms_ssim": 0.2930835485458374,
      "websight": 0.5119517227165572,
      "ciede2000": 0.5688083222946803,
      "mae": 0.7812068723071558,
      "nemd": 0.9658372669435181,
      "psnr": 0.20901926743206686,
      "ssim": 0.23291325569152832
    },
    "docs": {
      "dists": 0.8589351177215576,
      "lpips": 0.6375715136528015,
      "ms_ssim": 0.3783891499042511,
      "websight": 0.5935159218584177,
      "ciede2000": 0.6233452903037566,
      "mae": 0.8143800021814823,
      "nemd": 0.9794362605656698,
      "psnr": 0.2216467073318606,
      "ssim": 0.31047841906547546
    },
    "features": {
      "dists": 0.8650515079498291,
      "lpips": 0.6609926819801331,
      "ms_ssim": 0.4139058589935303,
      "websight": 0.6504567586827552,
      "ciede2000": 0.6403864360915986,
      "mae": 0.8236240863553189,
      "nemd": 0.9636099956394539,
      "psnr": 0.22917568300236682,
      "ssim": 0.3575579822063446
    },
    "home": {
      "dists": 0.8609668612480164,
      "lpips": 0.6209074556827545,
      "ms_ssim": 0.4197840988636017,
      "websight": 0.6343738385315599,
      "ciede2000": 0.6533658926715713,
      "mae": 0.8287098570523121,
      "nemd": 0.9788241958477721,
      "psnr": 0.23637305793733962,
      "ssim": 0.3645492494106293
    },
    "pricing": {
      "dists": 0.8577075600624084,
      "lpips": 0.6223290860652924,
      "ms_ssim": 0.36981573700904846,
      "websight": 0.5643429296562471,
      "ciede2000": 0.648014076865598,
      "mae": 0.8260005365854344,
      "nemd": 0.9599473688849935,
      "psnr": 0.231551012520532,
      "ssim": 0.3098151385784149
    }
  },
  "aggregate": {
    "dists": 0.8548876472881862,
    "lpips": 0.6138577205794198,
    "ms_ssim": 0.37281323756490437,
    "websight": 0.5969446634136915,
    "ciede2000": 0.6236429231211098,
    "mae": 0.8140939104469397,
    "nemd": 0.9716098224373136,
    "psnr": 0.22652758740513365,
    "ssim": 0.3127093527998243
  },
  "missing": []
}