{
  "per_page": {
    "about": {
      "dists": 0.7716124057769775,
      "lpips": 0.6113775968551636,
      "ms_ssim": 0.41158390045166016,
      "websight": 0.6340260753666397,
      "ciede2000": 0.7838883360240557,
      "mae": 0.8854011585430962,
      "nemd": 0.9605150555484648,
      "ocr_text": 0.8644688644688645,
      "psnr": 0.2960839828520375,
      "ssim": 0.37243619561195374
    },
    "blog": {
      "dists": 0.7699649333953857,
      "lpips": 0.5647457242012024,
      "ms_ssim": 0.41468167304992676,
      "websight": 0.5421930868855397,
      "ciede2000": 0.634043466377808,
      "mae": 0.8220662351626474,
      "nemd": 0.9497679888456108,
      "ocr_text": 0.6350710900473934,
      "psnr": 0.25172774244554685,
      "ssim": 0.36151862144470215
    },
    "contact": {
      "dists": 0.8374517560005188,
      "lpips": 0.5590097606182098,
      "ms_ssim": 0.2997276782989502,
      "websight": 0.5359992145806894,
      "ciede2000": 0.7279478306761396,
      "mae": 0.8591503858293718,
      "nemd": 0.9623280447452871,
      "ocr_text": 0.7050359712230215,
      "psnr": 0.27341196363529463,
      "ssim": 0.26710793375968933
    },
    "home": {
      "dists": 0.8256499767303467,
      "lpips": 0.6347841024398804,
      "ms_ssim": 0.4329446852207184,
      "websight": 0.6106171073778621,
      "ciede2000": 0.7544468331915883,
      "mae": 0.8667186509384864,
      "nemd": 0.9635267775389952,
      "ocr_text": 0.7810650887573963,
      "psnr": 0.2808335916373138,
      "ssim": 0.44574323296546936
    },
    "post": {
      "dists": 0.8517173528671265,
      "lpips": 0.6284866631031036,
      "ms_ssim": 0.3949805796146393,
      "websight": 0.635320912924171,
      "ciede2000": 0.7498366043813933,
      "mae": 0.85566191459695,
      "nemd": 0.9497394236111112,
      "ocr_text": 0.8936170212765957,
      "psnr": 0.27629200572919754,
      "ssim": 0.3591964542865753
    },
    "project-detail": {
      "dists": 0.8017578125,
      "lpips": 0.5792702734470367,
      "ms_ssim": 0.3447912037372589,
      "websight": 0.5982197434557193,
      "ciede2000": 0.7277771778957671,
      "mae": 0.8566566407575484,
      "nemd": 0.953064031969589,
      "ocr_text": 0.8803088803088803,
      "psnr": 0.2811723576728601,
      "ssim": 0.32015326619148254
    },
    "services": {
      "dists": 0.7950230836868286,
      "lpips": 0.6120104491710663,
      "ms_ssim": 0.32385900616645813,
      "websight": 0.5650861610002554,
      "ciede2000": 0.7873515109274809,
      "mae": 0.8871855831358513,
      "nemd": 0.9609893222919523,
      "ocr_text": 0.7637795275590551,
      "psnr": 0.2883145752901086,
      "ssim": 0.28176143765449524
    }
  },
  "aggregate": {
    "dists": 0.8075967601367405,
    "lpips": 0.5985263671193805,
    "ms_ssim": 0.37465267521994455,
    "websight": 0.5887803287986967,
    "ciede2000": 0.7378988227820332,
    "mae": 0.8618343669948503,
    "nemd": 0.9571329492215729,
    "ocr_text": 0.789049491948744,
    "psnr": 0.2782623170374799,
    "ssim": 0.34398816313062397
  },
  "missing": []
}