{
  "per_page": {
    "events": {
      "dists": 0.8363820314407349,
      "lpips": 0.6282184720039368,
      "ms_ssim": 0.33512163162231445,
      "websight": 0.6075267182744067,
      "ciede2000": 0.6188854439520877,
      "mae": 0.8153235082826233,
      "nemd": 0.9519251786155263,
      "psnr": 0.23366524209990394,
      "ssim": 0.30503976345062256
    },
    "home": {
      "dists": 0.8417953848838806,
      "lpips": 0.635543704032898,
      "ms_ssim": 0.4017743170261383,
      "websight": 0.5969987988264304,
      "ciede2000": 0.6796345447308363,
      "mae": 0.8339428833491265,
      "nemd": 0.9417718589054755,
      "psnr": 0.2433114575858059,
      "ssim": 0.3554716110229492
    },
    "messages": {
      "dists": 0.8363449573516846,
      "lpips": 0.6197463572025299,
      "ms_ssim": 0.42762863636016846,
      "websight": 0.6125854391644433,
      "ciede2000": 0.6711826500681886,
      "mae": 0.8318657150393258,
      "nemd": 0.9318014976647733,
      "psnr": 0.2520473208652272,
      "ssim": 0.3682915270328522
    },
    "notifications": {
      "dists": 0.8116971254348755,
      "lpips": 0.5651165246963501,
      "ms_ssim": 0.308605432510376,
      "websight": 0.5219648959334761,
      "ciede2000": 0.6517911674223725,
      "mae": 0.8183864423892653,
      "nemd": 0.9583310749209704,
      "psnr": 0.25151464126401285,
      "ssim": 0.28955504298210144
    },
    "search": {
      "dists": 0.8756292462348938,
      "lpips": 0.6348973512649536,
      "ms_ssim": 0.3276303708553314,
      "websight": 0.5955610891727553,
      "ciede2000": 0.7055513919692098,
      "mae": 0.852759583716299,
      "nemd": 0.9766949044333564,
      "psnr": 0.2510110023448497,
      "ssim": 0.30978670716285706
    },
    "settings": {
      "dists": 0.8393700122833252,
      "lpips": 0.6496943235397339,
      "ms_ssim": 0.38041195273399353,
      "websight": 0.6227674226053661,
      "ciede2000": 0.7709443865043877,
      "mae": 0.8845640907444319,
      "nemd": 0.9697818311406209,
      "psnr": 0.26874461341586203,
      "ssim": 0.36308279633522034
    },
    "trending": {
      "dists": 0.8346751928329468,
      "lpips": 0.5544679760932922,
      "ms_ssim": 0.19273586571216583,
      "websight": 0.5179801642894745,
      "ciede2000": 0.5860635253772537,
      "mae": 0.7983425292406321,
      "nemd": 0.9708343089943405,
      "psnr": 0.22562927079330705,
      "ssim": 0.27463820576667786
    }
  },
  "aggregate": {
    "dists": 0.8394134214946202,
    "lpips": 0.6125263869762421,
    "ms_ssim": 0.3391297438314983,
    "websight": 0.582197789752336,
    "ciede2000": 0.669150444289191,
    "mae": 0.8335978218231005,
    "nemd": 0.9573058078107232,
    "psnr": 0.24656050690985265,
    "ssim": 0.3236950933933258
  },
  "missing": []
}