{
  "per_page": {
    "about": {
      "dists": 0.8059895634651184,
      "lpips": 0.6720000803470612,
      "ms_ssim": 0.6139576435089111,
      "websight": 0.7174308867681595,
      "ciede2000": 0.8848909397178425,
      "mae": 0.946498645013561,
      "nemd": 0.9822229446791737,
      "psnr": 0.3572408129711129,
      "ssim": 0.598514974117279
    },
    "home": {
      "dists": 0.7593063712120056,
      "lpips": 0.6501386165618896,
      "ms_ssim": 0.6082703471183777,
      "websight": 0.6973991415377965,
      "ciede2000": 0.8617272027667724,
      "mae": 0.938443173450815,
      "nemd": 0.972660668224222,
      "psnr": 0.3481299822373331,
      "ssim": 0.6085261106491089
    },
    "press": {
      "dists": 0.785636842250824,
      "lpips": 0.6539656221866608,
      "ms_ssim": 0.5753519535064697,
      "websight": 0.7139798960787185,
      "ciede2000": 0.8646431443870367,
      "mae": 0.9367427818302141,
      "nemd": 0.9729265943114213,
      "psnr": 0.344879978986839,
      "ssim": 0.5785242915153503
    },
    "team": {
      "dists": 0.7872544527053833,
      "lpips": 0.629061371088028,
      "ms_ssim": 0.5746304988861084,
      "websight": 0.6757972625355735,
      "ciede2000": 0.8545409542701048,
      "mae": 0.9317449420600714,
      "nemd": 0.9763026882259549,
      "psnr": 0.3425075172276452,
      "ssim": 0.5537023544311523
    },
    "testimonials": {
      "dists": 0.7535219788551331,
      "lpips": 0.6424672603607178,
      "ms_ssim": 0.5623750686645508,
      "websight": 0.6855619973302912,
      "ciede2000": 0.8710851752912567,
      "mae": 0.9405066198388081,
      "nemd": 0.9732726796703355,
      "psnr": 0.35503970080937297,
      "ssim": 0.5382400751113892
    }
  },
  "aggregate": {
    "dists": 0.7783418416976928,
    "lpips": 0.6495265901088715,
    "ms_ssim": 0.5869171023368835,
    "websight": 0.6980338368501078,
    "ciede2000": 0.8673774832866027,
    "mae": 0.9387872324386939,
    "nemd": 0.9754771150222215,
    "psnr": 0.3495595984464607,
    "ssim": 0.575501561164856
  },
  "missing": []
}