{
  "per_page": {
    "blog": {
      "dists": 0.8622252345085144,
      "lpips": 0.5834414064884186,
      "ms_ssim": 0.31759729981422424,
      "websight": 0.5234104266828289,
      "ciede2000": 0.5708901840444148,
      "mae": 0.7997132905793897,
      "nemd": 0.9515843306997963,
      "psnr": 0.22092244702562908,
      "ssim": 0.25455179810523987
    },
    "changelog": {
      "dists": 0.8551014065742493,
      "lpips": 0.5796434879302979,
      "ms_ssim": 0.2973645329475403,
      "websight": 0.5407237714539894,
      "ciede2000": 0.602325330548128,
      "mae": 0.7955790957647825,
      "nemd": 0.9437563380285355,
      "psnr": 0.21495319277253602,
      "ssim": 0.26400166749954224
    },
    "dashboard": {
      "dists": 0.8324503898620605,
      "lpips": 0.5572595298290253,
      "ms_ssim": 0.22824859619140625,
      "websight": 0.4607537327506018,
      "ciede2000": 0.5608224630646708,
      "mae": 0.7768343214126346,
      "nemd": 0.9569795462542132,
      "psnr": 0.20459709224580555,
      "ssim": 0.22349359095096588
    },
    "docs": {
      "dists": 0.8574321269989014,
      "lpips": 0.608547180891037,
      "ms_ssim": 0.3486768305301666,
      "websight": 0.5740221114769253,
      "ciede2000": 0.6326638713924946,
      "mae": 0.8172105902467908,
      "nemd": 0.9619746739994222,
      "psnr": 0.22419781569483627,
      "ssim": 0.27501416206359863
    },
    "features": {
      "dists": 0.8681730628013611,
      "lpips": 0.5944294929504395,
      "ms_ssim": 0.34192585945129395,
      "websight": 0.5884459499357525,
      "ciede2000": 0.5918189946938663,
      "mae": 0.8008962852504429,
      "nemd": 0.9597914364784856,
      "psnr": 0.21822669900215727,
      "ssim": 0.28644421696662903
    },
    "home": {
      "dists": 0.8603507280349731,
      "lpips": 0.6069319248199463,
      "ms_ssim": 0.3627069890499115,
      "websight": 0.6007453222698139,
      "ciede2000": 0.6440195254274639,
      "mae": 0.8233326432111759,
      "nemd": 0.9706783023286785,
      "psnr": 0.22996925010940844,
      "ssim": 0.31642234325408936
    },
    "pricing": {
      "dists": 0.8652392625808716,
      "lpips": 0.5682855844497681,
      "ms_ssim": 0.3262322247028351,
      "websight": 0.5173651000761941,
      "ciede2000": 0.5930468084839845,
      "mae": 0.7956292475583255,
      "nemd": 0.9495740173720248,
      "psnr": 0.2158036112807868,
      "ssim": 0.28120991587638855
    }
  },
  "aggregate": {
    "dists": 0.8572817444801331,
    "lpips": 0.5855055153369904,
    "ms_ssim": 0.3175360475267683,
    "websight": 0.5436380592351578,
    "ciede2000": 0.5993695968078604,
    "mae": 0.8013136391462202,
    "nemd": 0.9563340921658794,
    "psnr": 0.21838144401873708,
    "ssim": 0.27159109924520763
  },
  "missing": []
}