{
  "per_page": {
    "contact": {
      "dists": 0.8633265495300293,
      "lpips": 0.6797627508640289,
      "ms_ssim": 0.3621397912502289,
      "websight": 0.6670273988307276,
      "ciede2000": 0.8155806322465277,
      "mae": 0.894145313531653,
      "nemd": 0.976052796484918,
      "psnr": 0.28235498221413763,
      "ssim": 0.3342447578907013
    },
    "faq": {
      "dists": 0.846961498260498,
      "lpips": 0.6826023757457733,
      "ms_ssim": 0.3135824501514435,
      "websight": 0.6584859771788033,
      "ciede2000": 0.772650846422353,
      "mae": 0.8721389590860499,
      "nemd": 0.9673184100902024,
      "psnr": 0.2785818178633682,
      "ssim": 0.2961079180240631
    },
    "home": {
      "dists": 0.8659369349479675,
      "lpips": 0.5929335057735443,
      "ms_ssim": 0.2384921759366989,
      "websight": 0.5972439158538859,
      "ciede2000": 0.7896761776614873,
      "mae": 0.8760758722734914,
      "nemd": 0.9757503294291677,
      "psnr": 0.2764885384310269,
      "ssim": 0.21989361941814423
    },
    "press": {
      "dists": 0.8566146492958069,
      "lpips": 0.6299662590026855,
      "ms_ssim": 0.2374507188796997,
      "websight": 0.6096024737213597,
      "ciede2000": 0.782527530732379,
      "mae": 0.8767652486983494,
      "nemd": 0.9679257791810116,
      "psnr": 0.27058609583977383,
      "ssim": 0.261819452047348
    },
    "pricing": {
      "dists": 0.8625326752662659,
      "lpips": 0.6880022883415222,
      "ms_ssim": 0.3965248763561249,
      "websight": 0.6877277452043153,
      "ciede2000": 0.8103367695518987,
      "mae": 0.892009489754806,
      "nemd": 0.971302321820343,
      "psnr": 0.2809968500401693,
      "ssim": 0.34744253754615784
    },
    "resources": {
      "dists": 0.8455371260643005,
      "lpips": 0.6265657544136047,
      "ms_ssim": 0.30395910143852234,
      "websight": 0.6350884743949823,
      "ciede2000": 0.7740845498076928,
      "mae": 0.8720461582756021,
      "nemd": 0.9642350188349725,
      "psnr": 0.26991615993777496,
      "ssim": 0.31024622917175293
    },
    "services": {
      "dists": 0.8404649496078491,
      "lpips": 0.676261842250824,
      "ms_ssim": 0.3747744560241699,
      "websight": 0.6744473073424103,
      "ciede2000": 0.7911032685510755,
      "mae": 0.8812476010829168,
      "nemd": 0.9680602664324193,
      "psnr": 0.2752931362722483,
      "ssim": 0.3453279435634613
    }
  },
  "aggregate": {
    "dists": 0.8544820547103882,
    "lpips": 0.6537278251988548,
    "ms_ssim": 0.3181319385766983,
    "websight": 0.6470890417894977,
    "ciede2000": 0.7908513964247733,
    "mae": 0.8806326632432668,
    "nemd": 0.9700921317532908,
    "psnr": 0.276316797228357,
    "ssim": 0.3021546368088041
  },
  "missing": []
}