{
  "per_page": {
    "about": {
      "dists": 0.772232711315155,
      "lpips": 0.5745044350624084,
      "ms_ssim": 0.5237912535667419,
      "websight": 0.6070703371365865,
      "ciede2000": 0.7366011402137727,
      "mae": 0.9218194597589103,
      "nemd": 0.9769496935894768,
      "psnr": 0.34754479750385014,
      "ssim": 0.45232895016670227
    },
    "account": {
      "dists": 0.8162318468093872,
      "lpips": 0.5852602124214172,
      "ms_ssim": 0.5300625562667847,
      "websight": 0.6380233140610859,
      "ciede2000": 0.7369039022688819,
      "mae": 0.9178882194715254,
      "nemd": 0.972795064631343,
      "psnr": 0.34170678163883467,
      "ssim": 0.4907187223434448
    },
    "cart": {
      "dists": 0.7931667566299438,
      "lpips": 0.5606817603111267,
      "ms_ssim": 0.5315356850624084,
      "websight": 0.5202102581860641,
      "ciede2000": 0.7437749185755415,
      "mae": 0.9235042504305079,
      "nemd": 0.9743412917794073,
      "psnr": 0.3478664408359465,
      "ssim": 0.48554110527038574
    },
    "contact": {
      "dists": 0.779386579990387,
      "lpips": 0.5215324461460114,
      "ms_ssim": 0.5212411284446716,
      "websight": 0.6210885255956734,
      "ciede2000": 0.7470657095015363,
      "mae": 0.9232522982381358,
      "nemd": 0.9697184085569519,
      "psnr": 0.35132805797326255,
      "ssim": 0.4737403094768524
    },
    "home": {
      "dists": 0.8029248714447021,
      "lpips": 0.6116568446159363,
      "ms_ssim": 0.5655534267425537,
      "websight": 0.6204744463529045,
      "ciede2000": 0.7154354746401452,
      "mae": 0.9096284447287226,
      "nemd": 0.965781678413245,
      "psnr": 0.3353562915551454,
      "ssim": 0.5322098135948181
    },
    "shipping": {
      "dists": 0.7686436772346497,
      "lpips": 0.540980339050293,
      "ms_ssim": 0.4651123583316803,
      "websight": 0.5421183246127925,
      "ciede2000": 0.7552107099254823,
      "mae": 0.9261493501277409,
      "nemd": 0.9770155316176745,
      "psnr": 0.35465861208520044,
      "ssim": 0.4165824353694916
    },
    "shop": {
      "dists": 0.7837915420532227,
      "lpips": 0.528237521648407,
      "ms_ssim": 0.4340555667877197,
      "websight": 0.47652760268743166,
      "ciede2000": 0.6977772978335817,
      "mae": 0.8979880596405229,
      "nemd": 0.9694788594563802,
      "psnr": 0.32158793505533706,
      "ssim": 0.42021408677101135
    }
  },
  "aggregate": {
    "dists": 0.7880539979253497,
    "lpips": 0.5604076513222286,
    "ms_ssim": 0.5101931393146515,
    "websight": 0.5750732583760769,
    "ciede2000": 0.7332527361369916,
    "mae": 0.9171757260565807,
    "nemd": 0.9722972182920684,
    "psnr": 0.3428641309496538,
    "ssim": 0.4673336318561009
  },
  "missing": []
}