{
  "per_page": {
    "about": {
      "dists": 0.8069989085197449,
      "lpips": 0.7017040550708771,
      "ms_ssim": 0.46032607555389404,
      "websight": 0.6988878737931228,
      "ciede2000": 0.8314118104662787,
      "mae": 0.9105241002534576,
      "nemd": 0.9898825476469574,
      "ocr_text": 0.8962962962962963,
      "psnr": 0.29169852929547,
      "ssim": 0.42631855607032776
    },
    "blog": {
      "dists": 0.8581539988517761,
      "lpips": 0.677931547164917,
      "ms_ssim": 0.4792402684688568,
      "websight": 0.6575942002373301,
      "ciede2000": 0.778533206129714,
      "mae": 0.8911358423797361,
      "nemd": 0.9739468009627186,
      "ocr_text": 0.826086956521739,
      "psnr": 0.2774969137572843,
      "ssim": 0.4259376525878906
    },
    "contact": {
      "dists": 0.8604593276977539,
      "lpips": 0.6901682317256927,
      "ms_ssim": 0.4313701093196869,
      "websight": 0.643329283705464,
      "ciede2000": 0.821154525551407,
      "mae": 0.9122313657234462,
      "nemd": 0.9869961772663527,
      "ocr_text": 0.7808219178082191,
      "psnr": 0.28883666476111863,
      "ssim": 0.36391186714172363
    },
    "home": {
      "dists": 0.8522995114326477,
      "lpips": 0.7110777795314789,
      "ms_ssim": 0.5141248106956482,
      "websight": 0.6684833942990606,
      "ciede2000": 0.8387543941473055,
      "mae": 0.9146036246797926,
      "nemd": 0.9891912372619356,
      "ocr_text": 0.7577639751552795,
      "psnr": 0.29456048068895535,
      "ssim": 0.49365949630737305
    },
    "post": {
      "dists": 0.868303656578064,
      "lpips": 0.6780769228935242,
      "ms_ssim": 0.4093078374862671,
      "websight": 0.6769915943084831,
      "ciede2000": 0.8234550726861672,
      "mae": 0.9086556784313725,
      "nemd": 0.9840835156250001,
      "ocr_text": 0.951048951048951,
      "psnr": 0.2864340491481772,
      "ssim": 0.34757891297340393
    },
    "project-detail": {
      "dists": 0.8538743257522583,
      "lpips": 0.6153908669948578,
      "ms_ssim": 0.36496129631996155,
      "websight": 0.6181812449206685,
      "ciede2000": 0.7941469542016725,
      "mae": 0.8910482521651715,
      "nemd": 0.9865343707197406,
      "ocr_text": 0.8863636363636364,
      "psnr": 0.27964035276910937,
      "ssim": 0.30033406615257263
    },
    "services": {
      "dists": 0.8037055730819702,
      "lpips": 0.5880011320114136,
      "ms_ssim": 0.31677040457725525,
      "websight": 0.5908061732306625,
      "ciede2000": 0.7125197419921754,
      "mae": 0.8607134240033688,
      "nemd": 0.9624360846499933,
      "ocr_text": 0.8823529411764706,
      "psnr": 0.25098248873415974,
      "ssim": 0.25924649834632874
    }
  },
  "aggregate": {
    "dists": 0.8433993288448879,
    "lpips": 0.6660500764846802,
    "ms_ssim": 0.4251572574887957,
    "websight": 0.6506105377849701,
    "ciede2000": 0.7999965293106744,
    "mae": 0.8984160410909066,
    "nemd": 0.9818672477332425,
    "ocr_text": 0.8543906677672274,
    "psnr": 0.28137849702203926,
    "ssim": 0.3738552927970886
  },
  "missing": []
}