{
  "per_page": {
    "billing": {
      "ciede2000": 0.8893970081359165,
      "mae": 0.9430378732644507,
      "nemd": 0.9666697071888177,
      "ocr_text": 0.8186046511627908,
      "psnr": 0.3567939859249832,
      "ssim": 0.5915567278862
    },
    "docs": {
      "ciede2000": 0.8962361333740839,
      "mae": 0.9462773006402014,
      "nemd": 0.9730110518658746,
      "ocr_text": 0.8877005347593583,
      "psnr": 0.3655354741566625,
      "ssim": 0.5786042213439941
    },
    "home": {
      "ciede2000": 0.795885066924066,
      "mae": 0.9028620045140359,
      "nemd": 0.9710693515500101,
      "ocr_text": 0.8484848484848484,
      "psnr": 0.29997703791554503,
      "ssim": 0.4838275909423828
    },
    "login": {
      "ciede2000": 0.8917900943037883,
      "mae": 0.9476398730212161,
      "nemd": 0.9714863425615463,
      "ocr_text": 0.767123287671233,
      "psnr": 0.36385447607599125,
      "ssim": 0.6232575178146362
    },
    "profile": {
      "ciede2000": 0.8971437588846315,
      "mae": 0.9483357423490923,
      "nemd": 0.9698511782832759,
      "ocr_text": 0.8756218905472637,
      "psnr": 0.37010031622444634,
      "ssim": 0.6038199067115784
    },
    "signup": {
      "ciede2000": 0.8881338424766307,
      "mae": 0.9451149709571719,
      "nemd": 0.9741088671247993,
      "ocr_text": 0.8783068783068783,
      "psnr": 0.35650393583872125,
      "ssim": 0.5893546938896179
    },
    "tools": {
      "ciede2000": 0.8773707947265098,
      "mae": 0.9396420490837706,
      "nemd": 0.97153084519944,
      "ocr_text": 0.8757062146892655,
      "psnr": 0.3513664470636876,
      "ssim": 0.5184114575386047
    }
  },
  "aggregate": {
    "ciede2000": 0.8765652426893752,
    "mae": 0.93898711626142,
    "nemd": 0.9711039062533949,
    "ocr_text": 0.8502211865173769,
    "psnr": 0.35201881045714817,
    "ssim": 0.5698331594467163
  },
  "missing": []
}