{
  "per_page": {
    "about": {
      "dists": 0.6316843032836914,
      "lpips": 0.48234713077545166,
      "ms_ssim": 0.09084738045930862,
      "websight": 0.44964079532397566,
      "ciede2000": 0.0,
      "mae": 0.36789166479348945,
      "nemd": 0.399029813359444,
      "ocr_text": 0.761904761904762,
      "psnr": 0.08239189111551679,
      "ssim": 0.11288493871688843
    },
    "category": {
      "dists": 0.6928019523620605,
      "lpips": 0.509304940700531,
      "ms_ssim": 0.34305548667907715,
      "websight": 0.479353971597625,
      "ciede2000": 0.0,
      "mae": 0.46397947167755993,
      "nemd": 0.5288332126193577,
      "ocr_text": 0.5867768595041322,
      "psnr": 0.10623850922520194,
      "ssim": 0.1409626454114914
    },
    "contact": {
      "dists": 0.5997849106788635,
      "lpips": 0.4543142318725586,
      "ms_ssim": 0.2908095717430115,
      "websight": 0.4884429876009624,
      "ciede2000": 0.0,
      "mae": 0.3783856806381414,
      "nemd": 0.3934881515498091,
      "ocr_text": 0.4999999999999999,
      "psnr": 0.08318712276063135,
      "ssim": 0.10229841619729996
    },
    "home": {
      "dists": 0.6507065296173096,
      "lpips": 0.4668964743614197,
      "ms_ssim": 0.22530865669250488,
      "websight": 0.46117072679195165,
      "ciede2000": 0.0,
      "mae": 0.46528751099798893,
      "nemd": 0.5394093214407476,
      "ocr_text": 0.6835443037974683,
      "psnr": 0.10851734170820673,
      "ssim": 0.11005297303199768
    },
    "latest": {
      "dists": 0.6204223036766052,
      "lpips": 0.48384636640548706,
      "ms_ssim": 0.27745482325553894,
      "websight": 0.47444471382084913,
      "ciede2000": 0.0,
      "mae": 0.30781747317381614,
      "nemd": 0.33504893218877235,
      "ocr_text": 0.6611570247933884,
      "psnr": 0.06938816034431934,
      "ssim": 0.08679705113172531
    }
  },
  "aggregate": {
    "dists": 0.639079999923706,
    "lpips": 0.4793418288230896,
    "ms_ssim": 0.24549518376588822,
    "websight": 0.4706106390270728,
    "ciede2000": 0.0,
    "mae": 0.3966723602561991,
    "nemd": 0.4391618862316261,
    "ocr_text": 0.6386765899999503,
    "psnr": 0.08994460503077523,
    "ssim": 0.11059920489788055
  },
  "missing": []
}