{
  "per_page": {
    "groups": {
      "dists": 0.8548030257225037,
      "lpips": null,
      "ms_ssim": 0.6099441051483154,
      "websight": 0.6828283921535917,
      "ciede2000": 0.8317366977055135,
      "mae": 0.916668179244287,
      "nemd": 0.9822145473874204,
      "psnr": 0.3469812457604199,
      "ssim": 0.5878646969795227
    },
    "home": {
      "dists": 0.806793212890625,
      "lpips": 0.5400444567203522,
      "ms_ssim": 0.5104557275772095,
      "websight": 0.6221138894733778,
      "ciede2000": 0.7918616165056892,
      "mae": 0.903021527459769,
      "nemd": 0.978720650906513,
      "psnr": 0.3319616154727546,
      "ssim": 0.501835286617279
    },
    "messages": {
      "dists": 0.8367746472358704,
      "lpips": 0.5917810797691345,
      "ms_ssim": 0.545223593711853,
      "websight": 0.5704947905245916,
      "ciede2000": 0.8324223898212842,
      "mae": 0.9223568641067538,
      "nemd": 0.9792782138400608,
      "psnr": 0.3522826863026309,
      "ssim": 0.5816298127174377
    },
    "notifications": {
      "dists": 0.831554651260376,
      "lpips": 0.6248221099376678,
      "ms_ssim": 0.6062510013580322,
      "websight": 0.7025162707241478,
      "ciede2000": 0.8676356144102518,
      "mae": 0.9394256020726609,
      "nemd": 0.9816132021820498,
      "psnr": 0.3779001566500204,
      "ssim": 0.5997887253761292
    },
    "profile": {
      "dists": 0.821687638759613,
      "lpips": 0.5195483565330505,
      "ms_ssim": 0.46314048767089844,
      "websight": 0.5818136287113976,
      "ciede2000": 0.789104834909308,
      "mae": 0.8970405905870982,
      "nemd": 0.9838336845328564,
      "psnr": 0.3300336653568398,
      "ssim": 0.5140799880027771
    },
    "trending": {
      "dists": 0.8353097438812256,
      "lpips": 0.6269870102405548,
      "ms_ssim": 0.6068828701972961,
      "websight": 0.6532737671404846,
      "ciede2000": 0.8364433332532786,
      "mae": 0.9244182207155941,
      "nemd": 0.9788233251872149,
      "psnr": 0.3546870629555896,
      "ssim": 0.6323304772377014
    }
  },
  "aggregate": {
    "dists": 0.8311538199583689,
    "lpips": 0.5806366026401519,
    "ms_ssim": 0.5569829642772675,
    "websight": 0.6355067897879317,
    "ciede2000": 0.824867414434221,
    "mae": 0.9171551640310273,
    "nemd": 0.980747270672686,
    "psnr": 0.34897440541637587,
    "ssim": 0.5695881644884745
  },
  "missing": []
}