{
  "per_page": {
    "about": {
      "dists": 0.7848148345947266,
      "lpips": 0.6968454718589783,
      "ms_ssim": 0.6227825284004211,
      "websight": 0.7526721053089656,
      "ciede2000": 0.8782543878804838,
      "mae": 0.936715401716242,
      "nemd": 0.970006429313262,
      "psnr": 0.35188668820247837,
      "ssim": 0.5915323495864868
    },
    "home": {
      "dists": 0.7799460887908936,
      "lpips": 0.6511582136154175,
      "ms_ssim": 0.5997011065483093,
      "websight": 0.7063452690714019,
      "ciede2000": 0.8632444892680391,
      "mae": 0.9315359901133449,
      "nemd": 0.9643631550591706,
      "psnr": 0.3468399622187274,
      "ssim": 0.565388023853302
    },
    "press": {
      "dists": 0.7744802236557007,
      "lpips": 0.6645461320877075,
      "ms_ssim": 0.5905106067657471,
      "websight": 0.7331679053407498,
      "ciede2000": 0.8602568314550634,
      "mae": 0.9283555269282533,
      "nemd": 0.9583429413362574,
      "psnr": 0.3445201338959766,
      "ssim": 0.5593773722648621
    },
    "team": {
      "dists": 0.7711758613586426,
      "lpips": 0.6626026630401611,
      "ms_ssim": 0.6114655137062073,
      "websight": 0.7413378840571528,
      "ciede2000": 0.855676612128442,
      "mae": 0.925114869786924,
      "nemd": 0.9582613343145988,
      "psnr": 0.34876155158435934,
      "ssim": 0.5338510870933533
    },
    "testimonials": {
      "dists": 0.7470017671585083,
      "lpips": 0.6809122860431671,
      "ms_ssim": 0.6060612797737122,
      "websight": 0.7428331081051409,
      "ciede2000": 0.8606221335335609,
      "mae": 0.9286273202312069,
      "nemd": 0.9587414315523941,
      "psnr": 0.3507326622269634,
      "ssim": 0.5335574746131897
    }
  },
  "aggregate": {
    "dists": 0.7714837551116943,
    "lpips": 0.6712129533290863,
    "ms_ssim": 0.6061042070388794,
    "websight": 0.7352712543766822,
    "ciede2000": 0.8636108908531177,
    "mae": 0.9300698217551941,
    "nemd": 0.9619430583151367,
    "psnr": 0.34854819962570105,
    "ssim": 0.5567412614822388
  },
  "missing": []
}