{
  "per_page": {
    "api": {
      "dists": 0.8218814730644226,
      "lpips": 0.5642663240432739,
      "ms_ssim": 0.42010700702667236,
      "websight": 0.5693530772083489,
      "ciede2000": 0.609419983864987,
      "mae": 0.7991043185809318,
      "nemd": 0.96034417275715,
      "psnr": 0.22182335171831588,
      "ssim": 0.4225600063800812
    },
    "home": {
      "dists": 0.750899076461792,
      "lpips": 0.4863108992576599,
      "ms_ssim": 0.3675997257232666,
      "websight": 0.5413265613546657,
      "ciede2000": 0.6916930308748879,
      "mae": 0.8446855934904045,
      "nemd": 0.9595748156908062,
      "psnr": 0.26264161990791474,
      "ssim": 0.3171842098236084
    },
    "integrations": {
      "dists": 0.7573239803314209,
      "lpips": 0.44072628021240234,
      "ms_ssim": 0.3051896095275879,
      "websight": 0.5326687232140572,
      "ciede2000": 0.62261756262058,
      "mae": 0.8110107420554429,
      "nemd": 0.9613613856523886,
      "psnr": 0.24616888601346368,
      "ssim": 0.25870609283447266
    },
    "login": {
      "dists": 0.7493352890014648,
      "lpips": 0.39438241720199585,
      "ms_ssim": 0.39467111229896545,
      "websight": 0.45601709859043943,
      "ciede2000": 0.6345157000433659,
      "mae": 0.8160907086076645,
      "nemd": 0.9486953925852968,
      "psnr": 0.263320179689026,
      "ssim": 0.4053541123867035
    },
    "profile": {
      "dists": 0.7517648339271545,
      "lpips": 0.410403847694397,
      "ms_ssim": 0.29531559348106384,
      "websight": 0.49561304064712147,
      "ciede2000": 0.596447181955361,
      "mae": 0.7986910558469081,
      "nemd": 0.9513693188203909,
      "psnr": 0.24381778280878627,
      "ssim": 0.27223217487335205
    }
  },
  "aggregate": {
    "dists": 0.766240930557251,
    "lpips": 0.4592179536819458,
    "ms_ssim": 0.3565766096115112,
    "websight": 0.5189957002029265,
    "ciede2000": 0.6309386918718364,
    "mae": 0.8139164837162702,
    "nemd": 0.9562690171012065,
    "psnr": 0.2475543640275013,
    "ssim": 0.33520731925964353
  },
  "missing": []
}