{
  "per_page": {
    "about": {
      "dists": 0.7765730619430542,
      "lpips": 0.4916340708732605,
      "ms_ssim": 0.44737735390663147,
      "websight": 0.5540505264215408,
      "ciede2000": 0.6945018086902912,
      "mae": 0.9030103170671511,
      "nemd": 0.9690342130266345,
      "psnr": 0.3363105999884903,
      "ssim": 0.3661913573741913
    },
    "account": {
      "dists": 0.8056147694587708,
      "lpips": 0.5389095544815063,
      "ms_ssim": 0.5043365955352783,
      "websight": 0.6338055464956496,
      "ciede2000": 0.667220998132765,
      "mae": 0.8906757841311571,
      "nemd": 0.9512224622711047,
      "psnr": 0.3287056118372143,
      "ssim": 0.4496975839138031
    },
    "cart": {
      "dists": 0.8060513734817505,
      "lpips": 0.5769437551498413,
      "ms_ssim": 0.5783793926239014,
      "websight": 0.566422180725577,
      "ciede2000": 0.6934967269146401,
      "mae": 0.9043781644455131,
      "nemd": 0.9556821705792069,
      "psnr": 0.34619305472671985,
      "ssim": 0.48024365305900574
    },
    "contact": {
      "dists": 0.7884063124656677,
      "lpips": 0.4934815764427185,
      "ms_ssim": 0.508502185344696,
      "websight": 0.6233641169778067,
      "ciede2000": 0.6955131772309193,
      "mae": 0.9061025066306716,
      "nemd": 0.9526284327115414,
      "psnr": 0.34799846588753486,
      "ssim": 0.44103240966796875
    },
    "home": {
      "dists": 0.7982085347175598,
      "lpips": 0.5555426478385925,
      "ms_ssim": 0.5344371199607849,
      "websight": 0.5410025665143721,
      "ciede2000": 0.6658335654897218,
      "mae": 0.8947307040051367,
      "nemd": 0.9557621816437984,
      "psnr": 0.332356533493511,
      "ssim": 0.4659387171268463
    },
    "shipping": {
      "dists": 0.7616543769836426,
      "lpips": 0.47538435459136963,
      "ms_ssim": 0.4526965618133545,
      "websight": 0.5298550154961331,
      "ciede2000": 0.6851689354252533,
      "mae": 0.9020938171031802,
      "nemd": 0.9603588759851492,
      "psnr": 0.3389629688670867,
      "ssim": 0.4002213776111603
    },
    "shop": {
      "dists": 0.7849552631378174,
      "lpips": 0.5185775756835938,
      "ms_ssim": 0.4506390392780304,
      "websight": 0.5095128829533098,
      "ciede2000": 0.6730849667079497,
      "mae": 0.8908050027233115,
      "nemd": 0.9615981892903644,
      "psnr": 0.32778802381762295,
      "ssim": 0.4026407301425934
    }
  },
  "aggregate": {
    "dists": 0.7887805274554661,
    "lpips": 0.5214962192944118,
    "ms_ssim": 0.49662403549466816,
    "websight": 0.5654304050834842,
    "ciede2000": 0.6821171683702201,
    "mae": 0.8988280423008745,
    "nemd": 0.9580409322153999,
    "psnr": 0.3369021798025971,
    "ssim": 0.4294236898422241
  },
  "missing": []
}