{
  "per_page": {
    "about": {
      "dists": 0.8426833152770996,
      "lpips": 0.6728018224239349,
      "ms_ssim": 0.5783789753913879,
      "websight": 0.7257909824555823,
      "ciede2000": 0.8949750978576217,
      "mae": 0.9502458483393357,
      "nemd": 0.9972151717620641,
      "psnr": 0.3499580037519845,
      "ssim": 0.6014450192451477
    },
    "home": {
      "dists": 0.8498057723045349,
      "lpips": 0.6912016868591309,
      "ms_ssim": 0.5993600487709045,
      "websight": 0.7174112022432507,
      "ciede2000": 0.8815599889160067,
      "mae": 0.947371567593282,
      "nemd": 0.9944144168644513,
      "psnr": 0.34512958924710335,
      "ssim": 0.6194959282875061
    },
    "press": {
      "dists": 0.8444240093231201,
      "lpips": 0.6498185694217682,
      "ms_ssim": 0.5442988872528076,
      "websight": 0.699209254938587,
      "ciede2000": 0.8729155908304472,
      "mae": 0.9437942672897752,
      "nemd": 0.9920538496727015,
      "psnr": 0.3419124636282399,
      "ssim": 0.5654197335243225
    },
    "team": {
      "dists": 0.8293797373771667,
      "lpips": 0.7037298083305359,
      "ms_ssim": 0.6154316067695618,
      "websight": 0.7512672778544993,
      "ciede2000": 0.8860902844919858,
      "mae": 0.9451770110348922,
      "nemd": 0.9921261014042746,
      "psnr": 0.3479392175702447,
      "ssim": 0.5974970459938049
    },
    "testimonials": {
      "dists": 0.8244742751121521,
      "lpips": 0.6706337034702301,
      "ms_ssim": 0.5732546448707581,
      "websight": 0.7226733130321167,
      "ciede2000": 0.888645232536313,
      "mae": 0.9481384626314294,
      "nemd": 0.9906045939692221,
      "psnr": 0.3536265978790624,
      "ssim": 0.5488190650939941
    }
  },
  "aggregate": {
    "dists": 0.8381534218788147,
    "lpips": 0.67763711810112,
    "ms_ssim": 0.582144832611084,
    "websight": 0.7232704061048072,
    "ciede2000": 0.8848372389264749,
    "mae": 0.946945431377743,
    "nemd": 0.9932828267345428,
    "psnr": 0.34771317441532695,
    "ssim": 0.5865353584289551
  },
  "missing": []
}