{
  "per_page": {
    "blog": {
      "dists": 0.7688397169113159,
      "lpips": 0.445037305355072,
      "ms_ssim": 0.3615137040615082,
      "websight": 0.48974931629498797,
      "ciede2000": 0.5543119586820051,
      "mae": 0.770641232066185,
      "nemd": 0.9265830761151159,
      "psnr": 0.2301255776524323,
      "ssim": 0.3935684859752655
    },
    "courses": {
      "dists": 0.7859876751899719,
      "lpips": 0.4259875416755676,
      "ms_ssim": 0.34593138098716736,
      "websight": 0.5144114065588566,
      "ciede2000": 0.579525460843777,
      "mae": 0.7837986871105032,
      "nemd": 0.9047932914319889,
      "psnr": 0.24322419620797261,
      "ssim": 0.39242124557495117
    },
    "faq": {
      "dists": 0.7733180522918701,
      "lpips": 0.4841121435165405,
      "ms_ssim": 0.40333831310272217,
      "websight": 0.5678981640045112,
      "ciede2000": 0.5964641383657102,
      "mae": 0.8100441361624915,
      "nemd": 0.9462338630500964,
      "psnr": 0.2570375012449788,
      "ssim": 0.35646286606788635
    },
    "home": {
      "dists": 0.7600991725921631,
      "lpips": 0.4348781108856201,
      "ms_ssim": 0.3724948465824127,
      "websight": 0.4541631442041796,
      "ciede2000": 0.5018110459907879,
      "mae": 0.7429598058915461,
      "nemd": 0.916940483541248,
      "psnr": 0.22027058108342115,
      "ssim": 0.3195662498474121
    },
    "instructors": {
      "dists": 0.7729501724243164,
      "lpips": 0.4517486095428467,
      "ms_ssim": 0.37830135226249695,
      "websight": 0.44377727309862774,
      "ciede2000": 0.5806706421179337,
      "mae": 0.7862975251257027,
      "nemd": 0.9168197922875512,
      "psnr": 0.23780852126300311,
      "ssim": 0.35020390152931213
    },
    "resources": {
      "dists": 0.8114528656005859,
      "lpips": 0.5008237063884735,
      "ms_ssim": 0.3534957468509674,
      "websight": 0.5446725088124835,
      "ciede2000": 0.7069936999021604,
      "mae": 0.8488159939609372,
      "nemd": 0.9572907926622655,
      "psnr": 0.27635477920104184,
      "ssim": 0.4176870286464691
    },
    "schedule": {
      "dists": 0.7860349416732788,
      "lpips": 0.5159581303596497,
      "ms_ssim": 0.41463783383369446,
      "websight": 0.5505393250783285,
      "ciede2000": 0.688137239871591,
      "mae": 0.8464492207139266,
      "nemd": 0.9497623877297243,
      "psnr": 0.2755088825420498,
      "ssim": 0.3858335316181183
    }
  },
  "aggregate": {
    "dists": 0.7798117995262146,
    "lpips": 0.46550650681768146,
    "ms_ssim": 0.3756733110972813,
    "websight": 0.5093158768645678,
    "ciede2000": 0.6011305979677093,
    "mae": 0.7984295144330418,
    "nemd": 0.9312033838311414,
    "psnr": 0.24861857702784282,
    "ssim": 0.37367761560848783
  },
  "missing": []
}