{
  "per_page": {
    "home": {
      "dists": 0.8635369539260864,
      "lpips": 0.5097074806690216,
      "ms_ssim": 0.3814210593700409,
      "websight": 0.5501923660437266,
      "ciede2000": 0.6361735603813929,
      "mae": 0.8704181036751758,
      "nemd": 0.9895083838317718,
      "psnr": 0.2794342076355428,
      "ssim": 0.33006396889686584
    },
    "messages": {
      "dists": 0.8261792659759521,
      "lpips": 0.5648871660232544,
      "ms_ssim": 0.42056727409362793,
      "websight": 0.566667435469666,
      "ciede2000": 0.6356394848708596,
      "mae": 0.8564826923498706,
      "nemd": 0.9628801243132749,
      "psnr": 0.26217589509561384,
      "ssim": 0.3566213548183441
    },
    "notifications": {
      "dists": 0.8747450709342957,
      "lpips": 0.5504809617996216,
      "ms_ssim": 0.45400312542915344,
      "websight": 0.6048839814421059,
      "ciede2000": 0.666277317083032,
      "mae": 0.8866242023332631,
      "nemd": 0.9875393153911849,
      "psnr": 0.2917875004670243,
      "ssim": 0.4066905081272125
    },
    "profile": {
      "dists": 0.8541988730430603,
      "lpips": 0.5960866212844849,
      "ms_ssim": 0.44634509086608887,
      "websight": 0.6127041734671859,
      "ciede2000": 0.6973943799251028,
      "mae": 0.8949442505485597,
      "nemd": 0.9837381695402567,
      "psnr": 0.2981337100130647,
      "ssim": 0.4141328036785126
    },
    "search": {
      "dists": 0.840167760848999,
      "lpips": 0.5075185894966125,
      "ms_ssim": 0.35038840770721436,
      "websight": 0.44935538010163745,
      "ciede2000": 0.5674925034368521,
      "mae": 0.8396344156300513,
      "nemd": 0.9820507542482718,
      "psnr": 0.26523864285329923,
      "ssim": 0.3082182705402374
    }
  },
  "aggregate": {
    "dists": 0.8517655849456787,
    "lpips": 0.545736163854599,
    "ms_ssim": 0.4105449914932251,
    "websight": 0.5567606673048643,
    "ciede2000": 0.6405954491394479,
    "mae": 0.8696207329073842,
    "nemd": 0.9811433494649519,
    "psnr": 0.27935399121290894,
    "ssim": 0.3631453812122345
  },
  "missing": []
}