{
  "per_page": {
    "about": {
      "dists": 0.8673967123031616,
      "lpips": 0.705146074295044,
      "ms_ssim": 0.6296780109405518,
      "websight": 0.7656078502751779,
      "ciede2000": 0.8968450452251016,
      "mae": 0.9418743033708606,
      "nemd": 0.9814488791457099,
      "psnr": 0.36295348578445824,
      "ssim": 0.6434010863304138
    },
    "cart": {
      "dists": 0.8600451350212097,
      "lpips": 0.7287040948867798,
      "ms_ssim": 0.6793482303619385,
      "websight": 0.7813686775988428,
      "ciede2000": 0.8987755009380728,
      "mae": 0.9384617132374354,
      "nemd": 0.9854550598207549,
      "psnr": 0.3447941275451916,
      "ssim": 0.6660099625587463
    },
    "category": {
      "dists": 0.842448353767395,
      "lpips": 0.6547928750514984,
      "ms_ssim": 0.5542717576026917,
      "websight": 0.7024184621817677,
      "ciede2000": 0.8408576663248886,
      "mae": 0.9112553846555256,
      "nemd": 0.9623412440256206,
      "psnr": 0.3173219996685623,
      "ssim": 0.5610153079032898
    },
    "faq": {
      "dists": 0.8663415908813477,
      "lpips": 0.7599113583564758,
      "ms_ssim": 0.6467199921607971,
      "websight": 0.7962891752757724,
      "ciede2000": 0.9249134262431832,
      "mae": 0.954251240287553,
      "nemd": 0.9836305736509645,
      "psnr": 0.38334877623474095,
      "ssim": 0.6684072613716125
    },
    "home": {
      "dists": 0.858561635017395,
      "lpips": 0.7359059154987335,
      "ms_ssim": 0.6664115786552429,
      "websight": 0.779273064099541,
      "ciede2000": 0.8852758131905409,
      "mae": 0.9338245153230176,
      "nemd": 0.961968834212273,
      "psnr": 0.34403796737970666,
      "ssim": 0.6679951548576355
    },
    "wishlist": {
      "dists": 0.866775631904602,
      "lpips": 0.7435716986656189,
      "ms_ssim": 0.6619967818260193,
      "websight": 0.7701613805494509,
      "ciede2000": 0.8887769497365419,
      "mae": 0.9374919341746778,
      "nemd": 0.9705002158421077,
      "psnr": 0.3485821731432344,
      "ssim": 0.6619846820831299
    }
  },
  "aggregate": {
    "dists": 0.8602615098158518,
    "lpips": 0.721338669459025,
    "ms_ssim": 0.6397377252578735,
    "websight": 0.7658531016634255,
    "ciede2000": 0.8892407336097214,
    "mae": 0.9361931818415118,
    "nemd": 0.9742241344495719,
    "psnr": 0.35017308829264904,
    "ssim": 0.6448022425174713
  },
  "missing": []
}