{
  "per_page": {
    "groups": {
      "dists": 0.8413659334182739,
      "lpips": 0.6657911241054535,
      "ms_ssim": 0.6403914093971252,
      "websight": 0.7127441209952036,
      "ciede2000": 0.8203395664808579,
      "mae": 0.9093881162842034,
      "nemd": 0.9627826864025024,
      "psnr": 0.34817018970192093,
      "ssim": 0.5984365940093994
    },
    "home": {
      "dists": 0.8435966968536377,
      "lpips": 0.6316329538822174,
      "ms_ssim": 0.6157517433166504,
      "websight": 0.7241558076993698,
      "ciede2000": 0.8317341221378163,
      "mae": 0.9154030362321857,
      "nemd": 0.9721275533688296,
      "psnr": 0.34830733226680405,
      "ssim": 0.5881336331367493
    },
    "messages": {
      "dists": 0.8340371251106262,
      "lpips": 0.6140073537826538,
      "ms_ssim": 0.6372168064117432,
      "websight": 0.642771098552606,
      "ciede2000": 0.8351947748286731,
      "mae": 0.9173731481481482,
      "nemd": 0.9632977905273438,
      "psnr": 0.3677588167992973,
      "ssim": 0.6497357487678528
    },
    "notifications": {
      "dists": 0.7919703722000122,
      "lpips": 0.5946595668792725,
      "ms_ssim": 0.5797121524810791,
      "websight": 0.6502624686631618,
      "ciede2000": 0.8381829744954714,
      "mae": 0.9181775361334185,
      "nemd": 0.9657975982292388,
      "psnr": 0.36706525702503023,
      "ssim": 0.5868437886238098
    },
    "profile": {
      "dists": 0.8014510273933411,
      "lpips": 0.5099838376045227,
      "ms_ssim": 0.4195365011692047,
      "websight": 0.5717120326700664,
      "ciede2000": 0.7700081666274438,
      "mae": 0.8814743149401583,
      "nemd": 0.968479376858648,
      "psnr": 0.3204882432890766,
      "ssim": 0.4794583320617676
    },
    "trending": {
      "dists": 0.8357394933700562,
      "lpips": 0.6171854138374329,
      "ms_ssim": 0.5932391285896301,
      "websight": 0.620481924031132,
      "ciede2000": 0.8266760490700246,
      "mae": 0.9130105436867948,
      "nemd": 0.9657510057136194,
      "psnr": 0.3511455100878428,
      "ssim": 0.617229163646698
    }
  },
  "aggregate": {
    "dists": 0.8246934413909912,
    "lpips": 0.6055433750152588,
    "ms_ssim": 0.5809746235609055,
    "websight": 0.65368790876859,
    "ciede2000": 0.8203559422733813,
    "mae": 0.9091377825708182,
    "nemd": 0.9663726685166969,
    "psnr": 0.350489224861662,
    "ssim": 0.5866395433743795
  },
  "missing": []
}