{
  "per_page": {
    "events": {
      "dists": 0.7854484915733337,
      "lpips": 0.4046807289123535,
      "ms_ssim": 0.4442289173603058,
      "websight": 0.5666854208206883,
      "ciede2000": 0.7614004589189673,
      "mae": 0.8969977773718183,
      "nemd": 0.9701914410429876,
      "psnr": 0.31315412773896173,
      "ssim": 0.4169628620147705
    },
    "home": {
      "dists": 0.7568556070327759,
      "lpips": 0.38313621282577515,
      "ms_ssim": 0.5077502131462097,
      "websight": 0.5760826345646021,
      "ciede2000": 0.7705526848792597,
      "mae": 0.8983544486970672,
      "nemd": 0.9692910331914117,
      "psnr": 0.3118261139530078,
      "ssim": 0.44644203782081604
    },
    "login": {
      "dists": 0.7948470711708069,
      "lpips": 0.4174957871437073,
      "ms_ssim": 0.6169166564941406,
      "websight": 0.596921941583238,
      "ciede2000": 0.8137819755379256,
      "mae": 0.9272669458674361,
      "nemd": 0.9810414601613331,
      "psnr": 0.335731285933552,
      "ssim": 0.6251950860023499
    },
    "saved": {
      "dists": 0.7523636817932129,
      "lpips": 0.4129284620285034,
      "ms_ssim": 0.501915454864502,
      "websight": 0.5820180869926981,
      "ciede2000": 0.8025539488002098,
      "mae": 0.9105731070676858,
      "nemd": 0.9674661223847987,
      "psnr": 0.32953379408420463,
      "ssim": 0.44498321413993835
    },
    "search": {
      "dists": 0.7492720484733582,
      "lpips": 0.4487680196762085,
      "ms_ssim": 0.5306040644645691,
      "websight": 0.5992486539971892,
      "ciede2000": 0.7841112745778521,
      "mae": 0.902785774260121,
      "nemd": 0.9633000886837014,
      "psnr": 0.31817664380677235,
      "ssim": 0.4647427797317505
    }
  },
  "aggregate": {
    "dists": 0.7677573800086975,
    "lpips": 0.41340184211730957,
    "ms_ssim": 0.5202830612659455,
    "websight": 0.5841913475916831,
    "ciede2000": 0.7864800685428429,
    "mae": 0.9071956106528256,
    "nemd": 0.9702580290928464,
    "psnr": 0.3216843931032997,
    "ssim": 0.479665195941925
  },
  "missing": []
}