{
  "per_page": {
    "archive": {
      "dists": 0.7789060473442078,
      "lpips": 0.602356493473053,
      "ms_ssim": 0.6206994652748108,
      "websight": 0.656586924324865,
      "ciede2000": 0.7915286756688673,
      "mae": 0.8837023697374666,
      "nemd": 0.9162871748428771,
      "ocr_text": 0.7633928571428571,
      "psnr": 0.3311687829515333,
      "ssim": 0.6470658183097839
    },
    "author": {
      "dists": 0.7808069586753845,
      "lpips": 0.5948626399040222,
      "ms_ssim": 0.5550586581230164,
      "websight": 0.6563416373139245,
      "ciede2000": 0.7492592787447829,
      "mae": 0.8627421003085426,
      "nemd": 0.9224224073584822,
      "ocr_text": 0.8209255533199195,
      "psnr": 0.3066064775004764,
      "ssim": 0.5390253067016602
    },
    "contact": {
      "dists": 0.7958155870437622,
      "lpips": 0.5384014248847961,
      "ms_ssim": 0.48805907368659973,
      "websight": 0.5849406164329688,
      "ciede2000": 0.5382954398515574,
      "mae": 0.7642049338985347,
      "nemd": 0.8515192110313322,
      "ocr_text": 0.7168674698795182,
      "psnr": 0.2181271402033064,
      "ssim": 0.4703176021575928
    },
    "home": {
      "dists": 0.8107170462608337,
      "lpips": 0.5472116470336914,
      "ms_ssim": 0.48259440064430237,
      "websight": 0.5966703002191075,
      "ciede2000": 0.5986285272472378,
      "mae": 0.7970679346910585,
      "nemd": 0.9045966719270162,
      "ocr_text": 0.7534516765285995,
      "psnr": 0.24399822100327684,
      "ssim": 0.4879414141178131
    },
    "latest": {
      "dists": 0.7540232539176941,
      "lpips": 0.5328754782676697,
      "ms_ssim": 0.44153347611427307,
      "websight": 0.6034847258361742,
      "ciede2000": 0.6011691216315898,
      "mae": 0.791482889557338,
      "nemd": 0.8660472795377276,
      "ocr_text": 0.8251533742331288,
      "psnr": 0.24028926685698715,
      "ssim": 0.46135926246643066
    },
    "newsletter": {
      "dists": 0.8155978322029114,
      "lpips": 0.5388570427894592,
      "ms_ssim": 0.46751222014427185,
      "websight": 0.6192106672451686,
      "ciede2000": 0.709176921038027,
      "mae": 0.8462231448540487,
      "nemd": 0.9204338449763887,
      "ocr_text": 0.8442437923250565,
      "psnr": 0.27924350201081294,
      "ssim": 0.4707570970058441
    }
  },
  "aggregate": {
    "dists": 0.7893111209074656,
    "lpips": 0.559094121058782,
    "ms_ssim": 0.5092428823312124,
    "websight": 0.6195391452287015,
    "ciede2000": 0.664676327363677,
    "mae": 0.8242372288411649,
    "nemd": 0.8968844316123038,
    "ocr_text": 0.7873391205715133,
    "psnr": 0.26990556508773217,
    "ssim": 0.5127444167931875
  },
  "missing": []
}