{
  "per_page": {
    "about": {
      "dists": 0.7998554706573486,
      "lpips": 0.6446292698383331,
      "ms_ssim": 0.42241740226745605,
      "websight": 0.5539498436531234,
      "ciede2000": 0.824417489508028,
      "mae": 0.8996245152833274,
      "nemd": 0.9778079423934486,
      "ocr_text": 0.638095238095238,
      "psnr": 0.29635302528996976,
      "ssim": 0.3689643442630768
    },
    "blog": {
      "dists": 0.8063744306564331,
      "lpips": 0.586312860250473,
      "ms_ssim": 0.38693514466285706,
      "websight": 0.49890109746000394,
      "ciede2000": 0.6756936229993953,
      "mae": 0.8269650312711292,
      "nemd": 0.9522260905103818,
      "ocr_text": 0.5288461538461539,
      "psnr": 0.25042339906542127,
      "ssim": 0.32272204756736755
    },
    "contact": {
      "dists": 0.8367679119110107,
      "lpips": 0.6011874973773956,
      "ms_ssim": 0.34925833344459534,
      "websight": 0.5710974060033968,
      "ciede2000": 0.7678638207120332,
      "mae": 0.8734028462641055,
      "nemd": 0.9727314496307273,
      "ocr_text": 0.7801418439716311,
      "psnr": 0.27383822860215573,
      "ssim": 0.30941322445869446
    },
    "home": {
      "dists": 0.8424615263938904,
      "lpips": 0.5653202533721924,
      "ms_ssim": 0.36070704460144043,
      "websight": 0.5517662568887075,
      "ciede2000": 0.7333207954081484,
      "mae": 0.8488347316003271,
      "nemd": 0.9745777128811994,
      "ocr_text": 0.7428571428571429,
      "psnr": 0.2651240317947589,
      "ssim": 0.3618815839290619
    },
    "post": {
      "dists": 0.8282284736633301,
      "lpips": 0.5246628820896149,
      "ms_ssim": 0.2623703181743622,
      "websight": 0.5572299350191046,
      "ciede2000": 0.7141937644637963,
      "mae": 0.8294091877995643,
      "nemd": 0.9647118411458333,
      "ocr_text": 0.8551724137931035,
      "psnr": 0.2527275081178409,
      "ssim": 0.22619295120239258
    },
    "project-detail": {
      "dists": 0.7889363765716553,
      "lpips": 0.5974228978157043,
      "ms_ssim": 0.3681599795818329,
      "websight": 0.6082548145514034,
      "ciede2000": 0.7648582692170083,
      "mae": 0.8705793232868111,
      "nemd": 0.9688054696344817,
      "ocr_text": 0.8582375478927203,
      "psnr": 0.2752922853051996,
      "ssim": 0.3129270374774933
    },
    "services": {
      "dists": 0.8016146421432495,
      "lpips": 0.596470296382904,
      "ms_ssim": 0.29939064383506775,
      "websight": 0.5523765583833059,
      "ciede2000": 0.7988607280330414,
      "mae": 0.886001650039347,
      "nemd": 0.9726151556907319,
      "ocr_text": 0.7791164658634538,
      "psnr": 0.2787620687142613,
      "ssim": 0.2398393601179123
    }
  },
  "aggregate": {
    "dists": 0.8148912617138454,
    "lpips": 0.5880008510180882,
    "ms_ssim": 0.34989126665251596,
    "websight": 0.5562251302798636,
    "ciede2000": 0.7541726414773501,
    "mae": 0.8621167550778016,
    "nemd": 0.9690679516981148,
    "ocr_text": 0.7403524009027775,
    "psnr": 0.2703600781270868,
    "ssim": 0.30599150700228556
  },
  "missing": []
}