{
  "per_page": {
    "api": {
      "dists": 0.7637982368469238,
      "lpips": 0.44825631380081177,
      "ms_ssim": 0.35738253593444824,
      "websight": 0.49314179173938893,
      "ciede2000": 0.4779067880448611,
      "mae": 0.7270816571883796,
      "nemd": 0.9657936264526802,
      "psnr": 0.1903530775873266,
      "ssim": 0.3443300426006317
    },
    "home": {
      "dists": 0.7020103931427002,
      "lpips": 0.3820815086364746,
      "ms_ssim": 0.3689230680465698,
      "websight": 0.5292734343583892,
      "ciede2000": 0.6820371023043938,
      "mae": 0.8272596376884869,
      "nemd": 0.9470119205790211,
      "psnr": 0.25368282076335685,
      "ssim": 0.33242979645729065
    },
    "integrations": {
      "dists": 0.7536306977272034,
      "lpips": 0.3886726498603821,
      "ms_ssim": 0.2367091327905655,
      "websight": 0.4794781009356181,
      "ciede2000": 0.6463222626259333,
      "mae": 0.8072417624521073,
      "nemd": 0.9456250346099737,
      "psnr": 0.24297304526754426,
      "ssim": 0.19672346115112305
    },
    "login": {
      "dists": 0.681770920753479,
      "lpips": 0.37111949920654297,
      "ms_ssim": 0.31414952874183655,
      "websight": 0.490971766812827,
      "ciede2000": 0.5683977472956538,
      "mae": 0.7679906320749434,
      "nemd": 0.9227546699157656,
      "psnr": 0.23447984052655427,
      "ssim": 0.3442361354827881
    },
    "profile": {
      "dists": 0.778167724609375,
      "lpips": 0.4191654324531555,
      "ms_ssim": 0.3258240520954132,
      "websight": 0.5221358555735964,
      "ciede2000": 0.6682259473245464,
      "mae": 0.8078718790942461,
      "nemd": 0.9481859150037562,
      "psnr": 0.24813002939338416,
      "ssim": 0.2882251441478729
    }
  },
  "aggregate": {
    "dists": 0.7358755946159363,
    "lpips": 0.40185908079147337,
    "ms_ssim": 0.32059766352176666,
    "websight": 0.503000189883964,
    "ciede2000": 0.6085779695190776,
    "mae": 0.7874891136996327,
    "nemd": 0.9458742333122393,
    "psnr": 0.23392376270763324,
    "ssim": 0.3011889159679413
  },
  "missing": []
}