{
  "per_page": {
    "about": {
      "dists": 0.8042551875114441,
      "lpips": 0.6721697747707367,
      "ms_ssim": 0.4234778881072998,
      "websight": 0.671365746083083,
      "ciede2000": 0.7963121989721428,
      "mae": 0.8942914214983787,
      "nemd": 0.9786445681964746,
      "ocr_text": 0.9037037037037037,
      "psnr": 0.28916912033098496,
      "ssim": 0.37927016615867615
    },
    "blog": {
      "dists": 0.8510652780532837,
      "lpips": 0.6322663724422455,
      "ms_ssim": 0.3864170014858246,
      "websight": 0.6326659548352337,
      "ciede2000": 0.7412482935866578,
      "mae": 0.8665050169972204,
      "nemd": 0.9763725142399775,
      "ocr_text": 0.8941176470588236,
      "psnr": 0.2689511888868214,
      "ssim": 0.3255056142807007
    },
    "contact": {
      "dists": 0.8438122272491455,
      "lpips": 0.6260887682437897,
      "ms_ssim": 0.3230852782726288,
      "websight": 0.5756023666080163,
      "ciede2000": 0.7476309183522639,
      "mae": 0.8721302642234803,
      "nemd": 0.974336801375144,
      "ocr_text": 0.7862068965517242,
      "psnr": 0.26811801464421825,
      "ssim": 0.2688060998916626
    },
    "home": {
      "dists": 0.8479071259498596,
      "lpips": 0.6223254203796387,
      "ms_ssim": 0.4231421649456024,
      "websight": 0.6183141032728167,
      "ciede2000": 0.7590894003143377,
      "mae": 0.87042424603416,
      "nemd": 0.9698257276922291,
      "ocr_text": 0.7875,
      "psnr": 0.2740320664957224,
      "ssim": 0.4325479567050934
    },
    "post": {
      "dists": 0.8502909541130066,
      "lpips": 0.6124423742294312,
      "ms_ssim": 0.34414494037628174,
      "websight": 0.6467562865452715,
      "ciede2000": 0.767236878096045,
      "mae": 0.8765591189542483,
      "nemd": 0.9703619301215278,
      "ocr_text": 0.9858156028368794,
      "psnr": 0.27703755090384347,
      "ssim": 0.2869987487792969
    },
    "project-detail": {
      "dists": 0.861016571521759,
      "lpips": 0.5976640582084656,
      "ms_ssim": 0.32255256175994873,
      "websight": 0.596070759423332,
      "ciede2000": 0.7522185079774879,
      "mae": 0.8653333214411432,
      "nemd": 0.9648425914869905,
      "ocr_text": 0.8646616541353384,
      "psnr": 0.2686662333099832,
      "ssim": 0.2641773521900177
    },
    "services": {
      "dists": 0.8385036587715149,
      "lpips": 0.6164541244506836,
      "ms_ssim": 0.28088948130607605,
      "websight": 0.5992089154904635,
      "ciede2000": 0.7699195300005183,
      "mae": 0.8774086453102298,
      "nemd": 0.9777604177822281,
      "ocr_text": 0.8949416342412451,
      "psnr": 0.2694359850704664,
      "ssim": 0.2439028024673462
    }
  },
  "aggregate": {
    "dists": 0.8424072861671448,
    "lpips": 0.6256301275321415,
    "ms_ssim": 0.35767275946480886,
    "websight": 0.6199977331797452,
    "ciede2000": 0.7619508181856361,
    "mae": 0.8746645763512657,
    "nemd": 0.9731635072706533,
    "ocr_text": 0.873849591218245,
    "psnr": 0.27363002280600573,
    "ssim": 0.3144583914961134
  },
  "missing": []
}