{
  "per_page": {
    "about": {
      "dists": 0.8584268093109131,
      "lpips": 0.5721812844276428,
      "ms_ssim": 0.3215153217315674,
      "websight": 0.6102599917936642,
      "ciede2000": 0.6793437637006969,
      "mae": 0.8186629426461942,
      "nemd": 0.9677072852222728,
      "ocr_text": 0.9501466275659822,
      "psnr": 0.2389592320236783,
      "ssim": 0.2935989499092102
    },
    "category": {
      "dists": 0.9009736180305481,
      "lpips": 0.7026136517524719,
      "ms_ssim": 0.5128310322761536,
      "websight": 0.67013663837343,
      "ciede2000": 0.7459921056936007,
      "mae": 0.864765751633987,
      "nemd": 0.9700988057454427,
      "ocr_text": 0.7911111111111112,
      "psnr": 0.2730022374962867,
      "ssim": 0.4362153112888336
    },
    "contact": {
      "dists": 0.8247905969619751,
      "lpips": 0.5800842642784119,
      "ms_ssim": 0.31129226088523865,
      "websight": 0.5530210654204866,
      "ciede2000": 0.5786377042169555,
      "mae": 0.7734027539818517,
      "nemd": 0.9517438512938043,
      "ocr_text": 0.7866666666666666,
      "psnr": 0.20690592682203499,
      "ssim": 0.24915926158428192
    },
    "home": {
      "dists": 0.8083551526069641,
      "lpips": 0.5159805119037628,
      "ms_ssim": 0.25311198830604553,
      "websight": 0.5480482266188371,
      "ciede2000": 0.44277942920711477,
      "mae": 0.6973107095032294,
      "nemd": 0.940816225732807,
      "ocr_text": 0.8878923766816144,
      "psnr": 0.18407366665294345,
      "ssim": 0.2138807326555252
    },
    "latest": {
      "dists": 0.7767203450202942,
      "lpips": 0.5916284620761871,
      "ms_ssim": 0.3158094882965088,
      "websight": 0.5531306055653126,
      "ciede2000": 0.719399307684784,
      "mae": 0.8416580819748078,
      "nemd": 0.9618138962474059,
      "ocr_text": 0.7468030690537085,
      "psnr": 0.25025380757744187,
      "ssim": 0.2982116639614105
    }
  },
  "aggregate": {
    "dists": 0.8338533043861389,
    "lpips": 0.5924976348876954,
    "ms_ssim": 0.3429120182991028,
    "websight": 0.586919305554346,
    "ciede2000": 0.6332304621006304,
    "mae": 0.7991600479480139,
    "nemd": 0.9584360128483466,
    "ocr_text": 0.8325239702158166,
    "psnr": 0.23063897411447706,
    "ssim": 0.2982131838798523
  },
  "missing": []
}