{
  "per_page": {
    "blog": {
      "dists": 0.8198354840278625,
      "lpips": 0.5180322527885437,
      "ms_ssim": 0.3500489890575409,
      "websight": 0.5254137620732591,
      "ciede2000": 0.5429396602143672,
      "mae": 0.7715745866521286,
      "nemd": 0.9309024215635922,
      "psnr": 0.2277702955827297,
      "ssim": 0.383700966835022
    },
    "courses": {
      "dists": 0.8395237922668457,
      "lpips": 0.5031813383102417,
      "ms_ssim": 0.3420158624649048,
      "websight": 0.5675914703039177,
      "ciede2000": 0.6721396531421576,
      "mae": 0.8411380519455844,
      "nemd": 0.9547446700694949,
      "psnr": 0.2742106265374488,
      "ssim": 0.3972838819026947
    },
    "faq": {
      "dists": 0.8183884024620056,
      "lpips": 0.5763572156429291,
      "ms_ssim": 0.44299110770225525,
      "websight": 0.6559933795865658,
      "ciede2000": 0.6558166912786204,
      "mae": 0.8385459321594549,
      "nemd": 0.9558310640627459,
      "psnr": 0.2635662809203947,
      "ssim": 0.4234181344509125
    },
    "home": {
      "dists": 0.8180390000343323,
      "lpips": 0.5434188544750214,
      "ms_ssim": 0.4098234176635742,
      "websight": 0.5664594482261599,
      "ciede2000": 0.6440917485915278,
      "mae": 0.832009664563898,
      "nemd": 0.955431605994351,
      "psnr": 0.2636199842376506,
      "ssim": 0.380429744720459
    },
    "instructors": {
      "dists": 0.8269854784011841,
      "lpips": 0.45382457971572876,
      "ms_ssim": 0.37362465262413025,
      "websight": 0.5405826827265182,
      "ciede2000": 0.5915956039374581,
      "mae": 0.8056916877407942,
      "nemd": 0.9526841280801781,
      "psnr": 0.25058771651121786,
      "ssim": 0.3398175537586212
    },
    "resources": {
      "dists": 0.8450663089752197,
      "lpips": 0.5224867463111877,
      "ms_ssim": 0.31077709794044495,
      "websight": 0.5733702323614533,
      "ciede2000": 0.683416337361169,
      "mae": 0.8449375463440737,
      "nemd": 0.9598385259617142,
      "psnr": 0.2706732215025712,
      "ssim": 0.3935323655605316
    },
    "schedule": {
      "dists": 0.8469488620758057,
      "lpips": 0.5813807249069214,
      "ms_ssim": 0.48014187812805176,
      "websight": 0.6282351279572003,
      "ciede2000": 0.6948512761069164,
      "mae": 0.8564209034190975,
      "nemd": 0.9540866376699796,
      "psnr": 0.277773275503825,
      "ssim": 0.44950488209724426
    }
  },
  "aggregate": {
    "dists": 0.8306839040347508,
    "lpips": 0.5283831017357963,
    "ms_ssim": 0.3870604293687003,
    "websight": 0.579663729033582,
    "ciede2000": 0.6406929958046025,
    "mae": 0.8271883389750044,
    "nemd": 0.9519312933431507,
    "psnr": 0.26117162868511967,
    "ssim": 0.3953839327607836
  },
  "missing": []
}