{
  "per_page": {
    "about": {
      "dists": 0.7831497192382812,
      "lpips": 0.6569513082504272,
      "ms_ssim": 0.40403497219085693,
      "websight": 0.6468913087524539,
      "ciede2000": 0.7999717243559136,
      "mae": 0.8840676538027077,
      "nemd": 0.9769715440071698,
      "ocr_text": 0.8698884758364313,
      "psnr": 0.2828240198378234,
      "ssim": 0.41236522793769836
    },
    "blog": {
      "dists": 0.819638192653656,
      "lpips": 0.5942652821540833,
      "ms_ssim": 0.3824194669723511,
      "websight": 0.5314930104292356,
      "ciede2000": 0.7462001854992713,
      "mae": 0.8564366587471515,
      "nemd": 0.9442901537275253,
      "ocr_text": 0.625,
      "psnr": 0.26411815297661123,
      "ssim": 0.3197800815105438
    },
    "contact": {
      "dists": 0.8287545442581177,
      "lpips": 0.5833465158939362,
      "ms_ssim": 0.3235706388950348,
      "websight": 0.5399447945868912,
      "ciede2000": 0.747584172405722,
      "mae": 0.8621807319597328,
      "nemd": 0.9716613122945627,
      "ocr_text": 0.6956521739130436,
      "psnr": 0.2660166946178266,
      "ssim": 0.27181476354599
    },
    "home": {
      "dists": 0.8271475434303284,
      "lpips": 0.5734139084815979,
      "ms_ssim": 0.41958606243133545,
      "websight": 0.5767662968121323,
      "ciede2000": 0.7195894612311201,
      "mae": 0.8437669811288873,
      "nemd": 0.9669838687511445,
      "ocr_text": 0.773006134969325,
      "psnr": 0.2620670417250532,
      "ssim": 0.42224669456481934
    },
    "post": {
      "dists": 0.8501192927360535,
      "lpips": 0.6062468588352203,
      "ms_ssim": 0.35428598523139954,
      "websight": 0.5959465723709773,
      "ciede2000": 0.7249336286525097,
      "mae": 0.8543905969498911,
      "nemd": 0.9554617161458334,
      "ocr_text": 0.8389261744966444,
      "psnr": 0.26789431869129593,
      "ssim": 0.309856653213501
    },
    "project-detail": {
      "dists": 0.7875548601150513,
      "lpips": 0.6119431555271149,
      "ms_ssim": 0.35056862235069275,
      "websight": 0.6081178161728726,
      "ciede2000": 0.7591129843370237,
      "mae": 0.8655575090459926,
      "nemd": 0.9640876998296741,
      "ocr_text": 0.8482490272373541,
      "psnr": 0.2756082232077575,
      "ssim": 0.29179051518440247
    },
    "services": {
      "dists": 0.830507755279541,
      "lpips": 0.6127694249153137,
      "ms_ssim": 0.3324218690395355,
      "websight": 0.5881124641619572,
      "ciede2000": 0.8150206269465218,
      "mae": 0.8951929575424717,
      "nemd": 0.9679311304787455,
      "ocr_text": 0.8264462809917357,
      "psnr": 0.28462685227440326,
      "ssim": 0.27518680691719055
    }
  },
  "aggregate": {
    "dists": 0.8181245582444328,
    "lpips": 0.6055623505796704,
    "ms_ssim": 0.36669823101588656,
    "websight": 0.58389603761236,
    "ciede2000": 0.7589161119182973,
    "mae": 0.8659418698824048,
    "nemd": 0.9639124893192365,
    "ocr_text": 0.7824526096349335,
    "psnr": 0.27187932904725304,
    "ssim": 0.32900582041059223
  },
  "missing": []
}