{
  "per_page": {
    "about": {
      "dists": 0.8834044933319092,
      "lpips": 0.7646235525608063,
      "ms_ssim": 0.6952254176139832,
      "websight": 0.8069765831249347,
      "ciede2000": 0.9370907847935553,
      "mae": 0.9627670727726004,
      "nemd": 0.9944360016926426,
      "psnr": 0.37492245853473843,
      "ssim": 0.7065973281860352
    },
    "cart": {
      "dists": 0.8821439146995544,
      "lpips": 0.7451032102108002,
      "ms_ssim": 0.702967643737793,
      "websight": 0.8018920387046924,
      "ciede2000": 0.9249381192920816,
      "mae": 0.9539220755254687,
      "nemd": 0.9914578022387643,
      "psnr": 0.353387463743089,
      "ssim": 0.6873209476470947
    },
    "category": {
      "dists": 0.8826046586036682,
      "lpips": 0.6976158618927002,
      "ms_ssim": 0.6088504195213318,
      "websight": 0.7481098261144427,
      "ciede2000": 0.8704403489874141,
      "mae": 0.9314499986954197,
      "nemd": 0.9854972700270033,
      "psnr": 0.32789750364685666,
      "ssim": 0.6261975169181824
    },
    "faq": {
      "dists": 0.8787869215011597,
      "lpips": 0.7818247675895691,
      "ms_ssim": 0.6738139986991882,
      "websight": 0.812788803899099,
      "ciede2000": 0.9537414431851108,
      "mae": 0.9698398782491409,
      "nemd": 0.9965983836693595,
      "psnr": 0.38591507988741414,
      "ssim": 0.691697895526886
    },
    "home": {
      "dists": 0.9040886163711548,
      "lpips": 0.8441969156265259,
      "ms_ssim": 0.7950782179832458,
      "websight": 0.8459576031174323,
      "ciede2000": 0.951787335555905,
      "mae": 0.9725282828586911,
      "nemd": 0.9965164564608389,
      "psnr": 0.38908319400452457,
      "ssim": 0.7818945050239563
    },
    "wishlist": {
      "dists": 0.8899933099746704,
      "lpips": 0.7866382002830505,
      "ms_ssim": 0.7111044526100159,
      "websight": 0.8241088087022498,
      "ciede2000": 0.923283249748287,
      "mae": 0.958158540846144,
      "nemd": 0.991819142066291,
      "psnr": 0.35918280549831477,
      "ssim": 0.7161431312561035
    }
  },
  "aggregate": {
    "dists": 0.8868369857470194,
    "lpips": 0.7700004180272421,
    "ms_ssim": 0.697840025027593,
    "websight": 0.8066389439438084,
    "ciede2000": 0.9268802135937255,
    "mae": 0.9581109748245775,
    "nemd": 0.9927208426924832,
    "psnr": 0.3650647508858229,
    "ssim": 0.7016418874263763
  },
  "missing": []
}