{
  "per_page": {
    "events": {
      "ciede2000": 0.7916376909336622,
      "mae": 0.9054128218920419,
      "nemd": 0.9707428353403746,
      "psnr": 0.32552042557540195,
      "ssim": 0.4230915307998657
    },
    "home": {
      "ciede2000": 0.7433302516249556,
      "mae": 0.887724659551824,
      "nemd": 0.9708279329077842,
      "psnr": 0.29670004720584575,
      "ssim": 0.43113934993743896
    },
    "login": {
      "ciede2000": 0.8048394928370423,
      "mae": 0.9182509948674165,
      "nemd": 0.9761809850622107,
      "psnr": 0.3275175908082398,
      "ssim": 0.601900041103363
    },
    "saved": {
      "ciede2000": 0.7849694737389314,
      "mae": 0.9045033739060596,
      "nemd": 0.9703902880997307,
      "psnr": 0.3182720630056811,
      "ssim": 0.40930017828941345
    },
    "search": {
      "ciede2000": 0.8051346189029144,
      "mae": 0.9101596873292176,
      "nemd": 0.9660072377213277,
      "psnr": 0.3260096331194903,
      "ssim": 0.4860664904117584
    }
  },
  "aggregate": {
    "ciede2000": 0.7859823056075012,
    "mae": 0.9052103075093119,
    "nemd": 0.9708298558262856,
    "psnr": 0.31880395194293176,
    "ssim": 0.4702995181083679
  },
  "missing": []
}