{
  "per_page": {
    "billing": {
      "ciede2000": 0.9004260933701251,
      "mae": 0.9537166943491735,
      "nemd": 0.9817811268105974,
      "ocr_text": 0.8401826484018264,
      "psnr": 0.35912578443331294,
      "ssim": 0.7294812202453613
    },
    "docs": {
      "ciede2000": 0.908884896461894,
      "mae": 0.9553000793555126,
      "nemd": 0.9867150270222314,
      "ocr_text": 0.8723404255319148,
      "psnr": 0.3663376887694543,
      "ssim": 0.6423406600952148
    },
    "home": {
      "ciede2000": 0.8315952385641434,
      "mae": 0.9242489812071911,
      "nemd": 0.9828046172437048,
      "ocr_text": 0.7999999999999998,
      "psnr": 0.3152761296635786,
      "ssim": 0.5626527667045593
    },
    "login": {
      "ciede2000": 0.894022450727767,
      "mae": 0.9539405032399226,
      "nemd": 0.990271203328043,
      "ocr_text": 0.8734177215189873,
      "psnr": 0.36490278884415334,
      "ssim": 0.6737141609191895
    },
    "profile": {
      "ciede2000": 0.9204488786688668,
      "mae": 0.9634956223337533,
      "nemd": 0.985257216201521,
      "ocr_text": 0.8669950738916257,
      "psnr": 0.38402245036395355,
      "ssim": 0.7168979644775391
    },
    "signup": {
      "ciede2000": 0.8951929320028589,
      "mae": 0.9527605085729672,
      "nemd": 0.9871742375079421,
      "ocr_text": 0.86,
      "psnr": 0.3587053302671884,
      "ssim": 0.6598562598228455
    },
    "tools": {
      "ciede2000": 0.8973705000565864,
      "mae": 0.9523920970255887,
      "nemd": 0.9860715769900933,
      "ocr_text": 0.8722222222222221,
      "psnr": 0.35593146553947963,
      "ssim": 0.604547917842865
    }
  },
  "aggregate": {
    "ciede2000": 0.8925629985503202,
    "mae": 0.9508363551548727,
    "nemd": 0.9857250007291618,
    "ocr_text": 0.8550225845095109,
    "psnr": 0.3577573768401602,
    "ssim": 0.6556415643010821
  },
  "missing": []
}