{
  "per_page": {
    "events": {
      "dists": 0.8023272752761841,
      "lpips": 0.4214977025985718,
      "ms_ssim": 0.4470536708831787,
      "websight": 0.5744348913298003,
      "ciede2000": 0.7718396644333159,
      "mae": 0.8977720080785938,
      "nemd": 0.9671590320910972,
      "psnr": 0.31805481673877645,
      "ssim": 0.4194681644439697
    },
    "home": {
      "dists": 0.7479998469352722,
      "lpips": 0.3852296471595764,
      "ms_ssim": 0.5031833052635193,
      "websight": 0.5647074245720458,
      "ciede2000": 0.7661947578453081,
      "mae": 0.8944277024051289,
      "nemd": 0.9702718839030993,
      "psnr": 0.3082116021097956,
      "ssim": 0.4515925943851471
    },
    "login": {
      "dists": 0.8052112460136414,
      "lpips": 0.4204564094543457,
      "ms_ssim": 0.61484295129776,
      "websight": 0.6085168876233888,
      "ciede2000": 0.8214329865589709,
      "mae": 0.9286012372666784,
      "nemd": 0.9778626203107404,
      "psnr": 0.34175196798608093,
      "ssim": 0.6173397898674011
    },
    "saved": {
      "dists": 0.7542805075645447,
      "lpips": 0.38717472553253174,
      "ms_ssim": 0.455861896276474,
      "websight": 0.5813789412629006,
      "ciede2000": 0.7786993325062582,
      "mae": 0.9016106423784203,
      "nemd": 0.9711721222441074,
      "psnr": 0.31864560785823814,
      "ssim": 0.401746541261673
    },
    "search": {
      "dists": 0.7517905235290527,
      "lpips": 0.4125574827194214,
      "ms_ssim": 0.4593851566314697,
      "websight": 0.5686258529585433,
      "ciede2000": 0.7886863010480119,
      "mae": 0.8995351765678099,
      "nemd": 0.9689599715754357,
      "psnr": 0.3208918569459962,
      "ssim": 0.4064616858959198
    }
  },
  "aggregate": {
    "dists": 0.772321879863739,
    "lpips": 0.4053831934928894,
    "ms_ssim": 0.49606539607048034,
    "websight": 0.5795327995493358,
    "ciede2000": 0.7853706084783729,
    "mae": 0.9043893533393262,
    "nemd": 0.971085126024896,
    "psnr": 0.32151117032777743,
    "ssim": 0.45932175517082213
  },
  "missing": []
}