{
  "per_page": {
    "contact": {
      "dists": 0.8001670837402344,
      "lpips": 0.5538406074047089,
      "ms_ssim": 0.2707444727420807,
      "websight": 0.575331597194063,
      "ciede2000": 0.6699527951671241,
      "mae": 0.8273100554556082,
      "nemd": 0.9540812789167488,
      "psnr": 0.24447367733021896,
      "ssim": 0.24993735551834106
    },
    "faq": {
      "dists": 0.7556295394897461,
      "lpips": 0.47514963150024414,
      "ms_ssim": 0.1730412393808365,
      "websight": 0.5371426093120525,
      "ciede2000": 0.6268120877231107,
      "mae": 0.8065414340857116,
      "nemd": 0.9201512281840386,
      "psnr": 0.24270332900872987,
      "ssim": 0.17698843777179718
    },
    "home": {
      "dists": 0.8033146858215332,
      "lpips": 0.5042592883110046,
      "ms_ssim": 0.1489567756652832,
      "websight": 0.5188311578117376,
      "ciede2000": 0.6560117925533205,
      "mae": 0.8189094418984243,
      "nemd": 0.9574525588994687,
      "psnr": 0.24234609255160605,
      "ssim": 0.1739586591720581
    },
    "press": {
      "dists": 0.7886759638786316,
      "lpips": 0.5544078052043915,
      "ms_ssim": 0.25544169545173645,
      "websight": 0.5633345140729632,
      "ciede2000": 0.6385835525805919,
      "mae": 0.8137757429101584,
      "nemd": 0.9499073848401085,
      "psnr": 0.2380356576240525,
      "ssim": 0.23466801643371582
    },
    "pricing": {
      "dists": 0.8011363744735718,
      "lpips": 0.5486559271812439,
      "ms_ssim": 0.22767488658428192,
      "websight": 0.5732568257046261,
      "ciede2000": 0.6662376836865642,
      "mae": 0.8239238389419695,
      "nemd": 0.9538219697259255,
      "psnr": 0.24182218324384605,
      "ssim": 0.23733186721801758
    },
    "resources": {
      "dists": 0.78859543800354,
      "lpips": 0.5230794847011566,
      "ms_ssim": 0.2097734957933426,
      "websight": 0.5459968759616216,
      "ciede2000": 0.6416035785079908,
      "mae": 0.8144315306049759,
      "nemd": 0.9465809685397862,
      "psnr": 0.23957196283632234,
      "ssim": 0.2430729866027832
    },
    "services": {
      "dists": 0.7773809432983398,
      "lpips": 0.5418964624404907,
      "ms_ssim": 0.21625961363315582,
      "websight": 0.5601475712774837,
      "ciede2000": 0.6408847642071971,
      "mae": 0.8129278130206331,
      "nemd": 0.9497311197916667,
      "psnr": 0.23851977752869694,
      "ssim": 0.20487195253372192
    }
  },
  "aggregate": {
    "dists": 0.7878428612436567,
    "lpips": 0.5287556009633201,
    "ms_ssim": 0.21455602560724532,
    "websight": 0.5534344501906496,
    "ciede2000": 0.6485837506322712,
    "mae": 0.8168314081310688,
    "nemd": 0.9473895012711063,
    "psnr": 0.24106752573192466,
    "ssim": 0.21726132503577641
  },
  "missing": []
}