{
  "per_page": {
    "about": {
      "dists": 0.8654062747955322,
      "lpips": 0.5855686068534851,
      "ms_ssim": 0.3052714765071869,
      "websight": 0.5705171008440022,
      "ciede2000": 0.6329668498499981,
      "mae": 0.8166862794299693,
      "nemd": 0.966244743980462,
      "psnr": 0.23148116618030448,
      "ssim": 0.23333249986171722
    },
    "account": {
      "dists": 0.8655773401260376,
      "lpips": 0.5820062458515167,
      "ms_ssim": 0.32161304354667664,
      "websight": 0.4894759491295882,
      "ciede2000": 0.6059155880532232,
      "mae": 0.8013741681194417,
      "nemd": 0.9616311536527875,
      "psnr": 0.2222255829654505,
      "ssim": 0.31188735365867615
    },
    "cart": {
      "dists": 0.8247663974761963,
      "lpips": 0.561883807182312,
      "ms_ssim": 0.28742870688438416,
      "websight": 0.47529024181636514,
      "ciede2000": 0.5927087348444557,
      "mae": 0.791681627229081,
      "nemd": 0.9633430939348637,
      "psnr": 0.21746034217347898,
      "ssim": 0.2967284023761749
    },
    "faq": {
      "dists": 0.8275923728942871,
      "lpips": 0.5745771527290344,
      "ms_ssim": 0.2634756565093994,
      "websight": 0.5498845480835105,
      "ciede2000": 0.5994255805219016,
      "mae": 0.7967997332163318,
      "nemd": 0.9639700041091981,
      "psnr": 0.22182833734947235,
      "ssim": 0.26962077617645264
    },
    "home": {
      "dists": 0.8230687379837036,
      "lpips": 0.5007414221763611,
      "ms_ssim": 0.20069490373134613,
      "websight": 0.45368374844125453,
      "ciede2000": 0.5804175109480827,
      "mae": 0.775773627301245,
      "nemd": 0.963746948475235,
      "psnr": 0.21300636685599078,
      "ssim": 0.18424029648303986
    },
    "orders": {
      "dists": 0.8319234251976013,
      "lpips": 0.5293851494789124,
      "ms_ssim": 0.172035813331604,
      "websight": 0.46976368538304875,
      "ciede2000": 0.5985284772140649,
      "mae": 0.7968256703927677,
      "nemd": 0.956097075687143,
      "psnr": 0.2198824505543021,
      "ssim": 0.1766703575849533
    }
  },
  "aggregate": {
    "dists": 0.8397224247455597,
    "lpips": 0.555693730711937,
    "ms_ssim": 0.2584199334184329,
    "websight": 0.5014358789496283,
    "ciede2000": 0.6016604569052877,
    "mae": 0.7965235176148062,
    "nemd": 0.9625055033066149,
    "psnr": 0.22098070767983322,
    "ssim": 0.24541328102350235
  },
  "missing": []
}