{
  "per_page": {
    "contact": {
      "ciede2000": 0.5959539642042107,
      "mae": 0.8019885053032644,
      "nemd": 0.9367669590999212,
      "psnr": 0.2423405228497,
      "ssim": 0.22567741572856903
    },
    "faq": {
      "ciede2000": 0.6476163876634011,
      "mae": 0.8155578526096429,
      "nemd": 0.9156045374268084,
      "psnr": 0.25104643154889855,
      "ssim": 0.201312854886055
    },
    "home": {
      "ciede2000": 0.6141783569316934,
      "mae": 0.8115344759034884,
      "nemd": 0.9379564148622321,
      "psnr": 0.2497168574424274,
      "ssim": 0.21125675737857819
    },
    "press": {
      "ciede2000": 0.5970513651993405,
      "mae": 0.8033092659521436,
      "nemd": 0.9342956084342999,
      "psnr": 0.24081478405724627,
      "ssim": 0.20732666552066803
    },
    "pricing": {
      "ciede2000": 0.5919947759986384,
      "mae": 0.8004684570175102,
      "nemd": 0.9296613580015696,
      "psnr": 0.24671133646226684,
      "ssim": 0.22113625705242157
    },
    "resources": {
      "ciede2000": 0.5967528248409544,
      "mae": 0.801537490427597,
      "nemd": 0.9312963357175295,
      "psnr": 0.23972449077499838,
      "ssim": 0.23678140342235565
    },
    "services": {
      "ciede2000": 0.6122033928571715,
      "mae": 0.8105108395809304,
      "nemd": 0.9348703944387,
      "psnr": 0.2458548178372743,
      "ssim": 0.26076969504356384
    }
  },
  "aggregate": {
    "ciede2000": 0.6079644382422015,
    "mae": 0.8064152695420823,
    "nemd": 0.9314930868544374,
    "psnr": 0.2451727487104017,
    "ssim": 0.22346586414745875
  },
  "missing": []
}