{
  "per_page": {
    "about": {
      "dists": 0.8636009097099304,
      "lpips": 0.6046842038631439,
      "ms_ssim": 0.2512713074684143,
      "websight": 0.5449431989082071,
      "ciede2000": 0.619866231956174,
      "mae": 0.8061105807172814,
      "nemd": 0.961760045616045,
      "psnr": 0.21612676605239933,
      "ssim": 0.17598633468151093
    },
    "account": {
      "dists": 0.8675692677497864,
      "lpips": 0.6731970608234406,
      "ms_ssim": 0.4174131155014038,
      "websight": 0.6070345653234607,
      "ciede2000": 0.6327745122092496,
      "mae": 0.8216651892509019,
      "nemd": 0.9615369187975344,
      "psnr": 0.22419704486580996,
      "ssim": 0.3438209295272827
    },
    "cart": {
      "dists": 0.840374767780304,
      "lpips": 0.6426413953304291,
      "ms_ssim": 0.3655838668346405,
      "websight": 0.5099942051384546,
      "ciede2000": 0.6287515839213427,
      "mae": 0.8071126959271363,
      "nemd": 0.9525241685404208,
      "psnr": 0.21623505781868135,
      "ssim": 0.2859088182449341
    },
    "faq": {
      "dists": 0.8187335729598999,
      "lpips": 0.5955832898616791,
      "ms_ssim": 0.2301451712846756,
      "websight": 0.565042147682572,
      "ciede2000": 0.5798390157424316,
      "mae": 0.785875839687727,
      "nemd": 0.9483353703502764,
      "psnr": 0.20538941146875053,
      "ssim": 0.23521800339221954
    },
    "home": {
      "dists": 0.855408787727356,
      "lpips": 0.5646691620349884,
      "ms_ssim": 0.3122842609882355,
      "websight": 0.5529289444287618,
      "ciede2000": 0.595673331219299,
      "mae": 0.7896188496207952,
      "nemd": 0.9477394950549172,
      "psnr": 0.21543989383514892,
      "ssim": 0.2585331201553345
    },
    "orders": {
      "dists": 0.8538689613342285,
      "lpips": 0.6976124942302704,
      "ms_ssim": 0.40735992789268494,
      "websight": 0.613968939901148,
      "ciede2000": 0.6333217363508534,
      "mae": 0.8143087013621648,
      "nemd": 0.9600676408967743,
      "psnr": 0.21735234342613413,
      "ssim": 0.3209526836872101
    }
  },
  "aggregate": {
    "dists": 0.8499260445435842,
    "lpips": 0.6297312676906586,
    "ms_ssim": 0.3306762749950091,
    "websight": 0.565652000230434,
    "ciede2000": 0.615037735233225,
    "mae": 0.8041153094276678,
    "nemd": 0.955327273209328,
    "psnr": 0.21579008624448737,
    "ssim": 0.27006998161474866
  },
  "missing": []
}