{
  "per_page": {
    "about": {
      "dists": 0.8557292222976685,
      "lpips": 0.6162910461425781,
      "ms_ssim": 0.37650585174560547,
      "websight": 0.6323175010796266,
      "ciede2000": 0.7053412892418751,
      "mae": 0.8295752476916692,
      "nemd": 0.9618920970201352,
      "ocr_text": 0.8907563025210085,
      "psnr": 0.24686894878569005,
      "ssim": 0.3561067581176758
    },
    "category": {
      "dists": 0.8974753022193909,
      "lpips": 0.7022224366664886,
      "ms_ssim": 0.5197511315345764,
      "websight": 0.6842469239112389,
      "ciede2000": 0.727260597382584,
      "mae": 0.8568291550925926,
      "nemd": 0.9683411983913845,
      "ocr_text": 0.7634854771784231,
      "psnr": 0.2669166947586384,
      "ssim": 0.44922327995300293
    },
    "contact": {
      "dists": 0.8186765909194946,
      "lpips": 0.6626947820186615,
      "ms_ssim": 0.44313764572143555,
      "websight": 0.6297979797313681,
      "ciede2000": 0.5547803484623068,
      "mae": 0.7690867932298879,
      "nemd": 0.9619125913664414,
      "ocr_text": 0.8027681660899654,
      "psnr": 0.20449868553966258,
      "ssim": 0.3516782224178314
    },
    "home": {
      "dists": 0.8340985178947449,
      "lpips": 0.5753538608551025,
      "ms_ssim": 0.40017756819725037,
      "websight": 0.5914017218334667,
      "ciede2000": 0.6012053457236833,
      "mae": 0.7787275604768534,
      "nemd": 0.9555905687080097,
      "ocr_text": 0.7983193277310924,
      "psnr": 0.22422649645330808,
      "ssim": 0.3005046546459198
    },
    "latest": {
      "dists": 0.8291417360305786,
      "lpips": 0.5990607142448425,
      "ms_ssim": 0.31486615538597107,
      "websight": 0.567025622690188,
      "ciede2000": 0.7158866526079224,
      "mae": 0.831876827279443,
      "nemd": 0.9613178008604477,
      "ocr_text": 0.7858942065491185,
      "psnr": 0.24694987109099462,
      "ssim": 0.2996574342250824
    }
  },
  "aggregate": {
    "dists": 0.8470242738723754,
    "lpips": 0.6311245679855346,
    "ms_ssim": 0.4108876705169678,
    "websight": 0.6209579498491776,
    "ciede2000": 0.6608948466836744,
    "mae": 0.8132191167540892,
    "nemd": 0.9618108512692837,
    "ocr_text": 0.8082446960139216,
    "psnr": 0.23789213932565872,
    "ssim": 0.35143406987190245
  },
  "missing": []
}