{
  "per_page": {
    "about": {
      "dists": 0.768424928188324,
      "lpips": 0.6264989674091339,
      "ms_ssim": 0.43316397070884705,
      "websight": 0.6448010374560501,
      "ciede2000": 0.7450882613925267,
      "mae": 0.8625914906231911,
      "nemd": 0.9555449200906532,
      "ocr_text": 0.8856088560885608,
      "psnr": 0.2761362059974246,
      "ssim": 0.39685311913490295
    },
    "blog": {
      "dists": 0.8160955905914307,
      "lpips": 0.5576125979423523,
      "ms_ssim": 0.36744430661201477,
      "websight": 0.5190174483627863,
      "ciede2000": 0.6381539954838757,
      "mae": 0.8314225969123281,
      "nemd": 0.9552017402892521,
      "ocr_text": 0.6629213483146066,
      "psnr": 0.2582108971897124,
      "ssim": 0.3299908936023712
    },
    "contact": {
      "dists": 0.850583016872406,
      "lpips": 0.6016340851783752,
      "ms_ssim": 0.3356614112854004,
      "websight": 0.5629640081678757,
      "ciede2000": 0.7414335387774769,
      "mae": 0.8676224886040595,
      "nemd": 0.9620498744222763,
      "ocr_text": 0.7464788732394366,
      "psnr": 0.27646516221202416,
      "ssim": 0.26260998845100403
    },
    "home": {
      "dists": 0.8541302680969238,
      "lpips": 0.6229294538497925,
      "ms_ssim": 0.4896998405456543,
      "websight": 0.6375284552949029,
      "ciede2000": 0.7597881792563893,
      "mae": 0.8737304631263053,
      "nemd": 0.962206468868157,
      "ocr_text": 0.802547770700637,
      "psnr": 0.2868808608877741,
      "ssim": 0.4777633249759674
    },
    "post": {
      "dists": 0.8438150882720947,
      "lpips": 0.5779266357421875,
      "ms_ssim": 0.30002477765083313,
      "websight": 0.5758262367289141,
      "ciede2000": 0.7094709226292802,
      "mae": 0.843025159912854,
      "nemd": 0.9522759262152778,
      "ocr_text": 0.8478260869565217,
      "psnr": 0.2644263348180302,
      "ssim": 0.26923444867134094
    },
    "project-detail": {
      "dists": 0.7869524955749512,
      "lpips": 0.547249972820282,
      "ms_ssim": 0.3013181686401367,
      "websight": 0.5581085249399528,
      "ciede2000": 0.6080002959424449,
      "mae": 0.7965133969486226,
      "nemd": 0.9215819585961508,
      "ocr_text": 0.8326848249027237,
      "psnr": 0.23453503716133867,
      "ssim": 0.25784096121788025
    },
    "services": {
      "dists": 0.8133208751678467,
      "lpips": 0.5879265069961548,
      "ms_ssim": 0.31786540150642395,
      "websight": 0.5654502868495901,
      "ciede2000": 0.7118419032901437,
      "mae": 0.857644665893164,
      "nemd": 0.9507701036817693,
      "ocr_text": 0.7857142857142857,
      "psnr": 0.2646152672998244,
      "ssim": 0.2813427448272705
    }
  },
  "aggregate": {
    "dists": 0.819046037537711,
    "lpips": 0.5888254599911826,
    "ms_ssim": 0.3635968395641872,
    "websight": 0.5805279996857244,
    "ciede2000": 0.701968156681734,
    "mae": 0.8475071802886464,
    "nemd": 0.9513758560233623,
    "ocr_text": 0.7948260065595388,
    "psnr": 0.2658956807951612,
    "ssim": 0.32509078298296246
  },
  "missing": []
}