{
  "per_page": {
    "billing": {
      "dists": 0.8435642719268799,
      "lpips": 0.7370198965072632,
      "ms_ssim": 0.7223176956176758,
      "websight": 0.7495255941226159,
      "ciede2000": 0.8991389340314911,
      "mae": 0.9553620605851435,
      "nemd": 0.9934730600175903,
      "ocr_text": 0.867579908675799,
      "psnr": 0.34763546705102244,
      "ssim": 0.7129373550415039
    },
    "docs": {
      "dists": 0.8509292006492615,
      "lpips": 0.7556970119476318,
      "ms_ssim": 0.6942154765129089,
      "websight": 0.7971494940743931,
      "ciede2000": 0.9163928591395054,
      "mae": 0.9614743417175613,
      "nemd": 0.9958195453914787,
      "ocr_text": 0.8954423592493298,
      "psnr": 0.36742242325560076,
      "ssim": 0.6858555674552917
    },
    "home": {
      "dists": 0.8456569910049438,
      "lpips": 0.7178879380226135,
      "ms_ssim": 0.6197457313537598,
      "websight": 0.7403911030759999,
      "ciede2000": 0.8398072115253937,
      "mae": 0.9292357173085062,
      "nemd": 0.9854871676877248,
      "ocr_text": 0.8814814814814815,
      "psnr": 0.31126413385356605,
      "ssim": 0.5970514416694641
    },
    "login": {
      "dists": 0.8303108811378479,
      "lpips": 0.7505369633436203,
      "ms_ssim": 0.7238104939460754,
      "websight": 0.7761176849565198,
      "ciede2000": 0.9052632120026405,
      "mae": 0.959009277960111,
      "nemd": 0.9921461299810741,
      "ocr_text": 0.894736842105263,
      "psnr": 0.3635354046748786,
      "ssim": 0.7108344435691833
    },
    "profile": {
      "dists": 0.8379419445991516,
      "lpips": 0.7442502975463867,
      "ms_ssim": 0.7349515557289124,
      "websight": 0.7909568738032489,
      "ciede2000": 0.9188132621814579,
      "mae": 0.9663220214943202,
      "nemd": 0.9944920561513293,
      "ocr_text": 0.8910891089108911,
      "psnr": 0.37516370774123803,
      "ssim": 0.7102782726287842
    },
    "signup": {
      "dists": 0.8019680380821228,
      "lpips": 0.7180966138839722,
      "ms_ssim": 0.6637679934501648,
      "websight": 0.7521545759128658,
      "ciede2000": 0.8828897262879716,
      "mae": 0.9477054627094283,
      "nemd": 0.9917862542079097,
      "ocr_text": 0.7722772277227724,
      "psnr": 0.34410653986243456,
      "ssim": 0.6347988247871399
    },
    "tools": {
      "dists": 0.8337966203689575,
      "lpips": 0.7423737645149231,
      "ms_ssim": 0.6588191986083984,
      "websight": 0.7665919640780369,
      "ciede2000": 0.9053510327383913,
      "mae": 0.95824275573896,
      "nemd": 0.9942432967339625,
      "ocr_text": 0.8858695652173914,
      "psnr": 0.35511786917820937,
      "ssim": 0.6312718391418457
    }
  },
  "aggregate": {
    "dists": 0.834881135395595,
    "lpips": 0.7379803551094872,
    "ms_ssim": 0.688232592173985,
    "websight": 0.76755532714624,
    "ciede2000": 0.8953794625581216,
    "mae": 0.9539073767877185,
    "nemd": 0.9924925014530098,
    "ocr_text": 0.869782356194704,
    "psnr": 0.35203507794527855,
    "ssim": 0.669003963470459
  },
  "missing": []
}