{
  "per_page": {
    "events": {
      "dists": 0.8234626650810242,
      "lpips": 0.576632559299469,
      "ms_ssim": 0.24069952964782715,
      "websight": 0.5418178986341778,
      "ciede2000": 0.5958276945856134,
      "mae": 0.7787613850856434,
      "nemd": 0.9621582025403721,
      "psnr": 0.20878974810913464,
      "ssim": 0.2191677838563919
    },
    "home": {
      "dists": 0.833991527557373,
      "lpips": 0.5870978534221649,
      "ms_ssim": 0.34068354964256287,
      "websight": 0.5671198326829825,
      "ciede2000": 0.658165353416569,
      "mae": 0.8334601242397,
      "nemd": 0.9491389268058137,
      "psnr": 0.23722926176269388,
      "ssim": 0.3139159381389618
    },
    "messages": {
      "dists": 0.822311520576477,
      "lpips": 0.5745102763175964,
      "ms_ssim": 0.29523587226867676,
      "websight": 0.5393863766839653,
      "ciede2000": 0.6270772990688244,
      "mae": 0.8093858202957065,
      "nemd": 0.9410798522671228,
      "psnr": 0.23393691439880512,
      "ssim": 0.28139355778694153
    },
    "notifications": {
      "dists": 0.7916566133499146,
      "lpips": 0.5408890843391418,
      "ms_ssim": 0.23471778631210327,
      "websight": 0.5231620124507332,
      "ciede2000": 0.5830372133983796,
      "mae": 0.7865442192111458,
      "nemd": 0.8954744128921326,
      "psnr": 0.21939713096078792,
      "ssim": 0.26340484619140625
    },
    "search": {
      "dists": 0.8445250391960144,
      "lpips": 0.6380571126937866,
      "ms_ssim": 0.35546109080314636,
      "websight": 0.6011894999723992,
      "ciede2000": 0.6741865112294485,
      "mae": 0.8504137657015931,
      "nemd": 0.9693183024724324,
      "psnr": 0.2449570166939263,
      "ssim": 0.3236137628555298
    },
    "settings": {
      "dists": 0.8444008827209473,
      "lpips": 0.6701862215995789,
      "ms_ssim": 0.3479660451412201,
      "websight": 0.6242975198928221,
      "ciede2000": 0.7882828182999363,
      "mae": 0.8925828161402027,
      "nemd": 0.9754841032196038,
      "psnr": 0.265262893054363,
      "ssim": 0.3274553120136261
    },
    "trending": {
      "dists": 0.8353023529052734,
      "lpips": 0.5496465563774109,
      "ms_ssim": 0.2950044572353363,
      "websight": 0.5485025703907013,
      "ciede2000": 0.6230310774187071,
      "mae": 0.8214042529734285,
      "nemd": 0.9828716330065668,
      "psnr": 0.23272690108586708,
      "ssim": 0.26653626561164856
    }
  },
  "aggregate": {
    "dists": 0.827950085912432,
    "lpips": 0.5910028091498783,
    "ms_ssim": 0.3013954758644104,
    "websight": 0.5636393872439688,
    "ciede2000": 0.649943995345354,
    "mae": 0.82465034052106,
    "nemd": 0.9536464904577207,
    "psnr": 0.23461426658079684,
    "ssim": 0.2850696380649294
  },
  "missing": []
}