{
  "per_page": {
    "api": {
      "dists": 0.8002627491950989,
      "lpips": 0.5192713141441345,
      "ms_ssim": 0.4143199026584625,
      "websight": 0.555704685327637,
      "ciede2000": 0.5619499803348105,
      "mae": 0.7703994385713954,
      "nemd": 0.9589652296543687,
      "psnr": 0.20719907919249392,
      "ssim": 0.3854990005493164
    },
    "home": {
      "dists": 0.7445582747459412,
      "lpips": 0.42919957637786865,
      "ms_ssim": 0.3512590825557709,
      "websight": 0.5526566406091055,
      "ciede2000": 0.7293637919518849,
      "mae": 0.850457412156924,
      "nemd": 0.9672297703986952,
      "psnr": 0.2651752370562746,
      "ssim": 0.303862988948822
    },
    "integrations": {
      "dists": 0.7498501539230347,
      "lpips": 0.351426362991333,
      "ms_ssim": 0.26530587673187256,
      "websight": 0.47940269253909,
      "ciede2000": 0.6470899771980236,
      "mae": 0.812245145931936,
      "nemd": 0.9586588228306094,
      "psnr": 0.24312208480962538,
      "ssim": 0.21502895653247833
    },
    "login": {
      "dists": 0.7145504355430603,
      "lpips": 0.3209129571914673,
      "ms_ssim": 0.3465728461742401,
      "websight": 0.4698620512280413,
      "ciede2000": 0.6665074147945294,
      "mae": 0.8204697455753687,
      "nemd": 0.9431577961243498,
      "psnr": 0.25394532635505235,
      "ssim": 0.37517449259757996
    },
    "profile": {
      "dists": 0.7468858957290649,
      "lpips": 0.3928532004356384,
      "ms_ssim": 0.340663343667984,
      "websight": 0.522624072050437,
      "ciede2000": 0.6597509369378463,
      "mae": 0.8145541247731347,
      "nemd": 0.945315994589071,
      "psnr": 0.24248917701716274,
      "ssim": 0.28868111968040466
    }
  },
  "aggregate": {
    "dists": 0.75122150182724,
    "lpips": 0.4027326822280884,
    "ms_ssim": 0.343624210357666,
    "websight": 0.5160500283508622,
    "ciede2000": 0.6529324202434189,
    "mae": 0.8136251734017517,
    "nemd": 0.9546655227194188,
    "psnr": 0.2423861808861218,
    "ssim": 0.3136493116617203
  },
  "missing": []
}