{
  "per_page": {
    "archive": {
      "ciede2000": 0.8521183180522297,
      "mae": 0.9260210766056889,
      "nemd": 0.9589696735971689,
      "ocr_text": 0.7757009345794392,
      "psnr": 0.356314234538656,
      "ssim": 0.6580855250358582
    },
    "author": {
      "ciede2000": 0.7953642053237189,
      "mae": 0.8915592691622103,
      "nemd": 0.9493755967584828,
      "ocr_text": 0.7840670859538783,
      "psnr": 0.3100316441619733,
      "ssim": 0.5283553004264832
    },
    "contact": {
      "ciede2000": 0.7635276272297382,
      "mae": 0.8888795890353509,
      "nemd": 0.9686953820708395,
      "ocr_text": 0.7000000000000001,
      "psnr": 0.2895504681568748,
      "ssim": 0.49921560287475586
    },
    "home": {
      "ciede2000": 0.6293730643771632,
      "mae": 0.8177605029984503,
      "nemd": 0.9685638322862973,
      "ocr_text": 0.7145877378435518,
      "psnr": 0.2382054741896568,
      "ssim": 0.4263218343257904
    },
    "latest": {
      "ciede2000": 0.8345709814125641,
      "mae": 0.9152258574305143,
      "nemd": 0.9814588162714384,
      "ocr_text": 0.45,
      "psnr": 0.3185714923542479,
      "ssim": 0.5296621322631836
    },
    "newsletter": {
      "ciede2000": 0.7720458619336116,
      "mae": 0.8888890848310127,
      "nemd": 0.970746346461429,
      "ocr_text": 0.8674157303370786,
      "psnr": 0.2849653629128636,
      "ssim": 0.47869572043418884
    }
  },
  "aggregate": {
    "ciede2000": 0.7745000097215043,
    "mae": 0.8880558966772046,
    "nemd": 0.9663016079076092,
    "ocr_text": 0.7152952481189914,
    "psnr": 0.2996064460523788,
    "ssim": 0.52005601922671
  },
  "missing": []
}