{
  "per_page": {
    "groups": {
      "dists": 0.8469065427780151,
      "lpips": 0.5850815176963806,
      "ms_ssim": 0.5228644609451294,
      "websight": 0.6437591048338079,
      "ciede2000": 0.7689988775322374,
      "mae": 0.8850002975247857,
      "nemd": 0.9719244619585169,
      "psnr": 0.32155251594035716,
      "ssim": 0.5185182094573975
    },
    "home": {
      "dists": 0.8437274098396301,
      "lpips": 0.604863852262497,
      "ms_ssim": 0.6144455075263977,
      "websight": 0.7148824656892705,
      "ciede2000": 0.7917423312269765,
      "mae": 0.9033403102532198,
      "nemd": 0.9699643963988288,
      "psnr": 0.33751315438967305,
      "ssim": 0.582723081111908
    },
    "messages": {
      "dists": 0.8388058543205261,
      "lpips": 0.6351011395454407,
      "ms_ssim": 0.65872722864151,
      "websight": 0.6531490021281772,
      "ciede2000": 0.8320649460181075,
      "mae": 0.92189200708061,
      "nemd": 0.9867547892252604,
      "psnr": 0.3633181205370359,
      "ssim": 0.6598402261734009
    },
    "notifications": {
      "dists": 0.8328086137771606,
      "lpips": 0.6265386343002319,
      "ms_ssim": 0.6302215456962585,
      "websight": 0.714780604017192,
      "ciede2000": 0.849679182694072,
      "mae": 0.9337231315025433,
      "nemd": 0.9827813612139784,
      "psnr": 0.3788274445518193,
      "ssim": 0.6385859847068787
    },
    "profile": {
      "dists": 0.7983757853507996,
      "lpips": 0.5274169147014618,
      "ms_ssim": 0.5117141604423523,
      "websight": 0.6211945578163746,
      "ciede2000": 0.7901158083871953,
      "mae": 0.8982804487552237,
      "nemd": 0.9835091966392966,
      "psnr": 0.33398054453261633,
      "ssim": 0.5350728034973145
    },
    "trending": {
      "dists": 0.8347886800765991,
      "lpips": 0.5751481354236603,
      "ms_ssim": 0.5318478941917419,
      "websight": 0.6190220316251119,
      "ciede2000": 0.8056395341936686,
      "mae": 0.9107961567435156,
      "nemd": 0.9842119285031008,
      "psnr": 0.34508518829371637,
      "ssim": 0.6038126945495605
    }
  },
  "aggregate": {
    "dists": 0.8325688143571218,
    "lpips": 0.5923583656549454,
    "ms_ssim": 0.578303466240565,
    "websight": 0.6611312943516557,
    "ciede2000": 0.8063734466753761,
    "mae": 0.908838725309983,
    "nemd": 0.9798576889898302,
    "psnr": 0.3467128280408697,
    "ssim": 0.58975883324941
  },
  "missing": []
}