{
  "per_page": {
    "blog": {
      "dists": 0.8482078313827515,
      "lpips": 0.5839099884033203,
      "ms_ssim": 0.38423454761505127,
      "websight": 0.5888706406332412,
      "ciede2000": 0.7422716843310944,
      "mae": 0.8600311258339339,
      "nemd": 0.9819334531946449,
      "psnr": 0.2660633786508834,
      "ssim": 0.41109034419059753
    },
    "courses": {
      "dists": 0.8659393787384033,
      "lpips": 0.6482563018798828,
      "ms_ssim": 0.4341089427471161,
      "websight": 0.6521506435477856,
      "ciede2000": 0.7847725178099542,
      "mae": 0.8771669545143639,
      "nemd": 0.9777432052257449,
      "psnr": 0.28095276176062156,
      "ssim": 0.45917296409606934
    },
    "faq": {
      "dists": 0.8616448640823364,
      "lpips": 0.733571469783783,
      "ms_ssim": 0.531094491481781,
      "websight": 0.7387724330248657,
      "ciede2000": 0.8165506477647531,
      "mae": 0.9054767801045505,
      "nemd": 0.9858383975030491,
      "psnr": 0.28586424671263266,
      "ssim": 0.47814902663230896
    },
    "home": {
      "dists": 0.8306475877761841,
      "lpips": 0.5738033652305603,
      "ms_ssim": 0.3965330421924591,
      "websight": 0.5539696922807983,
      "ciede2000": 0.7461771427600525,
      "mae": 0.8639451813619695,
      "nemd": 0.9753879459395582,
      "psnr": 0.26741021142217924,
      "ssim": 0.3570028841495514
    },
    "instructors": {
      "dists": 0.8399760127067566,
      "lpips": 0.5181158781051636,
      "ms_ssim": 0.3709343671798706,
      "websight": 0.5634680052598318,
      "ciede2000": 0.695978536885399,
      "mae": 0.8342952589149496,
      "nemd": 0.9722938323706669,
      "psnr": 0.2534824853152164,
      "ssim": 0.3495810031890869
    },
    "resources": {
      "dists": 0.8762730360031128,
      "lpips": 0.6953804194927216,
      "ms_ssim": 0.4658462703227997,
      "websight": 0.6766792288926093,
      "ciede2000": 0.8123792548574789,
      "mae": 0.8941935959178993,
      "nemd": 0.9844301474647448,
      "psnr": 0.2838465283900349,
      "ssim": 0.4883672893047333
    },
    "schedule": {
      "dists": 0.8581835031509399,
      "lpips": 0.6453966498374939,
      "ms_ssim": 0.42093923687934875,
      "websight": 0.6512579560628412,
      "ciede2000": 0.7888217326198974,
      "mae": 0.8832927615040618,
      "nemd": 0.9740223674399506,
      "psnr": 0.2735452658680349,
      "ssim": 0.39568302035331726
    }
  },
  "aggregate": {
    "dists": 0.8544103162629264,
    "lpips": 0.6283477246761322,
    "ms_ssim": 0.42909869977406095,
    "websight": 0.6321669428145675,
    "ciede2000": 0.7695645024326614,
    "mae": 0.8740573797359612,
    "nemd": 0.9788070498769085,
    "psnr": 0.27302355401708617,
    "ssim": 0.4198637902736664
  },
  "missing": []
}