{
  "per_page": {
    "about": {
      "ciede2000": 0.6725581691649853,
      "mae": 0.8316064084170254,
      "nemd": 0.9814039958098872,
      "psnr": 0.23605156104873792,
      "ssim": 0.24327313899993896
    },
    "account": {
      "ciede2000": 0.5284233368901778,
      "mae": 0.762509959979384,
      "nemd": 0.9451762654916418,
      "psnr": 0.20231328509396593,
      "ssim": 0.2873425781726837
    },
    "cart": {
      "ciede2000": 0.617517606245668,
      "mae": 0.7960860755567659,
      "nemd": 0.9760111786014258,
      "psnr": 0.2169852807732757,
      "ssim": 0.261038213968277
    },
    "faq": {
      "ciede2000": 0.6337933639130231,
      "mae": 0.8155050028241749,
      "nemd": 0.9749945821879822,
      "psnr": 0.22554155008018467,
      "ssim": 0.2597428262233734
    },
    "home": {
      "ciede2000": 0.5925316609995885,
      "mae": 0.7710139927677829,
      "nemd": 0.9739032073310423,
      "psnr": 0.21060455863510563,
      "ssim": 0.20032082498073578
    },
    "orders": {
      "ciede2000": 0.6250845018155566,
      "mae": 0.8075624549508277,
      "nemd": 0.97680477217598,
      "psnr": 0.21953504244728655,
      "ssim": 0.20383040606975555
    }
  },
  "aggregate": {
    "ciede2000": 0.6116514398381665,
    "mae": 0.7973806490826602,
    "nemd": 0.9713823335996598,
    "psnr": 0.21850521301309275,
    "ssim": 0.24259133140246072
  },
  "missing": []
}