{
  "per_page": {
    "blog": {
      "dists": 0.8463311791419983,
      "lpips": 0.6098598837852478,
      "ms_ssim": 0.37168076634407043,
      "websight": 0.6195368965466818,
      "ciede2000": 0.6705294702253615,
      "mae": 0.8504836052549675,
      "nemd": 0.9878203365673297,
      "psnr": 0.246680430023558,
      "ssim": 0.3216378390789032
    },
    "changelog": {
      "dists": 0.8947356939315796,
      "lpips": 0.7220346033573151,
      "ms_ssim": 0.5166084170341492,
      "websight": 0.6875602586312337,
      "ciede2000": 0.7875188540550929,
      "mae": 0.8928861407605941,
      "nemd": 0.9840883031422084,
      "psnr": 0.2677619695757433,
      "ssim": 0.46865615248680115
    },
    "dashboard": {
      "dists": 0.8593131303787231,
      "lpips": 0.7119389176368713,
      "ms_ssim": 0.47723841667175293,
      "websight": 0.603819169874849,
      "ciede2000": 0.7527884523723641,
      "mae": 0.8724469755773796,
      "nemd": 0.9788761813436783,
      "psnr": 0.25178383302713137,
      "ssim": 0.4553578794002533
    },
    "docs": {
      "dists": 0.884546160697937,
      "lpips": 0.7757075279951096,
      "ms_ssim": 0.563720166683197,
      "websight": 0.7140760659862275,
      "ciede2000": 0.8220061544142852,
      "mae": 0.9091390092953812,
      "nemd": 0.9827044802079947,
      "psnr": 0.28056497055512447,
      "ssim": 0.532271146774292
    },
    "features": {
      "dists": 0.8759549856185913,
      "lpips": 0.6935268938541412,
      "ms_ssim": 0.43436241149902344,
      "websight": 0.6673961570645356,
      "ciede2000": 0.7450297995610956,
      "mae": 0.8745182707135185,
      "nemd": 0.9693287350710658,
      "psnr": 0.2506948251591812,
      "ssim": 0.39388009905815125
    },
    "home": {
      "dists": 0.849570095539093,
      "lpips": 0.7028465270996094,
      "ms_ssim": 0.4985649287700653,
      "websight": 0.6775803705148067,
      "ciede2000": 0.7776914890458394,
      "mae": 0.8898936121831105,
      "nemd": 0.9880104908382459,
      "psnr": 0.26251751267247353,
      "ssim": 0.445645809173584
    },
    "pricing": {
      "dists": 0.883860170841217,
      "lpips": 0.688633143901825,
      "ms_ssim": 0.4357486069202423,
      "websight": 0.6040801118655378,
      "ciede2000": 0.7515101507740526,
      "mae": 0.8756909366225177,
      "nemd": 0.9635817932483075,
      "psnr": 0.253876728828036,
      "ssim": 0.3962882459163666
    }
  },
  "aggregate": {
    "dists": 0.8706159165927342,
    "lpips": 0.7006496425185885,
    "ms_ssim": 0.4711319591317858,
    "websight": 0.6534355757834103,
    "ciede2000": 0.7581534814925845,
    "mae": 0.8807226500582098,
    "nemd": 0.9792014743455473,
    "psnr": 0.259125752834464,
    "ssim": 0.4305338816983359
  },
  "missing": []
}