{
  "per_page": {
    "about": {
      "dists": 0.7858039736747742,
      "lpips": 0.6460854411125183,
      "ms_ssim": 0.43618109822273254,
      "websight": 0.647531960471078,
      "ciede2000": 0.8070707321066877,
      "mae": 0.8925669323476023,
      "nemd": 0.9730494080726928,
      "ocr_text": 0.8380281690140845,
      "psnr": 0.2952201029602072,
      "ssim": 0.3931887149810791
    },
    "blog": {
      "dists": 0.8344085216522217,
      "lpips": 0.5421744287014008,
      "ms_ssim": 0.36521434783935547,
      "websight": 0.4725583119605615,
      "ciede2000": 0.6037757445310514,
      "mae": 0.7997898965141612,
      "nemd": 0.9671777445085508,
      "ocr_text": 0.5,
      "psnr": 0.24131060324080753,
      "ssim": 0.3316323757171631
    },
    "contact": {
      "dists": 0.8555825352668762,
      "lpips": 0.6247305274009705,
      "ms_ssim": 0.3859887421131134,
      "websight": 0.5855620788024353,
      "ciede2000": 0.7612178009466984,
      "mae": 0.8732151586761339,
      "nemd": 0.9698913118278265,
      "ocr_text": 0.8027210884353742,
      "psnr": 0.27666460869948273,
      "ssim": 0.3303409516811371
    },
    "home": {
      "dists": 0.84576016664505,
      "lpips": 0.6254996657371521,
      "ms_ssim": 0.41348400712013245,
      "websight": 0.6053643698627885,
      "ciede2000": 0.7725742643350706,
      "mae": 0.8701939780738217,
      "nemd": 0.9688002442836926,
      "ocr_text": 0.7472527472527474,
      "psnr": 0.2788548027846982,
      "ssim": 0.4238223135471344
    },
    "post": {
      "dists": 0.8325340747833252,
      "lpips": 0.5917703807353973,
      "ms_ssim": 0.3007236421108246,
      "websight": 0.5841558102181922,
      "ciede2000": 0.7484080071124526,
      "mae": 0.8580787956427015,
      "nemd": 0.9637915798611111,
      "ocr_text": 0.865771812080537,
      "psnr": 0.2735513574880693,
      "ssim": 0.2723749577999115
    },
    "project-detail": {
      "dists": 0.8090441226959229,
      "lpips": 0.5765557289123535,
      "ms_ssim": 0.3298857510089874,
      "websight": 0.6040783812922816,
      "ciede2000": 0.5787787772976994,
      "mae": 0.797186456063907,
      "nemd": 0.8880265643005518,
      "ocr_text": 0.9076305220883534,
      "psnr": 0.23566218603844097,
      "ssim": 0.26670214533805847
    },
    "services": {
      "dists": 0.8133381605148315,
      "lpips": 0.6358296871185303,
      "ms_ssim": 0.3521614074707031,
      "websight": 0.5843703202562395,
      "ciede2000": 0.794625986796867,
      "mae": 0.8881105160516723,
      "nemd": 0.9688305336831139,
      "ocr_text": 0.7734375000000001,
      "psnr": 0.2845109495729637,
      "ssim": 0.3164905905723572
    }
  },
  "aggregate": {
    "dists": 0.8252102221761431,
    "lpips": 0.6060922656740461,
    "ms_ssim": 0.3690912851265499,
    "websight": 0.5833744618376537,
    "ciede2000": 0.7237787590180753,
    "mae": 0.854163104767143,
    "nemd": 0.9570810552196486,
    "ocr_text": 0.7764059769815852,
    "psnr": 0.2693963729692385,
    "ssim": 0.3335074356624058
  },
  "missing": []
}