{
  "per_page": {
    "home": {
      "dists": 0.8202067017555237,
      "lpips": 0.5124636888504028,
      "ms_ssim": 0.22189055383205414,
      "websight": 0.5128618354054844,
      "ciede2000": 0.5483113365724069,
      "mae": 0.7587237173202614,
      "nemd": 0.9615846964518229,
      "psnr": 0.20208322412439406,
      "ssim": 0.27675819396972656
    },
    "profile": {
      "dists": 0.8198127150535583,
      "lpips": 0.47637665271759033,
      "ms_ssim": 0.13132642209529877,
      "websight": 0.437309475641855,
      "ciede2000": 0.5115074971018074,
      "mae": 0.7349065522875817,
      "nemd": 0.9662011935763888,
      "psnr": 0.19157702134758553,
      "ssim": 0.20506346225738525
    },
    "search": {
      "dists": 0.8276165127754211,
      "lpips": 0.48576945066452026,
      "ms_ssim": 0.10833851248025894,
      "websight": 0.4179672591925896,
      "ciede2000": 0.4996060239851112,
      "mae": 0.7249292551742919,
      "nemd": 0.9709882005479601,
      "psnr": 0.18575126211144286,
      "ssim": 0.18709945678710938
    },
    "settings": {
      "dists": 0.8360162973403931,
      "lpips": 0.5508269965648651,
      "ms_ssim": 0.26312562823295593,
      "websight": 0.5103547814346495,
      "ciede2000": 0.6031512503090121,
      "mae": 0.7834306835183873,
      "nemd": 0.969296402406501,
      "psnr": 0.21354383979440664,
      "ssim": 0.2971022427082062
    },
    "trending": {
      "dists": 0.8259996771812439,
      "lpips": 0.5312856435775757,
      "ms_ssim": 0.27649879455566406,
      "websight": 0.5589412414666378,
      "ciede2000": 0.5901881758756122,
      "mae": 0.7773718236888252,
      "nemd": 0.9712850728849085,
      "psnr": 0.21132548234630952,
      "ssim": 0.27881738543510437
    }
  },
  "aggregate": {
    "dists": 0.825930380821228,
    "lpips": 0.5113444864749909,
    "ms_ssim": 0.20023598223924638,
    "websight": 0.4874869186282432,
    "ciede2000": 0.5505528567687901,
    "mae": 0.7558724063978695,
    "nemd": 0.9678711131735163,
    "psnr": 0.20085616594482772,
    "ssim": 0.24896814823150634
  },
  "missing": []
}