{
  "per_page": {
    "events": {
      "dists": 0.8034185171127319,
      "lpips": 0.5287313163280487,
      "ms_ssim": 0.26764246821403503,
      "websight": 0.5509651037508076,
      "ciede2000": 0.5645274572012486,
      "mae": 0.7928739775843288,
      "nemd": 0.9608758305224423,
      "psnr": 0.2318621056546582,
      "ssim": 0.22415323555469513
    },
    "home": {
      "dists": 0.8219031691551208,
      "lpips": 0.5209976434707642,
      "ms_ssim": 0.27300330996513367,
      "websight": 0.49826906602934934,
      "ciede2000": 0.6126866336105817,
      "mae": 0.8107874612257129,
      "nemd": 0.9343049550361744,
      "psnr": 0.23550010487136677,
      "ssim": 0.25315582752227783
    },
    "messages": {
      "dists": 0.8118489980697632,
      "lpips": 0.5539847910404205,
      "ms_ssim": 0.32016482949256897,
      "websight": 0.5722381201899825,
      "ciede2000": 0.6406385860586106,
      "mae": 0.8210233015778072,
      "nemd": 0.9221156444050551,
      "psnr": 0.24870829315006332,
      "ssim": 0.2914229929447174
    },
    "notifications": {
      "dists": 0.7852198481559753,
      "lpips": 0.5144759118556976,
      "ms_ssim": 0.13896538317203522,
      "websight": 0.48655855017048966,
      "ciede2000": 0.5807564311071418,
      "mae": 0.779905168018863,
      "nemd": 0.9173458968307244,
      "psnr": 0.2359074614930731,
      "ssim": 0.24480871856212616
    },
    "search": {
      "dists": 0.8517382144927979,
      "lpips": 0.5617192983627319,
      "ms_ssim": 0.24259686470031738,
      "websight": 0.5492476312366265,
      "ciede2000": 0.6715210225379137,
      "mae": 0.8369399158752042,
      "nemd": 0.9596490854687161,
      "psnr": 0.2489282607044506,
      "ssim": 0.22543247044086456
    },
    "settings": {
      "dists": 0.8029666543006897,
      "lpips": 0.6097114086151123,
      "ms_ssim": 0.2762421667575836,
      "websight": 0.5677209695180258,
      "ciede2000": 0.7519306988858542,
      "mae": 0.8777953340166291,
      "nemd": 0.9598294147277356,
      "psnr": 0.2657409452264543,
      "ssim": 0.2315586656332016
    },
    "trending": {
      "dists": 0.8209105134010315,
      "lpips": 0.5273867249488831,
      "ms_ssim": 0.23562757670879364,
      "websight": 0.4770208381944232,
      "ciede2000": 0.6052242236908553,
      "mae": 0.8137599775223954,
      "nemd": 0.9588223263528292,
      "psnr": 0.2394224503766072,
      "ssim": 0.2016429752111435
    }
  },
  "aggregate": {
    "dists": 0.8140008449554443,
    "lpips": 0.5452867278030941,
    "ms_ssim": 0.2506060855729239,
    "websight": 0.5288600398699578,
    "ciede2000": 0.6324692932988866,
    "mae": 0.8190121622601344,
    "nemd": 0.9447061647633824,
    "psnr": 0.24372423163952478,
    "ssim": 0.23888212655271804
  },
  "missing": []
}