{
  "per_page": {
    "home": {
      "dists": 0.8393071889877319,
      "lpips": 0.6083138883113861,
      "ms_ssim": 0.36586102843284607,
      "websight": 0.5918959637482961,
      "ciede2000": 0.5923952482850271,
      "mae": 0.7911091353485838,
      "nemd": 0.9721759460449219,
      "psnr": 0.21299446228543734,
      "ssim": 0.3332371115684509
    },
    "profile": {
      "dists": 0.8379620909690857,
      "lpips": 0.5482243299484253,
      "ms_ssim": 0.2395959347486496,
      "websight": 0.4864162787085488,
      "ciede2000": 0.5557452001582592,
      "mae": 0.7671829398148148,
      "nemd": 0.9694062615288628,
      "psnr": 0.20368608235371694,
      "ssim": 0.23426413536071777
    },
    "search": {
      "dists": 0.838158369064331,
      "lpips": 0.5743886232376099,
      "ms_ssim": 0.2667109966278076,
      "websight": 0.477191936780536,
      "ciede2000": 0.5925095184618568,
      "mae": 0.7869306522331154,
      "nemd": 0.974219521077474,
      "psnr": 0.21154880119591177,
      "ssim": 0.23498576879501343
    },
    "settings": {
      "dists": 0.821791410446167,
      "lpips": 0.5442891120910645,
      "ms_ssim": 0.19190490245819092,
      "websight": 0.47872594645563166,
      "ciede2000": 0.528320388212961,
      "mae": 0.7535870527863087,
      "nemd": 0.9738762125324214,
      "psnr": 0.19695080000452958,
      "ssim": 0.21314191818237305
    },
    "trending": {
      "dists": 0.8288642168045044,
      "lpips": 0.5690397620201111,
      "ms_ssim": 0.31170833110809326,
      "websight": 0.5427570661245766,
      "ciede2000": 0.6238116013414249,
      "mae": 0.8003692345501886,
      "nemd": 0.975132716563982,
      "psnr": 0.22184302716836712,
      "ssim": 0.3083750009536743
    }
  },
  "aggregate": {
    "dists": 0.8332166552543641,
    "lpips": 0.5688511431217194,
    "ms_ssim": 0.2751562386751175,
    "websight": 0.5153974383635178,
    "ciede2000": 0.5785563912919058,
    "mae": 0.7798358029466023,
    "nemd": 0.9729621315495324,
    "psnr": 0.2094046346015926,
    "ssim": 0.2648007869720459
  },
  "missing": []
}