{
  "per_page": {
    "events": {
      "dists": 0.8364053964614868,
      "lpips": 0.541621744632721,
      "ms_ssim": 0.2944035828113556,
      "websight": 0.5102938465300323,
      "ciede2000": 0.5697036305502177,
      "mae": 0.7894757190951093,
      "nemd": 0.9526033592954906,
      "psnr": 0.23068578395667183,
      "ssim": 0.2522328495979309
    },
    "home": {
      "dists": 0.8271387219429016,
      "lpips": 0.578540563583374,
      "ms_ssim": 0.32324376702308655,
      "websight": 0.5558255596994447,
      "ciede2000": 0.6166403075568375,
      "mae": 0.8052582003061448,
      "nemd": 0.9354667966733141,
      "psnr": 0.23698890220235677,
      "ssim": 0.2701413929462433
    },
    "messages": {
      "dists": 0.8171277046203613,
      "lpips": 0.5142893195152283,
      "ms_ssim": 0.24740450084209442,
      "websight": 0.5330498978545434,
      "ciede2000": 0.5908657411195755,
      "mae": 0.7897116560849528,
      "nemd": 0.9426607017327183,
      "psnr": 0.23322717386539424,
      "ssim": 0.2241431474685669
    },
    "notifications": {
      "dists": 0.7997857928276062,
      "lpips": 0.563452422618866,
      "ms_ssim": 0.3044966757297516,
      "websight": 0.5600810340674518,
      "ciede2000": 0.5607555448255936,
      "mae": 0.7612086245832885,
      "nemd": 0.8997014928333842,
      "psnr": 0.2212698116812333,
      "ssim": 0.2979004681110382
    },
    "search": {
      "dists": 0.8352681994438171,
      "lpips": 0.5384793281555176,
      "ms_ssim": 0.2047470211982727,
      "websight": 0.5377875999472607,
      "ciede2000": 0.6028970398366684,
      "mae": 0.8022333941823256,
      "nemd": 0.9608916462792291,
      "psnr": 0.23250321788306652,
      "ssim": 0.20335932075977325
    },
    "settings": {
      "dists": 0.8308536410331726,
      "lpips": 0.5882937014102936,
      "ms_ssim": 0.31430235505104065,
      "websight": 0.5761932279756203,
      "ciede2000": 0.6757822259092212,
      "mae": 0.84826926061555,
      "nemd": 0.9546669005679642,
      "psnr": 0.25686924015452,
      "ssim": 0.3134916126728058
    },
    "trending": {
      "dists": 0.8057066202163696,
      "lpips": 0.521929919719696,
      "ms_ssim": 0.30611205101013184,
      "websight": 0.511431188662847,
      "ciede2000": 0.5878830902063756,
      "mae": 0.7912130937806475,
      "nemd": 0.9482311962546419,
      "psnr": 0.2326193386866675,
      "ssim": 0.31477442383766174
    }
  },
  "aggregate": {
    "dists": 0.8217551537922451,
    "lpips": 0.5495152856622424,
    "ms_ssim": 0.28495856480939047,
    "websight": 0.5406660506767429,
    "ciede2000": 0.6006467971434984,
    "mae": 0.7981957069497169,
    "nemd": 0.9420317276623917,
    "psnr": 0.23488049548998718,
    "ssim": 0.26800617362771717
  },
  "missing": []
}