{
  "per_page": {
    "blog": {
      "dists": 0.8617137670516968,
      "lpips": 0.5894327759742737,
      "ms_ssim": 0.35246309638023376,
      "websight": 0.6017429674348087,
      "ciede2000": 0.6494029657131869,
      "mae": 0.8344839083001622,
      "nemd": 0.9764897126442408,
      "psnr": 0.24005461785199836,
      "ssim": 0.3026692569255829
    },
    "changelog": {
      "dists": 0.8898888826370239,
      "lpips": 0.6358652710914612,
      "ms_ssim": 0.37501487135887146,
      "websight": 0.6071048203512287,
      "ciede2000": 0.7114260457125983,
      "mae": 0.8528707526353645,
      "nemd": 0.9703476316169287,
      "psnr": 0.24112649527375765,
      "ssim": 0.30686047673225403
    },
    "dashboard": {
      "dists": 0.8604369163513184,
      "lpips": 0.6379694938659668,
      "ms_ssim": 0.35335418581962585,
      "websight": 0.5138671113747985,
      "ciede2000": 0.6752948869760433,
      "mae": 0.8343806523948267,
      "nemd": 0.969469153119173,
      "psnr": 0.2294181619942107,
      "ssim": 0.3114633858203888
    },
    "docs": {
      "dists": 0.9020735025405884,
      "lpips": 0.7056010961532593,
      "ms_ssim": 0.4586423635482788,
      "websight": 0.6425683050533461,
      "ciede2000": 0.75771089927303,
      "mae": 0.8787397328675727,
      "nemd": 0.9772831487304265,
      "psnr": 0.25461967456588136,
      "ssim": 0.36879658699035645
    },
    "features": {
      "dists": 0.8957281112670898,
      "lpips": 0.7263849973678589,
      "ms_ssim": 0.4909747838973999,
      "websight": 0.6944916923277203,
      "ciede2000": 0.7400021421854306,
      "mae": 0.8704397012678023,
      "nemd": 0.9675041419395337,
      "psnr": 0.24792799617472086,
      "ssim": 0.4070673882961273
    },
    "home": {
      "dists": 0.8833624124526978,
      "lpips": 0.6733749210834503,
      "ms_ssim": 0.44183894991874695,
      "websight": 0.6756506275029072,
      "ciede2000": 0.7512949812065363,
      "mae": 0.8780717171192164,
      "nemd": 0.967888939151549,
      "psnr": 0.2545729693632926,
      "ssim": 0.3865607678890228
    },
    "pricing": {
      "dists": 0.8932090401649475,
      "lpips": 0.7183061838150024,
      "ms_ssim": 0.4901731014251709,
      "websight": 0.6462782777140661,
      "ciede2000": 0.7598575500051272,
      "mae": 0.8816358579537553,
      "nemd": 0.9678887630320268,
      "psnr": 0.25760977433570775,
      "ssim": 0.4293953478336334
    }
  },
  "aggregate": {
    "dists": 0.8837732332093375,
    "lpips": 0.6695621056216103,
    "ms_ssim": 0.42320876462118967,
    "websight": 0.6259576859655536,
    "ciede2000": 0.7207127815817075,
    "mae": 0.8615174746483858,
    "nemd": 0.9709816414619825,
    "psnr": 0.24647566993708134,
    "ssim": 0.3589733157839094
  },
  "missing": []
}