{
  "per_page": {
    "blog": {
      "dists": 0.7854893207550049,
      "lpips": 0.4614798426628113,
      "ms_ssim": 0.3594065010547638,
      "websight": 0.5249999659111494,
      "ciede2000": 0.5717941221524936,
      "mae": 0.7738372311852797,
      "nemd": 0.9332562990275487,
      "psnr": 0.23647007908520867,
      "ssim": 0.3744279146194458
    },
    "courses": {
      "dists": 0.802182674407959,
      "lpips": 0.4654500484466553,
      "ms_ssim": 0.3516378104686737,
      "websight": 0.5371359149458527,
      "ciede2000": 0.6472661861776503,
      "mae": 0.8178296920124639,
      "nemd": 0.9371158688567405,
      "psnr": 0.26617920930212613,
      "ssim": 0.3830798864364624
    },
    "faq": {
      "dists": 0.8010480999946594,
      "lpips": 0.5199109315872192,
      "ms_ssim": 0.4205179214477539,
      "websight": 0.588866403774652,
      "ciede2000": 0.6002375897673906,
      "mae": 0.7995546560141211,
      "nemd": 0.9081436713401498,
      "psnr": 0.24593700388136877,
      "ssim": 0.37107548117637634
    },
    "home": {
      "dists": 0.7837147116661072,
      "lpips": 0.44661712646484375,
      "ms_ssim": 0.36442264914512634,
      "websight": 0.4812346879850354,
      "ciede2000": 0.5450308800082941,
      "mae": 0.758712026494009,
      "nemd": 0.9140266803532224,
      "psnr": 0.22699830596693527,
      "ssim": 0.3102281987667084
    },
    "instructors": {
      "dists": 0.8054636120796204,
      "lpips": 0.4762094020843506,
      "ms_ssim": 0.37724944949150085,
      "websight": 0.5089654313568804,
      "ciede2000": 0.5921267218201913,
      "mae": 0.7974988624423429,
      "nemd": 0.9162250452506482,
      "psnr": 0.2486152803296058,
      "ssim": 0.3188583552837372
    },
    "resources": {
      "dists": 0.7846353054046631,
      "lpips": 0.5178882777690887,
      "ms_ssim": 0.312428742647171,
      "websight": 0.5505952948183234,
      "ciede2000": 0.6375802328078248,
      "mae": 0.7957630890952873,
      "nemd": 0.9463897048325567,
      "psnr": 0.23636409644854198,
      "ssim": 0.3855414390563965
    },
    "schedule": {
      "dists": 0.7997195720672607,
      "lpips": 0.56276735663414,
      "ms_ssim": 0.4418443739414215,
      "websight": 0.5921877667151937,
      "ciede2000": 0.7299507457690011,
      "mae": 0.8611802817543271,
      "nemd": 0.9567615487411437,
      "psnr": 0.28132751542075307,
      "ssim": 0.3969019949436188
    }
  },
  "aggregate": {
    "dists": 0.7946076137678963,
    "lpips": 0.4929032836641584,
    "ms_ssim": 0.3753582068852016,
    "websight": 0.5405693522152981,
    "ciede2000": 0.6177123540718351,
    "mae": 0.800625119856833,
    "nemd": 0.9302741169145728,
    "psnr": 0.24884164149064852,
    "ssim": 0.3628733243261065
  },
  "missing": []
}