{
  "per_page": {
    "careers": {
      "dists": 0.7118533253669739,
      "lpips": 0.4614129066467285,
      "ms_ssim": 0.31598010659217834,
      "websight": 0.4838952014451956,
      "ciede2000": 0.4522782381935917,
      "mae": 0.766129445852415,
      "nemd": 0.8679491334945437,
      "psnr": 0.22959804661838454,
      "ssim": 0.23162299394607544
    },
    "faq": {
      "dists": 0.7257378101348877,
      "lpips": 0.44197577238082886,
      "ms_ssim": 0.30323922634124756,
      "websight": 0.5476297523783541,
      "ciede2000": 0.4154530328013806,
      "mae": 0.7532016832848305,
      "nemd": 0.9124655644895578,
      "psnr": 0.22437859319921286,
      "ssim": 0.2019815444946289
    },
    "home": {
      "dists": 0.7038860321044922,
      "lpips": 0.5098376274108887,
      "ms_ssim": 0.3920203745365143,
      "websight": 0.524863643778695,
      "ciede2000": 0.45140121037971637,
      "mae": 0.7566353740933786,
      "nemd": 0.8699854502832168,
      "psnr": 0.2256309771625286,
      "ssim": 0.2633773982524872
    },
    "pricing": {
      "dists": 0.7715808153152466,
      "lpips": 0.558710515499115,
      "ms_ssim": 0.400479793548584,
      "websight": 0.5929638118364916,
      "ciede2000": 0.5736017812187575,
      "mae": 0.8216287485802819,
      "nemd": 0.9513877403869115,
      "psnr": 0.25859129451205837,
      "ssim": 0.3306821286678314
    },
    "testimonials": {
      "dists": 0.717837393283844,
      "lpips": 0.4796440601348877,
      "ms_ssim": 0.3101513385772705,
      "websight": 0.5257082915527532,
      "ciede2000": 0.503937523600428,
      "mae": 0.7900717222577437,
      "nemd": 0.9036493214777701,
      "psnr": 0.23930753292361992,
      "ssim": 0.22851701080799103
    }
  },
  "aggregate": {
    "dists": 0.7261790752410888,
    "lpips": 0.49031617641448977,
    "ms_ssim": 0.3443741679191589,
    "websight": 0.5350121401982979,
    "ciede2000": 0.4793343572387748,
    "mae": 0.77753339481373,
    "nemd": 0.9010874420264001,
    "psnr": 0.23550128888316083,
    "ssim": 0.2512362152338028
  },
  "missing": []
}