{
  "per_page": {
    "about": {
      "dists": 0.8348007798194885,
      "lpips": 0.5890627503395081,
      "ms_ssim": 0.3336619436740875,
      "websight": 0.6124155258950212,
      "ciede2000": 0.680293782844715,
      "mae": 0.8243873046132033,
      "nemd": 0.9523310980328668,
      "ocr_text": 0.9011627906976746,
      "psnr": 0.24407558266706758,
      "ssim": 0.3337128162384033
    },
    "category": {
      "dists": 0.8785777688026428,
      "lpips": 0.6282760500907898,
      "ms_ssim": 0.4198474884033203,
      "websight": 0.6236852699405415,
      "ciede2000": 0.6811404956251697,
      "mae": 0.8381048583877996,
      "nemd": 0.9648865559895833,
      "ocr_text": 0.8281938325991189,
      "psnr": 0.2515443384249355,
      "ssim": 0.3376661241054535
    },
    "contact": {
      "dists": 0.8307472467422485,
      "lpips": 0.5486495494842529,
      "ms_ssim": 0.30947986245155334,
      "websight": 0.5453142302651559,
      "ciede2000": 0.5200395468744723,
      "mae": 0.7522689723519334,
      "nemd": 0.9420236026152219,
      "ocr_text": 0.8142857142857143,
      "psnr": 0.20013990969588452,
      "ssim": 0.24072472751140594
    },
    "home": {
      "dists": 0.8290351033210754,
      "lpips": 0.561574399471283,
      "ms_ssim": 0.3621551990509033,
      "websight": 0.5990472761497525,
      "ciede2000": 0.5734534924317896,
      "mae": 0.7763387072407859,
      "nemd": 0.9466790660128321,
      "ocr_text": 0.8596491228070176,
      "psnr": 0.2198882129737453,
      "ssim": 0.28486233949661255
    },
    "latest": {
      "dists": 0.8536456823348999,
      "lpips": 0.5990786254405975,
      "ms_ssim": 0.31333127617836,
      "websight": 0.5706835694951949,
      "ciede2000": 0.7148459680382717,
      "mae": 0.8451921484110886,
      "nemd": 0.9634452389148309,
      "ocr_text": 0.7980535279805353,
      "psnr": 0.2543992360183019,
      "ssim": 0.2902688682079315
    }
  },
  "aggregate": {
    "dists": 0.8453613162040711,
    "lpips": 0.5853282749652863,
    "ms_ssim": 0.3476951539516449,
    "websight": 0.5902291743491332,
    "ciede2000": 0.6339546571628836,
    "mae": 0.8072583982009622,
    "nemd": 0.953873112313067,
    "ocr_text": 0.8402689976740122,
    "psnr": 0.23400945595598696,
    "ssim": 0.2974469751119614
  },
  "missing": []
}