{
  "per_page": {
    "events": {
      "dists": 0.785057544708252,
      "lpips": 0.3972254991531372,
      "ms_ssim": 0.3960244655609131,
      "websight": 0.5620456205474006,
      "ciede2000": 0.7421359004748997,
      "mae": 0.8905507068769537,
      "nemd": 0.9715623125559383,
      "psnr": 0.3046165633567179,
      "ssim": 0.38787922263145447
    },
    "home": {
      "dists": 0.7544034123420715,
      "lpips": 0.3989095687866211,
      "ms_ssim": 0.5149955749511719,
      "websight": 0.5846048525441221,
      "ciede2000": 0.7758204956721054,
      "mae": 0.9008593448932453,
      "nemd": 0.9685521747891384,
      "psnr": 0.311717519789325,
      "ssim": 0.45606759190559387
    },
    "login": {
      "dists": 0.7808259129524231,
      "lpips": 0.39459478855133057,
      "ms_ssim": 0.5828132033348083,
      "websight": 0.5948754311943588,
      "ciede2000": 0.8037620866744148,
      "mae": 0.917331603662486,
      "nemd": 0.9676506047062687,
      "psnr": 0.32886803073141513,
      "ssim": 0.5864600539207458
    },
    "saved": {
      "dists": 0.7620214819908142,
      "lpips": 0.39974260330200195,
      "ms_ssim": 0.4760582447052002,
      "websight": 0.5778601470407746,
      "ciede2000": 0.7703329174289758,
      "mae": 0.9011572580868505,
      "nemd": 0.9722230324610479,
      "psnr": 0.31286070258668064,
      "ssim": 0.42400598526000977
    },
    "search": {
      "dists": 0.7311288118362427,
      "lpips": 0.37063175439834595,
      "ms_ssim": 0.39274463057518005,
      "websight": 0.5331250447803683,
      "ciede2000": 0.7118073367707802,
      "mae": 0.8756946164236862,
      "nemd": 0.9637761709726096,
      "psnr": 0.29137978755682015,
      "ssim": 0.3584401607513428
    }
  },
  "aggregate": {
    "dists": 0.7626874327659607,
    "lpips": 0.39222084283828734,
    "ms_ssim": 0.4725272238254547,
    "websight": 0.5705022192214049,
    "ciede2000": 0.7607717474042351,
    "mae": 0.8971187059886443,
    "nemd": 0.9687528590970006,
    "psnr": 0.3098885208041918,
    "ssim": 0.4425706028938293
  },
  "missing": []
}