{
  "per_page": {
    "groups": {
      "dists": 0.8482714295387268,
      "lpips": 0.587086945772171,
      "ms_ssim": 0.5048428177833557,
      "websight": 0.648025111390211,
      "ciede2000": 0.7933644897680524,
      "mae": 0.8953633017573157,
      "nemd": 0.9722318556790719,
      "psnr": 0.3305463393317055,
      "ssim": 0.5095434188842773
    },
    "home": {
      "dists": 0.8557244539260864,
      "lpips": 0.6088588237762451,
      "ms_ssim": 0.5953416228294373,
      "websight": 0.7032576283808027,
      "ciede2000": 0.8272603460223366,
      "mae": 0.9184126751746543,
      "nemd": 0.984895333802071,
      "psnr": 0.33933062355562216,
      "ssim": 0.5679793357849121
    },
    "messages": {
      "dists": 0.8402910232543945,
      "lpips": 0.5933381617069244,
      "ms_ssim": 0.5152751207351685,
      "websight": 0.5954919326049025,
      "ciede2000": 0.8246654837391804,
      "mae": 0.9126236614923747,
      "nemd": 0.98614236585829,
      "psnr": 0.34201079890417846,
      "ssim": 0.5590819120407104
    },
    "notifications": {
      "dists": 0.8295377492904663,
      "lpips": 0.5969816744327545,
      "ms_ssim": 0.5154995918273926,
      "websight": 0.6453764684784026,
      "ciede2000": 0.8480320845686677,
      "mae": 0.9258853910471557,
      "nemd": 0.9843033966959749,
      "psnr": 0.363468594891639,
      "ssim": 0.5370678901672363
    },
    "profile": {
      "dists": 0.81679767370224,
      "lpips": 0.46764636039733887,
      "ms_ssim": 0.30019810795783997,
      "websight": 0.5389686440578615,
      "ciede2000": 0.7571615162988438,
      "mae": 0.8742673342171982,
      "nemd": 0.9834714080983508,
      "psnr": 0.31298430700481106,
      "ssim": 0.4296714961528778
    },
    "trending": {
      "dists": 0.8217675685882568,
      "lpips": 0.6054389476776123,
      "ms_ssim": 0.5074048638343811,
      "websight": 0.6153895007179514,
      "ciede2000": 0.8233370019252017,
      "mae": 0.9110232904106916,
      "nemd": 0.9843853823871096,
      "psnr": 0.337021536835928,
      "ssim": 0.5753716826438904
    }
  },
  "aggregate": {
    "dists": 0.8353983163833618,
    "lpips": 0.5765584856271744,
    "ms_ssim": 0.4897603541612625,
    "websight": 0.6244182142716886,
    "ciede2000": 0.8123034870537138,
    "mae": 0.9062626090165651,
    "nemd": 0.982571623753478,
    "psnr": 0.33756036675398066,
    "ssim": 0.5297859559456507
  },
  "missing": []
}