{
  "per_page": {
    "groups": {
      "dists": 0.8252865672111511,
      "lpips": 0.5649482905864716,
      "ms_ssim": 0.49587520956993103,
      "websight": 0.6329375465129043,
      "ciede2000": 0.7739033656334512,
      "mae": 0.889374127820487,
      "nemd": 0.9747715806928383,
      "psnr": 0.3238653850405347,
      "ssim": 0.5047968029975891
    },
    "home": {
      "dists": 0.8404002785682678,
      "lpips": 0.6531452238559723,
      "ms_ssim": 0.6281794905662537,
      "websight": 0.7313906061343657,
      "ciede2000": 0.8258912526466575,
      "mae": 0.9178619834188295,
      "nemd": 0.9820916652536958,
      "psnr": 0.34257196897097286,
      "ssim": 0.5980893969535828
    },
    "messages": {
      "dists": 0.8210853934288025,
      "lpips": 0.5752500295639038,
      "ms_ssim": 0.5476649403572083,
      "websight": 0.6001478972289483,
      "ciede2000": 0.8125686947369568,
      "mae": 0.9140947685185186,
      "nemd": 0.9859697618272569,
      "psnr": 0.3446982703897414,
      "ssim": 0.5741208791732788
    },
    "notifications": {
      "dists": 0.8001851439476013,
      "lpips": 0.6144343316555023,
      "ms_ssim": 0.5751196146011353,
      "websight": 0.6752251215603041,
      "ciede2000": 0.8292446856458405,
      "mae": 0.9198994277082513,
      "nemd": 0.980618790740861,
      "psnr": 0.3562862606203801,
      "ssim": 0.5890279412269592
    },
    "profile": {
      "dists": 0.7847131490707397,
      "lpips": 0.449407696723938,
      "ms_ssim": 0.3382006585597992,
      "websight": 0.5476236931990597,
      "ciede2000": 0.7303858933542229,
      "mae": 0.8658535174976805,
      "nemd": 0.9758815555313571,
      "psnr": 0.30537595646000754,
      "ssim": 0.4565568268299103
    },
    "trending": {
      "dists": 0.8082549571990967,
      "lpips": 0.5223717987537384,
      "ms_ssim": 0.4711420238018036,
      "websight": 0.5871023256756943,
      "ciede2000": 0.7848509906081834,
      "mae": 0.8961232440737489,
      "nemd": 0.9780622461423352,
      "psnr": 0.33089985214882633,
      "ssim": 0.5478765964508057
    }
  },
  "aggregate": {
    "dists": 0.8133209149042765,
    "lpips": 0.5632595618565878,
    "ms_ssim": 0.5093636562426885,
    "websight": 0.6290711983852127,
    "ciede2000": 0.7928074804375521,
    "mae": 0.9005345115062527,
    "nemd": 0.9795659333647241,
    "psnr": 0.3339496156050772,
    "ssim": 0.5450780739386877
  },
  "missing": []
}