{
  "per_page": {
    "home": {
      "dists": 0.8383395075798035,
      "lpips": 0.6652908027172089,
      "ms_ssim": 0.5679501891136169,
      "websight": 0.6329436720463267,
      "ciede2000": 0.718856177587622,
      "mae": 0.8525444569852019,
      "nemd": 0.9407467883291596,
      "psnr": 0.25974321587347327,
      "ssim": 0.5794488787651062
    },
    "post": {
      "dists": 0.8289103507995605,
      "lpips": 0.5972929298877716,
      "ms_ssim": 0.4337155520915985,
      "websight": 0.6280467506092783,
      "ciede2000": 0.7480891540121501,
      "mae": 0.8548365306648975,
      "nemd": 0.9579581583352914,
      "psnr": 0.27228832327627545,
      "ssim": 0.4801683723926544
    },
    "resume": {
      "dists": 0.8188619017601013,
      "lpips": 0.5506460666656494,
      "ms_ssim": 0.44131067395210266,
      "websight": 0.5589468270153194,
      "ciede2000": 0.7274831070776375,
      "mae": 0.8442114817471704,
      "nemd": 0.9644480543587446,
      "psnr": 0.2664049629608111,
      "ssim": 0.44525694847106934
    },
    "services": {
      "dists": 0.8409943580627441,
      "lpips": 0.5375909805297852,
      "ms_ssim": 0.41642966866493225,
      "websight": 0.5710375706354777,
      "ciede2000": 0.7003051259061068,
      "mae": 0.8252277113285473,
      "nemd": 0.9445607975068184,
      "psnr": 0.25012986312942037,
      "ssim": 0.4526583254337311
    },
    "testimonials": {
      "dists": 0.7946625351905823,
      "lpips": 0.5762444734573364,
      "ms_ssim": 0.5325026512145996,
      "websight": 0.559158839666444,
      "ciede2000": 0.6469490181543527,
      "mae": 0.8087426207911029,
      "nemd": 0.944459094838737,
      "psnr": 0.24283520331184943,
      "ssim": 0.476085901260376
    }
  },
  "aggregate": {
    "dists": 0.8243537306785583,
    "lpips": 0.5854130506515502,
    "ms_ssim": 0.47838174700737,
    "websight": 0.5900267319945691,
    "ciede2000": 0.7083365165475739,
    "mae": 0.8371125603033839,
    "nemd": 0.9504345786737503,
    "psnr": 0.25828031371036597,
    "ssim": 0.4867236852645874
  },
  "missing": []
}