{
  "per_page": {
    "about": {
      "dists": 0.6528646349906921,
      "lpips": 0.47948265075683594,
      "ms_ssim": 0.26650944352149963,
      "websight": 0.48556842819238316,
      "ciede2000": 0.0,
      "mae": 0.38288044950490485,
      "nemd": 0.4441429436900627,
      "ocr_text": 0.71976401179941,
      "psnr": 0.08815512741173927,
      "ssim": 0.12480293959379196
    },
    "category": {
      "dists": 0.7127829194068909,
      "lpips": 0.4803959131240845,
      "ms_ssim": 0.3392581045627594,
      "websight": 0.477931687666935,
      "ciede2000": 0.0,
      "mae": 0.4797137214052287,
      "nemd": 0.5709356289333769,
      "ocr_text": 0.6411483253588516,
      "psnr": 0.11499211764866553,
      "ssim": 0.14265044033527374
    },
    "contact": {
      "dists": 0.6983153820037842,
      "lpips": 0.4503976106643677,
      "ms_ssim": 0.35873088240623474,
      "websight": 0.4624151639405265,
      "ciede2000": 0.07942976136573887,
      "mae": 0.5667313890972976,
      "nemd": 0.6747118237433275,
      "ocr_text": 0.5809128630705394,
      "psnr": 0.13890767139772534,
      "ssim": 0.1837056279182434
    },
    "home": {
      "dists": 0.6785730123519897,
      "lpips": 0.5044412016868591,
      "ms_ssim": 0.27570411562919617,
      "websight": 0.4760910165021663,
      "ciede2000": 0.006684248463049158,
      "mae": 0.5236565013826043,
      "nemd": 0.6236134738658778,
      "ocr_text": 0.6391752577319588,
      "psnr": 0.12627612876384434,
      "ssim": 0.1494932919740677
    },
    "latest": {
      "dists": 0.630126953125,
      "lpips": 0.4566671848297119,
      "ms_ssim": 0.2818698585033417,
      "websight": 0.4655236724847751,
      "ciede2000": 0.0,
      "mae": 0.32622179259634887,
      "nemd": 0.36304398576875313,
      "ocr_text": 0.6558265582655827,
      "psnr": 0.07548051491072019,
      "ssim": 0.10413360595703125
    }
  },
  "aggregate": {
    "dists": 0.6745325803756714,
    "lpips": 0.47427691221237184,
    "ms_ssim": 0.3044144809246063,
    "websight": 0.47350599375735725,
    "ciede2000": 0.017222801965757605,
    "mae": 0.4558407707972768,
    "nemd": 0.5352895712002796,
    "ocr_text": 0.6473654032452686,
    "psnr": 0.10876231202653892,
    "ssim": 0.14095718115568162
  },
  "missing": []
}