{
  "per_page": {
    "home": {
      "dists": 0.8390077948570251,
      "lpips": 0.6437956690788269,
      "ms_ssim": 0.5280037522315979,
      "websight": 0.6144689036413514,
      "ciede2000": 0.7536319356801676,
      "mae": 0.8612481198084952,
      "nemd": 0.9608471854204876,
      "psnr": 0.27352482298348363,
      "ssim": 0.5966324210166931
    },
    "post": {
      "dists": 0.8131376504898071,
      "lpips": 0.5812412202358246,
      "ms_ssim": 0.44602975249290466,
      "websight": 0.6382605754884972,
      "ciede2000": 0.7554740160471122,
      "mae": 0.856614823414746,
      "nemd": 0.9459089888825254,
      "psnr": 0.28078130807842966,
      "ssim": 0.49816492199897766
    },
    "resume": {
      "dists": 0.8122319579124451,
      "lpips": 0.6029367446899414,
      "ms_ssim": 0.5009185671806335,
      "websight": 0.6362279030125285,
      "ciede2000": 0.7523757875283292,
      "mae": 0.8583055931948208,
      "nemd": 0.9367491830368067,
      "psnr": 0.2773066810204943,
      "ssim": 0.47853803634643555
    },
    "services": {
      "dists": 0.8053760528564453,
      "lpips": 0.5406485497951508,
      "ms_ssim": 0.4255615174770355,
      "websight": 0.5855087339401627,
      "ciede2000": 0.5679791513000997,
      "mae": 0.7716231679251475,
      "nemd": 0.9364812365150847,
      "psnr": 0.2177034155532736,
      "ssim": 0.4410417973995209
    },
    "testimonials": {
      "dists": 0.8236740827560425,
      "lpips": 0.6558310389518738,
      "ms_ssim": 0.5739312767982483,
      "websight": 0.6702999345736927,
      "ciede2000": 0.7719873298675209,
      "mae": 0.8723629040514255,
      "nemd": 0.9708732711905206,
      "psnr": 0.28110178154345117,
      "ssim": 0.5361868739128113
    }
  },
  "aggregate": {
    "dists": 0.818685507774353,
    "lpips": 0.6048906445503235,
    "ms_ssim": 0.494888973236084,
    "websight": 0.6289532101312465,
    "ciede2000": 0.720289644084646,
    "mae": 0.844030921678927,
    "nemd": 0.950171973009085,
    "psnr": 0.26608360183582647,
    "ssim": 0.5101128101348877
  },
  "missing": []
}