{
  "per_page": {
    "about": {
      "dists": 0.7806267738342285,
      "lpips": 0.5107192397117615,
      "ms_ssim": 0.4806130826473236,
      "websight": 0.5770021972493229,
      "ciede2000": 0.7180344329746664,
      "mae": 0.916933274206178,
      "nemd": 0.9771660389270211,
      "psnr": 0.3463990817373719,
      "ssim": 0.4132910966873169
    },
    "account": {
      "dists": 0.8211933970451355,
      "lpips": 0.5693032443523407,
      "ms_ssim": 0.5288143157958984,
      "websight": 0.6313247739007233,
      "ciede2000": 0.7296092211192677,
      "mae": 0.9155355837927971,
      "nemd": 0.9706579039731728,
      "psnr": 0.3425327348620332,
      "ssim": 0.4994995892047882
    },
    "cart": {
      "dists": 0.7979199886322021,
      "lpips": 0.5255818963050842,
      "ms_ssim": 0.5287409424781799,
      "websight": 0.5381208146827808,
      "ciede2000": 0.730405512367585,
      "mae": 0.9189839248718191,
      "nemd": 0.9725181104985365,
      "psnr": 0.34593907378690925,
      "ssim": 0.4890141189098358
    },
    "contact": {
      "dists": 0.7938728332519531,
      "lpips": 0.5192348062992096,
      "ms_ssim": 0.5346552729606628,
      "websight": 0.6191633701324463,
      "ciede2000": 0.7467857520116044,
      "mae": 0.9250924090650753,
      "nemd": 0.9730745295280419,
      "psnr": 0.3562139134879157,
      "ssim": 0.49231192469596863
    },
    "home": {
      "dists": 0.7787023186683655,
      "lpips": 0.5395165979862213,
      "ms_ssim": 0.4970525801181793,
      "websight": 0.5019036624166701,
      "ciede2000": 0.697009746153431,
      "mae": 0.9038490519567407,
      "nemd": 0.9661669873052976,
      "psnr": 0.32244622178773324,
      "ssim": 0.48897919058799744
    },
    "shipping": {
      "dists": 0.775212287902832,
      "lpips": 0.5117523670196533,
      "ms_ssim": 0.44388118386268616,
      "websight": 0.5629582064077403,
      "ciede2000": 0.7414502162070618,
      "mae": 0.9217272005924673,
      "nemd": 0.9767634476403251,
      "psnr": 0.3510502013682731,
      "ssim": 0.4092317521572113
    },
    "shop": {
      "dists": 0.7690926790237427,
      "lpips": 0.5469682812690735,
      "ms_ssim": 0.4937993586063385,
      "websight": 0.5215257212283119,
      "ciede2000": 0.72841709275851,
      "mae": 0.9120077641612201,
      "nemd": 0.974106320529514,
      "psnr": 0.33743255063825534,
      "ssim": 0.46727263927459717
    }
  },
  "aggregate": {
    "dists": 0.7880886111940656,
    "lpips": 0.5318680618490491,
    "ms_ssim": 0.5010795337813241,
    "websight": 0.5645712494311422,
    "ciede2000": 0.7273874247988751,
    "mae": 0.9163041726637567,
    "nemd": 0.972921905485987,
    "psnr": 0.3431448253812131,
    "ssim": 0.46565718735967365
  },
  "missing": []
}