{
  "per_page": {
    "contact": {
      "dists": 0.7816117405891418,
      "lpips": 0.5472227931022644,
      "ms_ssim": 0.23005740344524384,
      "websight": 0.568189091189408,
      "ciede2000": 0.6739212212851032,
      "mae": 0.8287944174889603,
      "nemd": 0.9434923860103877,
      "psnr": 0.24271814901548794,
      "ssim": 0.25226354598999023
    },
    "faq": {
      "dists": 0.718535304069519,
      "lpips": 0.5235796570777893,
      "ms_ssim": 0.22618873417377472,
      "websight": 0.5710709830969247,
      "ciede2000": 0.6677196938896872,
      "mae": 0.8240784575907658,
      "nemd": 0.9057761839556644,
      "psnr": 0.24981068875445997,
      "ssim": 0.19985301792621613
    },
    "home": {
      "dists": 0.781240701675415,
      "lpips": 0.5564825236797333,
      "ms_ssim": 0.22491352260112762,
      "websight": 0.5652052633939489,
      "ciede2000": 0.6969779428034459,
      "mae": 0.837308731977316,
      "nemd": 0.9432000361130103,
      "psnr": 0.24895109442472776,
      "ssim": 0.22177261114120483
    },
    "press": {
      "dists": 0.7801971435546875,
      "lpips": 0.5626605749130249,
      "ms_ssim": 0.29428449273109436,
      "websight": 0.6004299915509161,
      "ciede2000": 0.6652569409707221,
      "mae": 0.8248344279661017,
      "nemd": 0.934169517387778,
      "psnr": 0.24070259089983154,
      "ssim": 0.2779073417186737
    },
    "pricing": {
      "dists": 0.7865450382232666,
      "lpips": 0.5588710010051727,
      "ms_ssim": 0.2586534917354584,
      "websight": 0.5897243287582947,
      "ciede2000": 0.6717884283960309,
      "mae": 0.8291324824450328,
      "nemd": 0.9429332898880871,
      "psnr": 0.24364428366452923,
      "ssim": 0.24089330434799194
    },
    "resources": {
      "dists": 0.7741086483001709,
      "lpips": 0.5893555581569672,
      "ms_ssim": 0.3633018732070923,
      "websight": 0.6267859737078348,
      "ciede2000": 0.6822280901195343,
      "mae": 0.8328446881325948,
      "nemd": 0.9322286016248842,
      "psnr": 0.24670581610624884,
      "ssim": 0.34489724040031433
    },
    "services": {
      "dists": 0.7612969875335693,
      "lpips": 0.5717754065990448,
      "ms_ssim": 0.2753871977329254,
      "websight": 0.5976279111868443,
      "ciede2000": 0.6667187693411423,
      "mae": 0.8241487328591568,
      "nemd": 0.9386268725426368,
      "psnr": 0.24140634356501497,
      "ssim": 0.266196608543396
    }
  },
  "aggregate": {
    "dists": 0.76907650913511,
    "lpips": 0.5585639306477138,
    "ms_ssim": 0.26754095937524525,
    "websight": 0.5884333632691673,
    "ciede2000": 0.674944440972238,
    "mae": 0.8287345626371325,
    "nemd": 0.9343466982174926,
    "psnr": 0.24484842377575713,
    "ssim": 0.2576833814382553
  },
  "missing": []
}