{
  "per_page": {
    "billing": {
      "dists": 0.8491788506507874,
      "lpips": 0.7610882073640823,
      "ms_ssim": 0.7356963753700256,
      "websight": 0.7703146249231687,
      "ciede2000": 0.9139008430440679,
      "mae": 0.9614593735844172,
      "nemd": 0.9875123637038181,
      "ocr_text": 0.8609865470852018,
      "psnr": 0.36199741302491534,
      "ssim": 0.7076956629753113
    },
    "docs": {
      "dists": 0.8564721941947937,
      "lpips": 0.7567737847566605,
      "ms_ssim": 0.7133271098136902,
      "websight": 0.7981341019792149,
      "ciede2000": 0.921850421170295,
      "mae": 0.965250816993464,
      "nemd": 0.9906315154195482,
      "ocr_text": 0.8859416445623343,
      "psnr": 0.3770371092646867,
      "ssim": 0.7045413851737976
    },
    "home": {
      "dists": 0.8577709794044495,
      "lpips": 0.7111879885196686,
      "ms_ssim": 0.6186183094978333,
      "websight": 0.7449719290228657,
      "ciede2000": 0.8496494865362454,
      "mae": 0.9357653610444977,
      "nemd": 0.9870191483531924,
      "ocr_text": 0.8945454545454546,
      "psnr": 0.32140045638566284,
      "ssim": 0.5881190896034241
    },
    "login": {
      "dists": 0.8340646028518677,
      "lpips": 0.7546133697032928,
      "ms_ssim": 0.710385799407959,
      "websight": 0.7813266869436656,
      "ciede2000": 0.8982058055308981,
      "mae": 0.9598615494123257,
      "nemd": 0.9926252003652911,
      "ocr_text": 0.8481012658227849,
      "psnr": 0.3662720737526447,
      "ssim": 0.6946206092834473
    },
    "profile": {
      "dists": 0.8313101530075073,
      "lpips": 0.7362029850482941,
      "ms_ssim": 0.7335150241851807,
      "websight": 0.7834896256284015,
      "ciede2000": 0.9236080808918589,
      "mae": 0.9673653458517872,
      "nemd": 0.9918851351852411,
      "ocr_text": 0.8599033816425121,
      "psnr": 0.379926570543692,
      "ssim": 0.7044695019721985
    },
    "signup": {
      "dists": 0.8285473585128784,
      "lpips": 0.7607152312994003,
      "ms_ssim": 0.6978128552436829,
      "websight": 0.7547844430871766,
      "ciede2000": 0.8929652658342757,
      "mae": 0.9561380128830559,
      "nemd": 0.9912556151908327,
      "ocr_text": 0.8669950738916256,
      "psnr": 0.3586530569390276,
      "ssim": 0.6640251278877258
    },
    "tools": {
      "dists": 0.8090087175369263,
      "lpips": 0.7315292060375214,
      "ms_ssim": 0.6441314816474915,
      "websight": 0.7643797350800745,
      "ciede2000": 0.9010222925661346,
      "mae": 0.9574723444197887,
      "nemd": 0.9886165159920997,
      "ocr_text": 0.9095890410958904,
      "psnr": 0.35878990981002346,
      "ssim": 0.6086716055870056
    }
  },
  "aggregate": {
    "dists": 0.8380504080227443,
    "lpips": 0.7445872532469886,
    "ms_ssim": 0.693355279309409,
    "websight": 0.7710573066663667,
    "ciede2000": 0.9001717422248251,
    "mae": 0.957616114884191,
    "nemd": 0.9899350706014319,
    "ocr_text": 0.8751517726636863,
    "psnr": 0.36058236996009324,
    "ssim": 0.6674489974975586
  },
  "missing": []
}