{
  "per_page": {
    "events": {
      "ciede2000": 0.7874820979552133,
      "mae": 0.9140449583214929,
      "nemd": 0.9750951027985355,
      "psnr": 0.33641293136276873,
      "ssim": 0.4704085886478424
    },
    "home": {
      "ciede2000": 0.655822075393363,
      "mae": 0.8642476681745254,
      "nemd": 0.9756551825373809,
      "psnr": 0.27685471949971496,
      "ssim": 0.4002472460269928
    },
    "login": {
      "ciede2000": 0.7900102498192605,
      "mae": 0.9241728260122868,
      "nemd": 0.9733985138703156,
      "psnr": 0.33333311830487816,
      "ssim": 0.6207082867622375
    },
    "saved": {
      "ciede2000": 0.7889867920369836,
      "mae": 0.9173455127672538,
      "nemd": 0.9769035392804335,
      "psnr": 0.33562475584946383,
      "ssim": 0.48394009470939636
    },
    "search": {
      "ciede2000": 0.7280856716270471,
      "mae": 0.8873807171129289,
      "nemd": 0.9726503367750357,
      "psnr": 0.3007524630749225,
      "ssim": 0.40508270263671875
    }
  },
  "aggregate": {
    "ciede2000": 0.7500773773663735,
    "mae": 0.9014383364776976,
    "nemd": 0.9747405350523402,
    "psnr": 0.31659559761834966,
    "ssim": 0.47607738375663755
  },
  "missing": []
}