{
  "per_page": {
    "contact": {
      "dists": 0.7443361878395081,
      "lpips": 0.60123011469841,
      "ms_ssim": 0.32677873969078064,
      "websight": 0.6146290013284395,
      "ciede2000": 0.7021743717615612,
      "mae": 0.8396142109917801,
      "nemd": 0.9386743901311375,
      "psnr": 0.2484831523722078,
      "ssim": 0.324518620967865
    },
    "faq": {
      "dists": 0.7391083836555481,
      "lpips": 0.5579899549484253,
      "ms_ssim": 0.25982365012168884,
      "websight": 0.5881633050494142,
      "ciede2000": 0.67893834099312,
      "mae": 0.8293482819456285,
      "nemd": 0.9134044070668349,
      "psnr": 0.2507325760284773,
      "ssim": 0.24442684650421143
    },
    "home": {
      "dists": 0.7825056314468384,
      "lpips": 0.5963799953460693,
      "ms_ssim": 0.23441024124622345,
      "websight": 0.5872651951500194,
      "ciede2000": 0.7069628329227788,
      "mae": 0.8386881177586651,
      "nemd": 0.9493654258833878,
      "psnr": 0.24738561577128607,
      "ssim": 0.2078828662633896
    },
    "press": {
      "dists": 0.7664861083030701,
      "lpips": 0.5612161457538605,
      "ms_ssim": 0.2446194291114807,
      "websight": 0.5727136717521336,
      "ciede2000": 0.6680582392424286,
      "mae": 0.8219844161958568,
      "nemd": 0.9345143649860963,
      "psnr": 0.23779760768315228,
      "ssim": 0.2545837163925171
    },
    "pricing": {
      "dists": 0.7774398326873779,
      "lpips": 0.5345499813556671,
      "ms_ssim": 0.2142416089773178,
      "websight": 0.5694620473401703,
      "ciede2000": 0.6805973373596355,
      "mae": 0.8282511471483571,
      "nemd": 0.9436187979044357,
      "psnr": 0.2437051113580303,
      "ssim": 0.23261040449142456
    },
    "resources": {
      "dists": 0.7556657791137695,
      "lpips": 0.5812715590000153,
      "ms_ssim": 0.2863175570964813,
      "websight": 0.5996014574385394,
      "ciede2000": 0.6746136717754464,
      "mae": 0.8248338045330151,
      "nemd": 0.9392994023322193,
      "psnr": 0.24038097927172086,
      "ssim": 0.2881360948085785
    },
    "services": {
      "dists": 0.7497804164886475,
      "lpips": 0.5966097414493561,
      "ms_ssim": 0.27404239773750305,
      "websight": 0.6056983491477538,
      "ciede2000": 0.6792459080610176,
      "mae": 0.829345596245034,
      "nemd": 0.9487483923419628,
      "psnr": 0.2429608544544929,
      "ssim": 0.2628713846206665
    }
  },
  "aggregate": {
    "dists": 0.7593317627906799,
    "lpips": 0.5756067846502576,
    "ms_ssim": 0.2628905177116394,
    "websight": 0.5910761467437815,
    "ciede2000": 0.684370100302284,
    "mae": 0.8302950821169054,
    "nemd": 0.9382321686637248,
    "psnr": 0.24449227099133822,
    "ssim": 0.2592899905783789
  },
  "missing": []
}