{
  "per_page": {
    "archive": {
      "ciede2000": 0.7476983852391242,
      "mae": 0.872980792894439,
      "nemd": 0.9165099858971282,
      "ocr_text": 0.7842227378190255,
      "psnr": 0.2973863884507449,
      "ssim": 0.6125132441520691
    },
    "author": {
      "ciede2000": 0.6824974635577264,
      "mae": 0.8408736631016043,
      "nemd": 0.9086493263091429,
      "ocr_text": 0.8104838709677419,
      "psnr": 0.27292908773677615,
      "ssim": 0.47927379608154297
    },
    "contact": {
      "ciede2000": 0.47418123769726306,
      "mae": 0.7404967247675642,
      "nemd": 0.8314772435872717,
      "ocr_text": 0.6457142857142857,
      "psnr": 0.1985083963027608,
      "ssim": 0.4378480911254883
    },
    "home": {
      "ciede2000": 0.538749821742659,
      "mae": 0.7762832187857961,
      "nemd": 0.9199576686583844,
      "ocr_text": 0.7123809523809523,
      "psnr": 0.22390244328949893,
      "ssim": 0.4076593816280365
    },
    "latest": {
      "ciede2000": 0.7290686552669928,
      "mae": 0.8633991384432561,
      "nemd": 0.9186830832741477,
      "ocr_text": 0.8333333333333333,
      "psnr": 0.2941800358601094,
      "ssim": 0.5395187735557556
    },
    "newsletter": {
      "ciede2000": 0.6660785265931999,
      "mae": 0.837888364104766,
      "nemd": 0.9402060043658488,
      "ocr_text": 0.8521739130434782,
      "psnr": 0.2589680038802158,
      "ssim": 0.4798235595226288
    }
  },
  "aggregate": {
    "ciede2000": 0.6397123483494943,
    "mae": 0.8219869836829043,
    "nemd": 0.9059138853486539,
    "ocr_text": 0.7730515155431362,
    "psnr": 0.25764572592001767,
    "ssim": 0.49277280767758685
  },
  "missing": []
}