{
  "per_page": {
    "archive": {
      "dists": 0.827420711517334,
      "lpips": 0.591739147901535,
      "ms_ssim": 0.5950016379356384,
      "websight": 0.6595815644747969,
      "ciede2000": 0.7738196912745408,
      "mae": 0.8865405475225472,
      "nemd": 0.9240422513311801,
      "ocr_text": 0.7692307692307693,
      "psnr": 0.3083254032381122,
      "ssim": 0.6137101650238037
    },
    "author": {
      "dists": 0.8056458234786987,
      "lpips": 0.6063129901885986,
      "ms_ssim": 0.5478149056434631,
      "websight": 0.6419158714205109,
      "ciede2000": 0.7095657677942356,
      "mae": 0.8520570615796519,
      "nemd": 0.900581909045985,
      "ocr_text": 0.7894736842105263,
      "psnr": 0.2776135991009145,
      "ssim": 0.519184410572052
    },
    "contact": {
      "dists": 0.8046411275863647,
      "lpips": 0.5928874313831329,
      "ms_ssim": 0.4998342990875244,
      "websight": 0.581842322056392,
      "ciede2000": 0.5436982435728858,
      "mae": 0.773799698688294,
      "nemd": 0.8259678253746221,
      "ocr_text": 0.6432748538011696,
      "psnr": 0.21478290748199708,
      "ssim": 0.4753611087799072
    },
    "home": {
      "dists": 0.8104334473609924,
      "lpips": 0.5322601795196533,
      "ms_ssim": 0.4059596061706543,
      "websight": 0.5456597226217759,
      "ciede2000": 0.6035727485343156,
      "mae": 0.8073275196246883,
      "nemd": 0.9215519342061991,
      "ocr_text": 0.6889352818371608,
      "psnr": 0.23917784649793675,
      "ssim": 0.44269463419914246
    },
    "latest": {
      "dists": 0.8048296570777893,
      "lpips": 0.5569077730178833,
      "ms_ssim": 0.4497809410095215,
      "websight": 0.6123139985948421,
      "ciede2000": 0.7524695575631941,
      "mae": 0.872581040181224,
      "nemd": 0.9187682483814381,
      "ocr_text": 0.8127853881278538,
      "psnr": 0.2985738555213675,
      "ssim": 0.487872451543808
    },
    "newsletter": {
      "dists": 0.817979097366333,
      "lpips": 0.57905513048172,
      "ms_ssim": 0.4539194107055664,
      "websight": 0.5861074262811231,
      "ciede2000": 0.6656491036771197,
      "mae": 0.8352682507309493,
      "nemd": 0.9068343476582866,
      "ocr_text": 0.6308068459657702,
      "psnr": 0.25050589205389934,
      "ssim": 0.4390202462673187
    }
  },
  "aggregate": {
    "dists": 0.8118249773979187,
    "lpips": 0.5765271087487539,
    "ms_ssim": 0.49205180009206134,
    "websight": 0.6045701509082401,
    "ciede2000": 0.6747958520693819,
    "mae": 0.8379290197212258,
    "nemd": 0.8996244193329518,
    "ocr_text": 0.7224178038622084,
    "psnr": 0.2648299173157046,
    "ssim": 0.496307169397672
  },
  "missing": []
}