{
  "per_page": {
    "home": {
      "dists": 0.8095977902412415,
      "lpips": 0.4902545213699341,
      "ms_ssim": 0.41460227966308594,
      "websight": 0.5377570751721297,
      "ciede2000": 0.5443644553975111,
      "mae": 0.8358829277445801,
      "nemd": 0.9654548068999254,
      "psnr": 0.26256017645394564,
      "ssim": 0.3588334619998932
    },
    "messages": {
      "dists": 0.814209520816803,
      "lpips": 0.5762528479099274,
      "ms_ssim": 0.451998233795166,
      "websight": 0.581888962875713,
      "ciede2000": 0.6213982298268839,
      "mae": 0.8502635480180141,
      "nemd": 0.9343837401797574,
      "psnr": 0.25680208874649374,
      "ssim": 0.4040939509868622
    },
    "notifications": {
      "dists": 0.8311597108840942,
      "lpips": 0.4546365737915039,
      "ms_ssim": 0.36083516478538513,
      "websight": 0.5191392566280802,
      "ciede2000": 0.48935746046857753,
      "mae": 0.8272223452104857,
      "nemd": 0.9653526641955084,
      "psnr": 0.256162596038761,
      "ssim": 0.32335153222084045
    },
    "profile": {
      "dists": 0.865433931350708,
      "lpips": 0.5559148490428925,
      "ms_ssim": 0.4062667191028595,
      "websight": 0.5775756824192743,
      "ciede2000": 0.6918886817661052,
      "mae": 0.8892509139414064,
      "nemd": 0.9924801722484656,
      "psnr": 0.2928449574521562,
      "ssim": 0.38663697242736816
    },
    "search": {
      "dists": 0.8666450381278992,
      "lpips": 0.5520418882369995,
      "ms_ssim": 0.3375154435634613,
      "websight": 0.5410295054863553,
      "ciede2000": 0.6795295202419439,
      "mae": 0.8836386283545676,
      "nemd": 0.9852140466989887,
      "psnr": 0.28982818928966075,
      "ssim": 0.3056497871875763
    }
  },
  "aggregate": {
    "dists": 0.8374091982841492,
    "lpips": 0.5258201360702515,
    "ms_ssim": 0.3942435681819916,
    "websight": 0.5514780965163105,
    "ciede2000": 0.6053076695402043,
    "mae": 0.8572516726538109,
    "nemd": 0.9685770860445292,
    "psnr": 0.2716396015962035,
    "ssim": 0.35571314096450807
  },
  "missing": []
}