{
  "per_page": {
    "about": {
      "ciede2000": 0.8974915116190321,
      "mae": 0.9466318516979614,
      "nemd": 0.9919316370528113,
      "psnr": 0.3563317868022677,
      "ssim": 0.6518904566764832
    },
    "cart": {
      "ciede2000": 0.888845583690713,
      "mae": 0.9361539397110603,
      "nemd": 0.9881388447182635,
      "psnr": 0.33538486037638837,
      "ssim": 0.6578217148780823
    },
    "category": {
      "ciede2000": 0.8485200103955198,
      "mae": 0.919451083127862,
      "nemd": 0.9840268681387225,
      "psnr": 0.3204725655278029,
      "ssim": 0.6060799956321716
    },
    "faq": {
      "ciede2000": 0.9251430749292417,
      "mae": 0.9603286125280701,
      "nemd": 0.9908945967293553,
      "psnr": 0.38228054063067773,
      "ssim": 0.6682700514793396
    },
    "home": {
      "ciede2000": 0.9044380355349693,
      "mae": 0.9518363253523859,
      "nemd": 0.9772129184042215,
      "psnr": 0.3620724325085925,
      "ssim": 0.7093262672424316
    },
    "wishlist": {
      "ciede2000": 0.9048829504208372,
      "mae": 0.9523845568825082,
      "nemd": 0.9876590732604673,
      "psnr": 0.3617838090024107,
      "ssim": 0.7240958213806152
    }
  },
  "aggregate": {
    "ciede2000": 0.8948868610983854,
    "mae": 0.9444643948833079,
    "nemd": 0.9866439897173068,
    "psnr": 0.35305433247469,
    "ssim": 0.6695807178815206
  },
  "missing": []
}