{
  "per_page": {
    "home": {
      "dists": 0.8332827091217041,
      "lpips": 0.6474080085754395,
      "ms_ssim": 0.5460625290870667,
      "websight": 0.6219374153022452,
      "ciede2000": 0.7796954840847696,
      "mae": 0.87520790823854,
      "nemd": 0.9704477748483352,
      "psnr": 0.2821044915181132,
      "ssim": 0.5844744443893433
    },
    "post": {
      "dists": 0.8302509784698486,
      "lpips": 0.5860143303871155,
      "ms_ssim": 0.421212762594223,
      "websight": 0.6417576497395833,
      "ciede2000": 0.7584565187840748,
      "mae": 0.8576502745835176,
      "nemd": 0.9624276537086531,
      "psnr": 0.2753224055960355,
      "ssim": 0.4742209017276764
    },
    "resume": {
      "dists": 0.8293610215187073,
      "lpips": 0.5721185505390167,
      "ms_ssim": 0.4253558814525604,
      "websight": 0.6078207555549597,
      "ciede2000": 0.7507638643561942,
      "mae": 0.8511542589935703,
      "nemd": 0.9749585484726104,
      "psnr": 0.269008563201411,
      "ssim": 0.4267643392086029
    },
    "services": {
      "dists": 0.8150982856750488,
      "lpips": 0.5634475946426392,
      "ms_ssim": 0.4447917938232422,
      "websight": 0.6334937890733577,
      "ciede2000": 0.7482852361500612,
      "mae": 0.8566263939651957,
      "nemd": 0.95795080294351,
      "psnr": 0.27099200188719347,
      "ssim": 0.4826665222644806
    },
    "testimonials": {
      "dists": 0.8352280855178833,
      "lpips": 0.663710743188858,
      "ms_ssim": 0.569019615650177,
      "websight": 0.6922849151481878,
      "ciede2000": 0.7761287588401343,
      "mae": 0.8734561403154282,
      "nemd": 0.9767324970829254,
      "psnr": 0.2768885637627745,
      "ssim": 0.5201683640480042
    }
  },
  "aggregate": {
    "dists": 0.8286442160606384,
    "lpips": 0.6065398454666138,
    "ms_ssim": 0.4812885165214539,
    "websight": 0.6394589049636668,
    "ciede2000": 0.7626659724430469,
    "mae": 0.8628189952192503,
    "nemd": 0.9685034554112069,
    "psnr": 0.27486320519310553,
    "ssim": 0.49765891432762144
  },
  "missing": []
}