{
  "per_page": {
    "about": {
      "dists": 0.8783884644508362,
      "lpips": 0.703635960817337,
      "ms_ssim": 0.6344859600067139,
      "websight": 0.7597265733826545,
      "ciede2000": 0.8942836773311785,
      "mae": 0.941811744425318,
      "nemd": 0.9865983265896979,
      "psnr": 0.3576252744630029,
      "ssim": 0.6485442519187927
    },
    "cart": {
      "dists": 0.8541363477706909,
      "lpips": 0.7253439724445343,
      "ms_ssim": 0.6801640391349792,
      "websight": 0.774049348230903,
      "ciede2000": 0.8889904038977154,
      "mae": 0.9343123075773078,
      "nemd": 0.9796142791415992,
      "psnr": 0.33668939036844037,
      "ssim": 0.6546390652656555
    },
    "category": {
      "dists": 0.8452094197273254,
      "lpips": 0.6474388241767883,
      "ms_ssim": 0.556248128414154,
      "websight": 0.7187994148647577,
      "ciede2000": 0.840863867411231,
      "mae": 0.9136773250883853,
      "nemd": 0.9774059839305764,
      "psnr": 0.3189705217399364,
      "ssim": 0.5714946389198303
    },
    "faq": {
      "dists": 0.8706152439117432,
      "lpips": 0.7312623858451843,
      "ms_ssim": 0.635797917842865,
      "websight": 0.7870849145942902,
      "ciede2000": 0.9250092008904705,
      "mae": 0.9558219617887403,
      "nemd": 0.9886156699511754,
      "psnr": 0.3810883300879475,
      "ssim": 0.6520450115203857
    },
    "home": {
      "dists": 0.880162239074707,
      "lpips": 0.7705457508563995,
      "ms_ssim": 0.7226372361183167,
      "websight": 0.8146476558656518,
      "ciede2000": 0.9067401168987472,
      "mae": 0.9496163968999405,
      "nemd": 0.9812510807658169,
      "psnr": 0.3670460400285885,
      "ssim": 0.7227064967155457
    },
    "wishlist": {
      "dists": 0.8832654356956482,
      "lpips": 0.7690892219543457,
      "ms_ssim": 0.6968802809715271,
      "websight": 0.8046521497597485,
      "ciede2000": 0.902787590371758,
      "mae": 0.9473339429904432,
      "nemd": 0.9814418072628408,
      "psnr": 0.36148306504012306,
      "ssim": 0.6956019401550293
    }
  },
  "aggregate": {
    "dists": 0.8686295251051585,
    "lpips": 0.7245526860157648,
    "ms_ssim": 0.654368927081426,
    "websight": 0.776493342783001,
    "ciede2000": 0.8931124761335169,
    "mae": 0.9404289464616893,
    "nemd": 0.9824878579402845,
    "psnr": 0.3538171036213398,
    "ssim": 0.6575052340825399
  },
  "missing": []
}