{
  "per_page": {
    "about": {
      "dists": 0.813339352607727,
      "lpips": 0.7682769149541855,
      "ms_ssim": 0.6790194511413574,
      "websight": 0.7840880482266638,
      "ciede2000": 0.8734658187500849,
      "mae": 0.9519448468276199,
      "nemd": 0.9903666687703727,
      "psnr": 0.3586151775628701,
      "ssim": 0.6783578991889954
    },
    "home": {
      "dists": 0.7942786812782288,
      "lpips": 0.6656181812286377,
      "ms_ssim": 0.5868342518806458,
      "websight": 0.6949989179960582,
      "ciede2000": 0.8465324093703774,
      "mae": 0.9384771345246959,
      "nemd": 0.9859958774228637,
      "psnr": 0.34332261941662745,
      "ssim": 0.5947972536087036
    },
    "press": {
      "dists": 0.8231054544448853,
      "lpips": 0.6694926619529724,
      "ms_ssim": 0.6085250973701477,
      "websight": 0.7358895497146624,
      "ciede2000": 0.8560960630948564,
      "mae": 0.9452626685107111,
      "nemd": 0.983840716018069,
      "psnr": 0.3543868900192821,
      "ssim": 0.6101627945899963
    },
    "team": {
      "dists": 0.8351057767868042,
      "lpips": 0.7544490694999695,
      "ms_ssim": 0.7041898369789124,
      "websight": 0.7926427431049801,
      "ciede2000": 0.875553414432869,
      "mae": 0.9529493143662694,
      "nemd": 0.9848971126150912,
      "psnr": 0.37169209147719,
      "ssim": 0.6701181530952454
    },
    "testimonials": {
      "dists": 0.799809455871582,
      "lpips": 0.737796276807785,
      "ms_ssim": 0.6480515599250793,
      "websight": 0.7616459650584265,
      "ciede2000": 0.8638404977285881,
      "mae": 0.9479240218751701,
      "nemd": 0.9848730122451241,
      "psnr": 0.35974139156576845,
      "ssim": 0.6111630797386169
    }
  },
  "aggregate": {
    "dists": 0.8131277441978455,
    "lpips": 0.71912662088871,
    "ms_ssim": 0.6453240394592286,
    "websight": 0.7538530448201582,
    "ciede2000": 0.8630976406753552,
    "mae": 0.9473115972208934,
    "nemd": 0.9859946774143042,
    "psnr": 0.35755163400834766,
    "ssim": 0.6329198360443116
  },
  "missing": []
}