{
  "per_page": {
    "contact": {
      "dists": 0.7873204946517944,
      "lpips": 0.5201698839664459,
      "ms_ssim": 0.1822773963212967,
      "websight": 0.5314894772814092,
      "ciede2000": 0.6518286650747417,
      "mae": 0.8126692334950663,
      "nemd": 0.9617591216352791,
      "psnr": 0.23862623065816213,
      "ssim": 0.21001477539539337
    },
    "faq": {
      "dists": 0.7494064569473267,
      "lpips": 0.4756537675857544,
      "ms_ssim": 0.20832423865795135,
      "websight": 0.5367046479146365,
      "ciede2000": 0.6219406079409544,
      "mae": 0.7970095950215835,
      "nemd": 0.9386429605951303,
      "psnr": 0.2382351051852275,
      "ssim": 0.1820107102394104
    },
    "home": {
      "dists": 0.7972493171691895,
      "lpips": 0.5286393165588379,
      "ms_ssim": 0.18909113109111786,
      "websight": 0.544582410560002,
      "ciede2000": 0.6775445498820338,
      "mae": 0.8250415934249901,
      "nemd": 0.9474893391492825,
      "psnr": 0.24772415686974628,
      "ssim": 0.18276631832122803
    },
    "press": {
      "dists": 0.7896206378936768,
      "lpips": 0.5446448922157288,
      "ms_ssim": 0.2484520524740219,
      "websight": 0.5378348500236099,
      "ciede2000": 0.6403534475724149,
      "mae": 0.806744841863299,
      "nemd": 0.9563441031073446,
      "psnr": 0.23454774272612802,
      "ssim": 0.2534433603286743
    },
    "pricing": {
      "dists": 0.8021542429924011,
      "lpips": 0.5587917566299438,
      "ms_ssim": 0.2509132921695709,
      "websight": 0.5785189363562945,
      "ciede2000": 0.6706736931823765,
      "mae": 0.8222581115779646,
      "nemd": 0.9599265408251539,
      "psnr": 0.24277705288665075,
      "ssim": 0.24896924197673798
    },
    "resources": {
      "dists": 0.7868362665176392,
      "lpips": 0.537781298160553,
      "ms_ssim": 0.2827205955982208,
      "websight": 0.5797700048709402,
      "ciede2000": 0.633377310996024,
      "mae": 0.8019243438822699,
      "nemd": 0.9594667569240439,
      "psnr": 0.23330009948005576,
      "ssim": 0.2755349576473236
    },
    "services": {
      "dists": 0.7861379384994507,
      "lpips": 0.5327266156673431,
      "ms_ssim": 0.2541472315788269,
      "websight": 0.5731727963861929,
      "ciede2000": 0.6389506545326618,
      "mae": 0.8062183014545687,
      "nemd": 0.9618864375095741,
      "psnr": 0.23695949972368144,
      "ssim": 0.24426507949829102
    }
  },
  "aggregate": {
    "dists": 0.7855321935244969,
    "lpips": 0.5283439329692295,
    "ms_ssim": 0.23084656255585806,
    "websight": 0.5545818747704407,
    "ciede2000": 0.6478098470258866,
    "mae": 0.8102665743885346,
    "nemd": 0.9550736085351155,
    "psnr": 0.23888141250423597,
    "ssim": 0.2281434919152941
  },
  "missing": []
}