{
  "per_page": {
    "about": {
      "dists": 0.8765995502471924,
      "lpips": 0.7080438733100891,
      "ms_ssim": 0.6283600926399231,
      "websight": 0.7644664251087793,
      "ciede2000": 0.9005027811415404,
      "mae": 0.940619756732158,
      "nemd": 0.983892916497501,
      "psnr": 0.3578234937791917,
      "ssim": 0.6488988995552063
    },
    "cart": {
      "dists": 0.8585603833198547,
      "lpips": 0.729917585849762,
      "ms_ssim": 0.6752011179924011,
      "websight": 0.7838758715998123,
      "ciede2000": 0.8991467421580932,
      "mae": 0.9370001424920695,
      "nemd": 0.9750834454468346,
      "psnr": 0.34240835970597794,
      "ssim": 0.6472517848014832
    },
    "category": {
      "dists": 0.8533445596694946,
      "lpips": 0.6802103817462921,
      "ms_ssim": 0.580360472202301,
      "websight": 0.7264081468616707,
      "ciede2000": 0.8523866665034756,
      "mae": 0.9183449016998683,
      "nemd": 0.9596447770149805,
      "psnr": 0.3221376371742003,
      "ssim": 0.5912427306175232
    },
    "faq": {
      "dists": 0.8708838820457458,
      "lpips": 0.7619650512933731,
      "ms_ssim": 0.6499611735343933,
      "websight": 0.8063556750615438,
      "ciede2000": 0.9317625657284827,
      "mae": 0.9557886219983786,
      "nemd": 0.9860492702669772,
      "psnr": 0.38312002112006327,
      "ssim": 0.6683676242828369
    },
    "home": {
      "dists": 0.8516307473182678,
      "lpips": 0.7417122721672058,
      "ms_ssim": 0.6651950478553772,
      "websight": 0.7882338355457973,
      "ciede2000": 0.8870588083625275,
      "mae": 0.9328558052528415,
      "nemd": 0.957909075484183,
      "psnr": 0.34120313414952136,
      "ssim": 0.6723580360412598
    },
    "wishlist": {
      "dists": 0.8677687048912048,
      "lpips": 0.755279004573822,
      "ms_ssim": 0.6686890125274658,
      "websight": 0.7846198580515238,
      "ciede2000": 0.8908626779118891,
      "mae": 0.9378542416606671,
      "nemd": 0.9700856887015445,
      "psnr": 0.34716150511802274,
      "ssim": 0.6752147674560547
    }
  },
  "aggregate": {
    "dists": 0.8631313045819601,
    "lpips": 0.7295213614900907,
    "ms_ssim": 0.6446278194586436,
    "websight": 0.7756599687048545,
    "ciede2000": 0.8936200403010014,
    "mae": 0.9370772449726639,
    "nemd": 0.9721108622353368,
    "psnr": 0.3489756918411629,
    "ssim": 0.6505556404590607
  },
  "missing": []
}