{
  "per_page": {
    "home": {
      "dists": 0.8134173154830933,
      "lpips": 0.5953147709369659,
      "ms_ssim": 0.2892374098300934,
      "websight": 0.5768005320319424,
      "ciede2000": 0.5307269979721085,
      "mae": 0.7556631100217865,
      "nemd": 0.9761495686848958,
      "psnr": 0.1905086455913558,
      "ssim": 0.34970715641975403
    },
    "profile": {
      "dists": 0.8043588399887085,
      "lpips": 0.5171899795532227,
      "ms_ssim": 0.06602177023887634,
      "websight": 0.4104958706203548,
      "ciede2000": 0.4439005954133103,
      "mae": 0.7018852205882353,
      "nemd": 0.9717665920681424,
      "psnr": 0.17004628354509962,
      "ssim": 0.2389770746231079
    },
    "search": {
      "dists": 0.8227927684783936,
      "lpips": 0.5734612345695496,
      "ms_ssim": 0.24011923372745514,
      "websight": 0.518616169844706,
      "ciede2000": 0.48104783594399525,
      "mae": 0.7276593654684096,
      "nemd": 0.9706582207573784,
      "psnr": 0.17825309335975595,
      "ssim": 0.28003862500190735
    },
    "settings": {
      "dists": 0.8434967398643494,
      "lpips": 0.6270273625850677,
      "ms_ssim": 0.3592883348464966,
      "websight": 0.574599686421846,
      "ciede2000": 0.6870693420710003,
      "mae": 0.8300508727721343,
      "nemd": 0.9687240714158718,
      "psnr": 0.23295283618548818,
      "ssim": 0.3363635241985321
    },
    "trending": {
      "dists": 0.852946400642395,
      "lpips": 0.6425263285636902,
      "ms_ssim": 0.45895853638648987,
      "websight": 0.648030804402354,
      "ciede2000": 0.7055941212920874,
      "mae": 0.8380233699984059,
      "nemd": 0.9717408999724763,
      "psnr": 0.24022453447474407,
      "ssim": 0.39557918906211853
    }
  },
  "aggregate": {
    "dists": 0.8274024128913879,
    "lpips": 0.5911039352416992,
    "ms_ssim": 0.28272505700588224,
    "websight": 0.5457086126642406,
    "ciede2000": 0.5696677785385004,
    "mae": 0.7706563877697944,
    "nemd": 0.9718078705797529,
    "psnr": 0.2023970786312887,
    "ssim": 0.320133113861084
  },
  "missing": []
}