{
  "per_page": {
    "home": {
      "dists": 0.8355457782745361,
      "lpips": 0.5975516438484192,
      "ms_ssim": 0.2992447018623352,
      "websight": 0.572313410200947,
      "ciede2000": 0.656729260015884,
      "mae": 0.8165434872004358,
      "nemd": 0.97656209242079,
      "psnr": 0.22277580676486286,
      "ssim": 0.3222338855266571
    },
    "profile": {
      "dists": 0.8229309320449829,
      "lpips": 0.5415713787078857,
      "ms_ssim": 0.23844914138317108,
      "websight": 0.48072756075107304,
      "ciede2000": 0.5884818158306772,
      "mae": 0.7778982121459694,
      "nemd": 0.9725431972927516,
      "psnr": 0.20482903844326814,
      "ssim": 0.2536573112010956
    },
    "search": {
      "dists": 0.8510643243789673,
      "lpips": 0.6171483993530273,
      "ms_ssim": 0.3268626034259796,
      "websight": 0.5412075510881479,
      "ciede2000": 0.6622955480036485,
      "mae": 0.8155098447712419,
      "nemd": 0.9760403754340278,
      "psnr": 0.22294676569638,
      "ssim": 0.2875898778438568
    },
    "settings": {
      "dists": 0.8590686917304993,
      "lpips": 0.5936384797096252,
      "ms_ssim": 0.3245067000389099,
      "websight": 0.5500477675942407,
      "ciede2000": 0.6960740050375469,
      "mae": 0.8302961952384702,
      "nemd": 0.9753762589420181,
      "psnr": 0.23415253386010554,
      "ssim": 0.356952041387558
    },
    "trending": {
      "dists": 0.8483414053916931,
      "lpips": 0.625470757484436,
      "ms_ssim": 0.3948686122894287,
      "websight": 0.6082358742792775,
      "ciede2000": 0.6845550750878899,
      "mae": 0.8277071390615867,
      "nemd": 0.9775324528391768,
      "psnr": 0.23164731787705525,
      "ssim": 0.37098705768585205
    }
  },
  "aggregate": {
    "dists": 0.8433902263641357,
    "lpips": 0.5950761318206788,
    "ms_ssim": 0.3167863517999649,
    "websight": 0.5505064327827373,
    "ciede2000": 0.6576271407951294,
    "mae": 0.8135909756835409,
    "nemd": 0.9756108753857529,
    "psnr": 0.22327029252833439,
    "ssim": 0.3182840347290039
  },
  "missing": []
}