{
  "per_page": {
    "blog": {
      "dists": 0.8528629541397095,
      "lpips": null,
      "ms_ssim": 0.3295104503631592,
      "websight": null,
      "ciede2000": 0.5869923973320754,
      "mae": 0.8023931020361361,
      "nemd": 0.9644725901668232,
      "psnr": 0.22424174137755626,
      "ssim": 0.24903732538223267
    },
    "changelog": {
      "dists": 0.8679922223091125,
      "lpips": null,
      "ms_ssim": 0.3455841839313507,
      "websight": 0.593558248364445,
      "ciede2000": 0.6465444102267264,
      "mae": 0.8232774608200151,
      "nemd": 0.9679469174226591,
      "psnr": 0.22719003065779247,
      "ssim": 0.2644641399383545
    },
    "dashboard": {
      "dists": 0.8529874086380005,
      "lpips": 0.6253171265125275,
      "ms_ssim": 0.3574496805667877,
      "websight": 0.5385181185077218,
      "ciede2000": 0.6219336392931081,
      "mae": 0.808565042616779,
      "nemd": 0.9736959202135924,
      "psnr": 0.21856929445355844,
      "ssim": 0.286334365606308
    },
    "docs": {
      "dists": 0.8837175965309143,
      "lpips": 0.7188709080219269,
      "ms_ssim": 0.5476744771003723,
      "websight": 0.7027159060345215,
      "ciede2000": 0.7261783030668729,
      "mae": 0.8641487345985931,
      "nemd": 0.9790241045566709,
      "psnr": 0.2499791800018684,
      "ssim": 0.48309674859046936
    },
    "features": {
      "dists": 0.8747506737709045,
      "lpips": 0.6226254105567932,
      "ms_ssim": 0.40632525086402893,
      "websight": 0.6388418166914084,
      "ciede2000": 0.6367227720869304,
      "mae": 0.8236965914821937,
      "nemd": 0.966195425856821,
      "psnr": 0.22527405321121802,
      "ssim": 0.34359240531921387
    },
    "home": {
      "dists": 0.859445333480835,
      "lpips": 0.6871643960475922,
      "ms_ssim": 0.4802720546722412,
      "websight": 0.6801063212481412,
      "ciede2000": 0.6980014922999722,
      "mae": 0.852669865339553,
      "nemd": 0.9764091224858603,
      "psnr": 0.24235608074480414,
      "ssim": 0.40139248967170715
    },
    "pricing": {
      "dists": 0.873167097568512,
      "lpips": 0.589274138212204,
      "ms_ssim": 0.3525398075580597,
      "websight": 0.5511999992627065,
      "ciede2000": 0.6419867628467999,
      "mae": 0.8227273766731422,
      "nemd": 0.9648434071992084,
      "psnr": 0.2279105456316218,
      "ssim": 0.3009554147720337
    }
  },
  "aggregate": {
    "dists": 0.8664176123482841,
    "lpips": 0.6486503958702088,
    "ms_ssim": 0.4027651292937143,
    "websight": 0.6174900683514908,
    "ciede2000": 0.6511942538789264,
    "mae": 0.8282111676523446,
    "nemd": 0.970369641128805,
    "psnr": 0.2307887037254885,
    "ssim": 0.3326961270400456
  },
  "missing": []
}