{
  "per_page": {
    "about": {
      "dists": 0.8369810581207275,
      "lpips": 0.6676224172115326,
      "ms_ssim": 0.5780298113822937,
      "websight": 0.7293697826202021,
      "ciede2000": 0.8946369408492129,
      "mae": 0.9498135776532836,
      "nemd": 0.9968665237253755,
      "psnr": 0.34955501107608267,
      "ssim": 0.5897588729858398
    },
    "home": {
      "dists": 0.8176365494728088,
      "lpips": 0.6298813223838806,
      "ms_ssim": 0.5594625473022461,
      "websight": 0.6788672680499919,
      "ciede2000": 0.8845268748107807,
      "mae": 0.9478305958881443,
      "nemd": 0.9937303811890161,
      "psnr": 0.3475760512908831,
      "ssim": 0.5913118720054626
    },
    "press": {
      "dists": 0.8213220238685608,
      "lpips": 0.6511634886264801,
      "ms_ssim": 0.5657761693000793,
      "websight": 0.71415514018123,
      "ciede2000": 0.8870235682040444,
      "mae": 0.9463320776357567,
      "nemd": 0.9907538369518363,
      "psnr": 0.3460656964593029,
      "ssim": 0.5786754488945007
    },
    "team": {
      "dists": 0.8218599557876587,
      "lpips": 0.6648885905742645,
      "ms_ssim": 0.5915655493736267,
      "websight": 0.7438583838998976,
      "ciede2000": 0.8782414529402957,
      "mae": 0.942144754547846,
      "nemd": 0.994362998308904,
      "psnr": 0.34421608378254676,
      "ssim": 0.5775510668754578
    },
    "testimonials": {
      "dists": 0.8206812143325806,
      "lpips": 0.6506693959236145,
      "ms_ssim": 0.5347046256065369,
      "websight": 0.7042455709460317,
      "ciede2000": 0.8871094882224605,
      "mae": 0.9466483595134014,
      "nemd": 0.9922851438284142,
      "psnr": 0.35110301844679936,
      "ssim": 0.5289638638496399
    }
  },
  "aggregate": {
    "dists": 0.8236961603164673,
    "lpips": 0.6528450429439545,
    "ms_ssim": 0.5659077405929566,
    "websight": 0.7140992291394707,
    "ciede2000": 0.886307665005359,
    "mae": 0.9465538730476863,
    "nemd": 0.9935997768007091,
    "psnr": 0.34770317221112296,
    "ssim": 0.5732522249221802
  },
  "missing": []
}