{
  "per_page": {
    "about": {
      "dists": 0.8840723633766174,
      "lpips": 0.7528902888298035,
      "ms_ssim": 0.6910861134529114,
      "websight": 0.7999258442003218,
      "ciede2000": 0.910591281499606,
      "mae": 0.9513172811842531,
      "nemd": 0.98814291432134,
      "psnr": 0.36788423168713597,
      "ssim": 0.699171781539917
    },
    "cart": {
      "dists": 0.8753161430358887,
      "lpips": 0.7741033434867859,
      "ms_ssim": 0.7319537997245789,
      "websight": 0.8061520687959812,
      "ciede2000": 0.9159182873296098,
      "mae": 0.949313910807751,
      "nemd": 0.9904079801001833,
      "psnr": 0.35312113616554536,
      "ssim": 0.7118452191352844
    },
    "category": {
      "dists": 0.8782930374145508,
      "lpips": 0.6958884596824646,
      "ms_ssim": 0.6048242449760437,
      "websight": 0.7419543119822686,
      "ciede2000": 0.8799480631294974,
      "mae": 0.933733793850208,
      "nemd": 0.9852162492235581,
      "psnr": 0.33868129913862804,
      "ssim": 0.6063600182533264
    },
    "faq": {
      "dists": 0.8729928731918335,
      "lpips": 0.7906704246997833,
      "ms_ssim": 0.702464759349823,
      "websight": 0.8212340929016607,
      "ciede2000": 0.9400838666765484,
      "mae": 0.9643479459474972,
      "nemd": 0.9875223773240258,
      "psnr": 0.39460920300997776,
      "ssim": 0.7106003165245056
    },
    "home": {
      "dists": 0.884597659111023,
      "lpips": 0.7617698609828949,
      "ms_ssim": 0.705049991607666,
      "websight": 0.7936215062033046,
      "ciede2000": 0.9042446453596927,
      "mae": 0.9470350537860999,
      "nemd": 0.9789448935210359,
      "psnr": 0.3573863249853254,
      "ssim": 0.7043740749359131
    },
    "wishlist": {
      "dists": 0.8989741206169128,
      "lpips": 0.8022973090410233,
      "ms_ssim": 0.7291879057884216,
      "websight": 0.8264372997313926,
      "ciede2000": 0.9201553030197778,
      "mae": 0.9555916223760923,
      "nemd": 0.9866675490179535,
      "psnr": 0.37049671474207324,
      "ssim": 0.7179901599884033
    }
  },
  "aggregate": {
    "dists": 0.8823743661244711,
    "lpips": 0.7629366144537926,
    "ms_ssim": 0.6940944691499075,
    "websight": 0.798220853969155,
    "ciede2000": 0.9118235745024553,
    "mae": 0.9502232679919835,
    "nemd": 0.9861503272513494,
    "psnr": 0.36369648495478096,
    "ssim": 0.6917235950628916
  },
  "missing": []
}