{
  "per_page": {
    "blog": {
      "dists": 0.7978664040565491,
      "lpips": 0.457653284072876,
      "ms_ssim": 0.3532297611236572,
      "websight": 0.5112293004351288,
      "ciede2000": 0.5835824528845381,
      "mae": 0.7833844635717938,
      "nemd": 0.924960126957727,
      "psnr": 0.24334351845753915,
      "ssim": 0.37812408804893494
    },
    "courses": {
      "dists": 0.8019688725471497,
      "lpips": 0.4688137173652649,
      "ms_ssim": 0.3418545424938202,
      "websight": 0.5344617146149017,
      "ciede2000": 0.6625393969383581,
      "mae": 0.8307409855221158,
      "nemd": 0.9495018012468206,
      "psnr": 0.2732193078403843,
      "ssim": 0.37706100940704346
    },
    "faq": {
      "dists": 0.7676972150802612,
      "lpips": 0.5139523148536682,
      "ms_ssim": 0.4512454569339752,
      "websight": 0.589781867752194,
      "ciede2000": 0.5999270636191638,
      "mae": 0.806717617279836,
      "nemd": 0.9257206109863128,
      "psnr": 0.26107295836227296,
      "ssim": 0.3988877832889557
    },
    "home": {
      "dists": 0.7764409184455872,
      "lpips": 0.42572301626205444,
      "ms_ssim": 0.35573771595954895,
      "websight": 0.44046617142288147,
      "ciede2000": 0.5532758904207216,
      "mae": 0.7840908597419767,
      "nemd": 0.9180431353986427,
      "psnr": 0.24534251293980072,
      "ssim": 0.32014167308807373
    },
    "instructors": {
      "dists": 0.7812336683273315,
      "lpips": 0.4318384528160095,
      "ms_ssim": 0.3617102801799774,
      "websight": 0.4984264314174652,
      "ciede2000": 0.5623278546613923,
      "mae": 0.779348551227939,
      "nemd": 0.9344736104902267,
      "psnr": 0.2412113046694511,
      "ssim": 0.3238319158554077
    },
    "resources": {
      "dists": 0.806490957736969,
      "lpips": 0.4917490482330322,
      "ms_ssim": 0.3750423491001129,
      "websight": 0.5442636527798393,
      "ciede2000": 0.6709398605484932,
      "mae": 0.8326684573634522,
      "nemd": 0.9382386812503808,
      "psnr": 0.2751138437334596,
      "ssim": 0.4050717055797577
    },
    "schedule": {
      "dists": 0.8104742169380188,
      "lpips": 0.5504626035690308,
      "ms_ssim": 0.40182697772979736,
      "websight": 0.5833261486163921,
      "ciede2000": 0.6821466244174741,
      "mae": 0.84261287813971,
      "nemd": 0.9462997872619583,
      "psnr": 0.2742720583093175,
      "ssim": 0.38226959109306335
    }
  },
  "aggregate": {
    "dists": 0.7917388933045524,
    "lpips": 0.47717034816741943,
    "ms_ssim": 0.37723529764584135,
    "websight": 0.5288507552912576,
    "ciede2000": 0.6163913062128773,
    "mae": 0.8085091161209749,
    "nemd": 0.9338911076560098,
    "psnr": 0.2590822149017465,
    "ssim": 0.3693411094801767
  },
  "missing": []
}