{
  "per_page": {
    "events": {
      "dists": 0.7486172914505005,
      "lpips": 0.4283204674720764,
      "ms_ssim": 0.4638233482837677,
      "websight": 0.5349739428722496,
      "ciede2000": 0.7340698444789349,
      "mae": 0.8958930288298894,
      "nemd": 0.9783488094732626,
      "psnr": 0.3211764800607011,
      "ssim": 0.44585326313972473
    },
    "home": {
      "dists": 0.6968346834182739,
      "lpips": 0.32286953926086426,
      "ms_ssim": 0.43434420228004456,
      "websight": 0.46117036541302997,
      "ciede2000": 0.6453682365073403,
      "mae": 0.8701959621249481,
      "nemd": 0.9792955770523173,
      "psnr": 0.2877009502136792,
      "ssim": 0.4063607156276703
    },
    "login": {
      "dists": 0.7724894881248474,
      "lpips": 0.42059147357940674,
      "ms_ssim": 0.6301106810569763,
      "websight": 0.5921452340038343,
      "ciede2000": 0.7561916550813629,
      "mae": 0.9195508510961943,
      "nemd": 0.9813816838078312,
      "psnr": 0.3362050702327561,
      "ssim": 0.6453281044960022
    },
    "saved": {
      "dists": 0.6976004242897034,
      "lpips": 0.3696209788322449,
      "ms_ssim": 0.4604191780090332,
      "websight": 0.45021557374220916,
      "ciede2000": 0.7041807526652221,
      "mae": 0.8912305451700454,
      "nemd": 0.9809953678799215,
      "psnr": 0.31042400182284813,
      "ssim": 0.4278770983219147
    },
    "search": {
      "dists": 0.7078837156295776,
      "lpips": 0.4077029824256897,
      "ms_ssim": 0.4467935562133789,
      "websight": 0.5001570946498319,
      "ciede2000": 0.7094639504080111,
      "mae": 0.8880258344491729,
      "nemd": 0.9788160203130283,
      "psnr": 0.307018178383762,
      "ssim": 0.40755704045295715
    }
  },
  "aggregate": {
    "dists": 0.7246851205825806,
    "lpips": 0.3898210883140564,
    "ms_ssim": 0.4870981931686401,
    "websight": 0.5077324421362311,
    "ciede2000": 0.7098548878281743,
    "mae": 0.89297924433405,
    "nemd": 0.9797674917052721,
    "psnr": 0.3125049361427493,
    "ssim": 0.4665952444076538
  },
  "missing": []
}