{
  "per_page": {
    "about": {
      "dists": 0.8850469589233398,
      "lpips": 0.7422662377357483,
      "ms_ssim": 0.6833236217498779,
      "websight": 0.795874184888342,
      "ciede2000": 0.9025199805922093,
      "mae": 0.9443677995752623,
      "nemd": 0.9789496116497041,
      "psnr": 0.3733731185813747,
      "ssim": 0.6867435574531555
    },
    "cart": {
      "dists": 0.8629015684127808,
      "lpips": 0.7486988306045532,
      "ms_ssim": 0.7025465965270996,
      "websight": 0.789204902048652,
      "ciede2000": 0.9036322234530889,
      "mae": 0.9414710811176985,
      "nemd": 0.9829765207725261,
      "psnr": 0.35323685680888944,
      "ssim": 0.6806511282920837
    },
    "category": {
      "dists": 0.8718271851539612,
      "lpips": 0.7037587761878967,
      "ms_ssim": 0.6054703593254089,
      "websight": 0.749146549569236,
      "ciede2000": 0.8790529673097711,
      "mae": 0.93113110054401,
      "nemd": 0.9815953221324278,
      "psnr": 0.34395910764622534,
      "ssim": 0.6037170886993408
    },
    "faq": {
      "dists": 0.8687007427215576,
      "lpips": 0.7475387156009674,
      "ms_ssim": 0.6455920338630676,
      "websight": 0.7946462230707603,
      "ciede2000": 0.9171063477852555,
      "mae": 0.9499304282086051,
      "nemd": 0.9802858926470883,
      "psnr": 0.38060279662020097,
      "ssim": 0.6631824374198914
    },
    "home": {
      "dists": 0.8771960735321045,
      "lpips": 0.7633019387722015,
      "ms_ssim": 0.7066988348960876,
      "websight": 0.8120430471515162,
      "ciede2000": 0.9004780978667976,
      "mae": 0.9434538202179541,
      "nemd": 0.9784925590835306,
      "psnr": 0.3669357275390237,
      "ssim": 0.7074100375175476
    },
    "wishlist": {
      "dists": 0.882666826248169,
      "lpips": 0.7709877490997314,
      "ms_ssim": 0.7002143859863281,
      "websight": 0.8091708163893413,
      "ciede2000": 0.9006997525241834,
      "mae": 0.9427424688377871,
      "nemd": 0.979113461059834,
      "psnr": 0.3647104036071151,
      "ssim": 0.6967630386352539
    }
  },
  "aggregate": {
    "dists": 0.8747232258319855,
    "lpips": 0.7460920413335165,
    "ms_ssim": 0.6739743053913116,
    "websight": 0.7916809538529747,
    "ciede2000": 0.9005815615885511,
    "mae": 0.942182783083553,
    "nemd": 0.9802355612241852,
    "psnr": 0.3638030018004716,
    "ssim": 0.6730778813362122
  },
  "missing": []
}