{
  "per_page": {
    "home": {
      "dists": 0.8399298191070557,
      "lpips": null,
      "ms_ssim": 0.3212762176990509,
      "websight": 0.5014663954250148,
      "ciede2000": 0.5424654853152584,
      "mae": 0.8308108285489653,
      "nemd": 0.9685941358635497,
      "psnr": 0.266156415400036,
      "ssim": 0.2859000861644745
    },
    "messages": {
      "dists": 0.7970863580703735,
      "lpips": 0.5164342820644379,
      "ms_ssim": 0.3927689790725708,
      "websight": 0.552367360686597,
      "ciede2000": 0.5599979959819621,
      "mae": 0.8312019353789242,
      "nemd": 0.9363460336524458,
      "psnr": 0.25364855353316573,
      "ssim": 0.33764252066612244
    },
    "notifications": {
      "dists": 0.8449385166168213,
      "lpips": 0.5240980386734009,
      "ms_ssim": 0.3741134703159332,
      "websight": 0.5266148679940276,
      "ciede2000": 0.5884886590262359,
      "mae": 0.8464580513388151,
      "nemd": 0.971608201112371,
      "psnr": 0.27730439231309295,
      "ssim": 0.3159622251987457
    },
    "profile": {
      "dists": 0.8383614420890808,
      "lpips": 0.5027590692043304,
      "ms_ssim": 0.3654261529445648,
      "websight": 0.5469002456918756,
      "ciede2000": 0.5843105482141235,
      "mae": 0.8483021121984871,
      "nemd": 0.9670894104016039,
      "psnr": 0.27600064341207936,
      "ssim": 0.34453320503234863
    },
    "search": {
      "dists": 0.8199069499969482,
      "lpips": 0.4610898494720459,
      "ms_ssim": 0.24986569583415985,
      "websight": 0.4322335881669746,
      "ciede2000": 0.5358307226681577,
      "mae": 0.8257067196771182,
      "nemd": 0.9456277059231791,
      "psnr": 0.26478923425860307,
      "ssim": 0.21131531894207
    }
  },
  "aggregate": {
    "dists": 0.8280446171760559,
    "lpips": 0.5010953098535538,
    "ms_ssim": 0.34069010317325593,
    "websight": 0.511916491592898,
    "ciede2000": 0.5622186822411475,
    "mae": 0.8364959294284621,
    "nemd": 0.9578530973906301,
    "psnr": 0.26757984778339544,
    "ssim": 0.29907067120075226
  },
  "missing": []
}