{
  "per_page": {
    "about": {
      "dists": 0.7563900947570801,
      "lpips": 0.5121360421180725,
      "ms_ssim": 0.5347140431404114,
      "websight": 0.5645939066494554,
      "ciede2000": 0.6622964629443163,
      "mae": 0.8952525422013413,
      "nemd": 0.9526487111108279,
      "psnr": 0.3395337339089946,
      "ssim": 0.43379974365234375
    },
    "account": {
      "dists": 0.7953635454177856,
      "lpips": 0.5398326218128204,
      "ms_ssim": 0.5553774237632751,
      "websight": 0.6401646567715539,
      "ciede2000": 0.6791718402041157,
      "mae": 0.8970260671121335,
      "nemd": 0.9479936453726333,
      "psnr": 0.3399662220283378,
      "ssim": 0.4806652069091797
    },
    "cart": {
      "dists": 0.7824106216430664,
      "lpips": 0.5524625778198242,
      "ms_ssim": 0.5781202912330627,
      "websight": 0.5861141305038894,
      "ciede2000": 0.6892596534322419,
      "mae": 0.903247264544366,
      "nemd": 0.9516522238722052,
      "psnr": 0.34752582658509096,
      "ssim": 0.4887382686138153
    },
    "contact": {
      "dists": 0.7679592370986938,
      "lpips": 0.490661084651947,
      "ms_ssim": 0.5301550626754761,
      "websight": 0.6353855705668784,
      "ciede2000": 0.6875558274278906,
      "mae": 0.9023489971109216,
      "nemd": 0.9474704171148476,
      "psnr": 0.3460279177817997,
      "ssim": 0.45858946442604065
    },
    "home": {
      "dists": 0.770542323589325,
      "lpips": 0.48735320568084717,
      "ms_ssim": 0.46845731139183044,
      "websight": 0.5589201454321543,
      "ciede2000": 0.63211890887939,
      "mae": 0.8810022497187852,
      "nemd": 0.9476104595201966,
      "psnr": 0.3148979343311061,
      "ssim": 0.44856810569763184
    },
    "shipping": {
      "dists": 0.7483522891998291,
      "lpips": 0.48118239641189575,
      "ms_ssim": 0.4664531648159027,
      "websight": 0.550076558192571,
      "ciede2000": 0.6863979018230946,
      "mae": 0.9027237161251391,
      "nemd": 0.9580060224281512,
      "psnr": 0.3422675625757972,
      "ssim": 0.41223230957984924
    },
    "shop": {
      "dists": 0.7698771953582764,
      "lpips": 0.48578858375549316,
      "ms_ssim": 0.4436866044998169,
      "websight": 0.5052273616023447,
      "ciede2000": 0.6556262934680045,
      "mae": 0.8858118886165578,
      "nemd": 0.9537491054958769,
      "psnr": 0.32324812217348664,
      "ssim": 0.410388320684433
    }
  },
  "aggregate": {
    "dists": 0.770127901009151,
    "lpips": 0.5070595017501286,
    "ms_ssim": 0.5109948430742536,
    "websight": 0.5772117613884068,
    "ciede2000": 0.6703466983112933,
    "mae": 0.8953446750613206,
    "nemd": 0.951304369273534,
    "psnr": 0.33620961705494473,
    "ssim": 0.44756877422332764
  },
  "missing": []
}