{
  "per_page": {
    "about": {
      "dists": 0.8385741114616394,
      "lpips": 0.7328240871429443,
      "ms_ssim": 0.6488377451896667,
      "websight": 0.7663432531623933,
      "ciede2000": 0.8542940012330682,
      "mae": 0.9485614045618247,
      "nemd": 0.9868116848138995,
      "psnr": 0.3617123110316115,
      "ssim": 0.6414017677307129
    },
    "home": {
      "dists": 0.8303272724151611,
      "lpips": 0.6882079839706421,
      "ms_ssim": 0.6209895610809326,
      "websight": 0.7091753751586042,
      "ciede2000": 0.8392642117102483,
      "mae": 0.9425018025564657,
      "nemd": 0.9813731565837618,
      "psnr": 0.35373083600322025,
      "ssim": 0.6216347217559814
    },
    "press": {
      "dists": 0.8177860379219055,
      "lpips": 0.7228113114833832,
      "ms_ssim": 0.6300793290138245,
      "websight": 0.737210100951783,
      "ciede2000": 0.8344194494873194,
      "mae": 0.943123593730249,
      "nemd": 0.9818152149418877,
      "psnr": 0.35427278580608035,
      "ssim": 0.6156855225563049
    },
    "team": {
      "dists": 0.8458657264709473,
      "lpips": 0.7179462909698486,
      "ms_ssim": 0.66837078332901,
      "websight": 0.7643412853044177,
      "ciede2000": 0.8315488688354209,
      "mae": 0.943576339565754,
      "nemd": 0.9861732353260313,
      "psnr": 0.35937877563129966,
      "ssim": 0.6450125575065613
    },
    "testimonials": {
      "dists": 0.7919523119926453,
      "lpips": 0.6783127188682556,
      "ms_ssim": 0.5813167095184326,
      "websight": 0.7241201779199025,
      "ciede2000": 0.8451304426720524,
      "mae": 0.941758244000653,
      "nemd": 0.978229546842478,
      "psnr": 0.3579308519346523,
      "ssim": 0.5490453243255615
    }
  },
  "aggregate": {
    "dists": 0.8249010920524598,
    "lpips": 0.7080204784870148,
    "ms_ssim": 0.6299188256263732,
    "websight": 0.7402380384994202,
    "ciede2000": 0.8409313947876218,
    "mae": 0.9439042768829893,
    "nemd": 0.9828805677016117,
    "psnr": 0.35740511208137277,
    "ssim": 0.6145559787750244
  },
  "missing": []
}