{
  "per_page": {
    "blog": {
      "ciede2000": 0.6345764567310237,
      "mae": 0.8319070904385146,
      "nemd": 0.9667833928081924,
      "psnr": 0.2392736241523877,
      "ssim": 0.28557130694389343
    },
    "changelog": {
      "ciede2000": 0.6912972716932074,
      "mae": 0.8469376951597763,
      "nemd": 0.9649618419413775,
      "psnr": 0.24123592803039348,
      "ssim": 0.2958703339099884
    },
    "dashboard": {
      "ciede2000": 0.647229706908973,
      "mae": 0.8192759066143191,
      "nemd": 0.9601718425039443,
      "psnr": 0.22567578621560683,
      "ssim": 0.29613354802131653
    },
    "docs": {
      "ciede2000": 0.7461280650987102,
      "mae": 0.8755552658717005,
      "nemd": 0.9817476394448283,
      "psnr": 0.259820692220551,
      "ssim": 0.39670252799987793
    },
    "features": {
      "ciede2000": 0.6603035516004704,
      "mae": 0.8350870718460092,
      "nemd": 0.9632889632946848,
      "psnr": 0.23453377311247128,
      "ssim": 0.2736579179763794
    },
    "home": {
      "ciede2000": 0.7118355011172126,
      "mae": 0.8574516026571146,
      "nemd": 0.9753871044565938,
      "psnr": 0.2508105631180546,
      "ssim": 0.35577914118766785
    },
    "pricing": {
      "ciede2000": 0.7213268531065424,
      "mae": 0.8638174956349758,
      "nemd": 0.9591263832011941,
      "psnr": 0.25137052030264656,
      "ssim": 0.4229612648487091
    }
  },
  "aggregate": {
    "ciede2000": 0.6875282008937342,
    "mae": 0.8471474468889157,
    "nemd": 0.9673524525215449,
    "psnr": 0.24324584102173022,
    "ssim": 0.33238229155540466
  },
  "missing": []
}