{
  "per_page": {
    "events": {
      "dists": 0.8352594375610352,
      "lpips": 0.5105672180652618,
      "ms_ssim": 0.20872171223163605,
      "websight": 0.4807013431281755,
      "ciede2000": 0.5929666058520858,
      "mae": 0.7905673338779956,
      "nemd": 0.9599307426364942,
      "psnr": 0.22900879947900515,
      "ssim": 0.1514873504638672
    },
    "home": {
      "dists": 0.8054460287094116,
      "lpips": 0.5140435099601746,
      "ms_ssim": 0.23508013784885406,
      "websight": 0.4932796640528572,
      "ciede2000": 0.5760256765946037,
      "mae": 0.7889693926104105,
      "nemd": 0.9427616393866494,
      "psnr": 0.22415593466229564,
      "ssim": 0.18401949107646942
    },
    "messages": {
      "dists": 0.8063502311706543,
      "lpips": 0.5058079361915588,
      "ms_ssim": 0.23853571712970734,
      "websight": 0.5159953785448234,
      "ciede2000": 0.5812587215825648,
      "mae": 0.79014857183208,
      "nemd": 0.9517679890342821,
      "psnr": 0.2331831119658157,
      "ssim": 0.23259158432483673
    },
    "notifications": {
      "dists": 0.7839365005493164,
      "lpips": 0.48408210277557373,
      "ms_ssim": 0.1824677735567093,
      "websight": 0.4812324861474071,
      "ciede2000": 0.5635840755363495,
      "mae": 0.7711214557120838,
      "nemd": 0.9069642132393547,
      "psnr": 0.23249651476830155,
      "ssim": 0.15724600851535797
    },
    "search": {
      "dists": 0.8188325762748718,
      "lpips": 0.5487804114818573,
      "ms_ssim": 0.2345607876777649,
      "websight": 0.5255787315049975,
      "ciede2000": 0.6470880647381456,
      "mae": 0.82169386254936,
      "nemd": 0.9606545813878378,
      "psnr": 0.2402709909681526,
      "ssim": 0.19880907237529755
    },
    "settings": {
      "dists": 0.8142943382263184,
      "lpips": 0.6126585304737091,
      "ms_ssim": 0.3343840539455414,
      "websight": 0.5709758766910487,
      "ciede2000": 0.7517924979778464,
      "mae": 0.8758007480200731,
      "nemd": 0.9674171202325349,
      "psnr": 0.26533801259258494,
      "ssim": 0.28171440958976746
    },
    "trending": {
      "dists": 0.7936069369316101,
      "lpips": 0.5037814080715179,
      "ms_ssim": 0.21837222576141357,
      "websight": 0.4977257404571924,
      "ciede2000": 0.6059440980576385,
      "mae": 0.7961538810891929,
      "nemd": 0.9583915287874496,
      "psnr": 0.22913788053415815,
      "ssim": 0.22868366539478302
    }
  },
  "aggregate": {
    "dists": 0.8082465784890311,
    "lpips": 0.5256744452885219,
    "ms_ssim": 0.2360174868788038,
    "websight": 0.5093556029323574,
    "ciede2000": 0.6169513914770335,
    "mae": 0.8049221779558852,
    "nemd": 0.9496982592435147,
    "psnr": 0.23622732071004485,
    "ssim": 0.20493594024862563
  },
  "missing": []
}