{
  "per_page": {
    "about": {
      "dists": 0.8602051734924316,
      "lpips": 0.6178443133831024,
      "ms_ssim": 0.37083935737609863,
      "websight": 0.5807705527715722,
      "ciede2000": 0.7209181791886912,
      "mae": 0.8512023231052935,
      "nemd": 0.9652197571934125,
      "psnr": 0.24974222985209035,
      "ssim": 0.30832597613334656
    },
    "account": {
      "dists": 0.8456637263298035,
      "lpips": 0.6358201205730438,
      "ms_ssim": 0.38532087206840515,
      "websight": 0.41047187236576144,
      "ciede2000": 0.5757708343779855,
      "mae": 0.7793272008772092,
      "nemd": 0.9081893363854363,
      "psnr": 0.21062005354673025,
      "ssim": 0.31368857622146606
    },
    "cart": {
      "dists": 0.8452568054199219,
      "lpips": 0.6966794729232788,
      "ms_ssim": 0.46320781111717224,
      "websight": 0.5772650359254895,
      "ciede2000": 0.7485220636567405,
      "mae": 0.8694150818506414,
      "nemd": 0.953067969176995,
      "psnr": 0.25809718009419963,
      "ssim": 0.42707952857017517
    },
    "faq": {
      "dists": 0.8265475630760193,
      "lpips": 0.5887062549591064,
      "ms_ssim": 0.2687782347202301,
      "websight": 0.5778319810340607,
      "ciede2000": 0.6796305033850853,
      "mae": 0.8265433926914387,
      "nemd": 0.9562478405359841,
      "psnr": 0.23349190767603248,
      "ssim": 0.272235244512558
    },
    "home": {
      "dists": 0.8202701210975647,
      "lpips": 0.5289419293403625,
      "ms_ssim": 0.25643235445022583,
      "websight": 0.5374684692292974,
      "ciede2000": 0.6140525870919076,
      "mae": 0.7827681263990895,
      "nemd": 0.9633737731444194,
      "psnr": 0.21449881350588662,
      "ssim": 0.23526398837566376
    },
    "orders": {
      "dists": 0.8523169755935669,
      "lpips": 0.6893082559108734,
      "ms_ssim": 0.42461642622947693,
      "websight": 0.6141406989645684,
      "ciede2000": 0.7174328833472752,
      "mae": 0.8472357980575408,
      "nemd": 0.9502090279805944,
      "psnr": 0.2428809196447668,
      "ssim": 0.3778129518032074
    }
  },
  "aggregate": {
    "dists": 0.8417100608348846,
    "lpips": 0.6262167245149612,
    "ms_ssim": 0.3615325093269348,
    "websight": 0.5496581017151249,
    "ciede2000": 0.6760545085079475,
    "mae": 0.8260819871635355,
    "nemd": 0.949384617402807,
    "psnr": 0.23488851738661765,
    "ssim": 0.3224010442694028
  },
  "missing": []
}