{
  "per_page": {
    "archive": {
      "dists": 0.8183833360671997,
      "lpips": 0.6707957088947296,
      "ms_ssim": 0.6308901309967041,
      "websight": 0.6815674755522,
      "ciede2000": 0.8326082165385688,
      "mae": 0.9156470387410085,
      "nemd": 0.9515279445541638,
      "ocr_text": 0.74835886214442,
      "psnr": 0.33715239099841576,
      "ssim": 0.6560593247413635
    },
    "author": {
      "dists": 0.8228292465209961,
      "lpips": 0.6740238070487976,
      "ms_ssim": 0.5848717093467712,
      "websight": 0.6753964456704145,
      "ciede2000": 0.7761375542624195,
      "mae": 0.8857755344014203,
      "nemd": 0.9466782310349352,
      "ocr_text": 0.75,
      "psnr": 0.3059106816669831,
      "ssim": 0.546518087387085
    },
    "contact": {
      "dists": 0.816879153251648,
      "lpips": 0.586744636297226,
      "ms_ssim": 0.4560004472732544,
      "websight": 0.6161711764588595,
      "ciede2000": 0.73222480194599,
      "mae": 0.8704380593138867,
      "nemd": 0.9638417055733152,
      "ocr_text": 0.7626666666666667,
      "psnr": 0.27681241561497383,
      "ssim": 0.4798619747161865
    },
    "home": {
      "dists": 0.7961368560791016,
      "lpips": 0.5517911314964294,
      "ms_ssim": 0.41208216547966003,
      "websight": 0.5647018632086196,
      "ciede2000": 0.6504842886206127,
      "mae": 0.8297834040832828,
      "nemd": 0.9587463808879,
      "ocr_text": 0.7247524752475246,
      "psnr": 0.24999536943070233,
      "ssim": 0.45549964904785156
    },
    "latest": {
      "dists": 0.8152459263801575,
      "lpips": 0.6713511347770691,
      "ms_ssim": 0.5540342926979065,
      "websight": 0.6768549931196519,
      "ciede2000": 0.8065968324558526,
      "mae": 0.9007771289281706,
      "nemd": 0.9557885531544283,
      "ocr_text": 0.8071748878923767,
      "psnr": 0.32456186812426685,
      "ssim": 0.5582540035247803
    },
    "newsletter": {
      "dists": 0.8472236394882202,
      "lpips": 0.6513170301914215,
      "ms_ssim": 0.5371887683868408,
      "websight": 0.6729699363219993,
      "ciede2000": 0.7612676329030128,
      "mae": 0.8800183597770008,
      "nemd": 0.9589985193723931,
      "ocr_text": 0.8275862068965517,
      "psnr": 0.2855905693823798,
      "ssim": 0.5202826261520386
    }
  },
  "aggregate": {
    "dists": 0.8194496929645538,
    "lpips": 0.6343372414509455,
    "ms_ssim": 0.5291779190301895,
    "websight": 0.6479436483886242,
    "ciede2000": 0.7598865544544093,
    "mae": 0.8804065875407949,
    "nemd": 0.9559302224295226,
    "ocr_text": 0.7700898498079233,
    "psnr": 0.2966705492029536,
    "ssim": 0.5360792775948843
  },
  "missing": []
}