{
  "per_page": {
    "about": {
      "dists": 0.8106534481048584,
      "lpips": 0.6369175314903259,
      "ms_ssim": 0.4997330605983734,
      "websight": 0.6800701693745236,
      "ciede2000": 0.8570449703042877,
      "mae": 0.9323953245157521,
      "nemd": 0.9784882586112242,
      "psnr": 0.34999220335907444,
      "ssim": 0.4688208997249603
    },
    "account": {
      "dists": 0.8421890735626221,
      "lpips": 0.6620566844940186,
      "ms_ssim": 0.5652084350585938,
      "websight": 0.688480253791214,
      "ciede2000": 0.863184064058334,
      "mae": 0.936159273864729,
      "nemd": 0.9831933220946811,
      "psnr": 0.34881122304229645,
      "ssim": 0.5447987914085388
    },
    "cart": {
      "dists": 0.8472558259963989,
      "lpips": 0.6712026000022888,
      "ms_ssim": 0.5707458853721619,
      "websight": 0.6453240822662006,
      "ciede2000": 0.8690494625489594,
      "mae": 0.9395575095391805,
      "nemd": 0.9852197389615656,
      "psnr": 0.3543944299137761,
      "ssim": 0.5296996831893921
    },
    "contact": {
      "dists": 0.8209660053253174,
      "lpips": 0.5952305197715759,
      "ms_ssim": 0.5055556893348694,
      "websight": 0.6576495912139263,
      "ciede2000": 0.8778291441980173,
      "mae": 0.9416281898266553,
      "nemd": 0.983205803470335,
      "psnr": 0.3636954153740844,
      "ssim": 0.45115092396736145
    },
    "home": {
      "dists": 0.8377735018730164,
      "lpips": 0.6316896080970764,
      "ms_ssim": 0.5479159355163574,
      "websight": 0.6372862503809088,
      "ciede2000": 0.8468304276849176,
      "mae": 0.9357632967447697,
      "nemd": 0.9864266878139255,
      "psnr": 0.3508832116017045,
      "ssim": 0.5443275570869446
    },
    "shipping": {
      "dists": 0.8424329161643982,
      "lpips": 0.6989805400371552,
      "ms_ssim": 0.5568565726280212,
      "websight": 0.7230205543157532,
      "ciede2000": 0.8904676633688487,
      "mae": 0.9442517966019341,
      "nemd": 0.9823319742643384,
      "psnr": 0.36850696671132044,
      "ssim": 0.5287229418754578
    },
    "shop": {
      "dists": 0.8087353706359863,
      "lpips": 0.5336907207965851,
      "ms_ssim": 0.3935287892818451,
      "websight": 0.5258753380478236,
      "ciede2000": 0.7926766615822918,
      "mae": 0.907742133714597,
      "nemd": 0.9807548183865016,
      "psnr": 0.31728747555678416,
      "ssim": 0.38641178607940674
    }
  },
  "aggregate": {
    "dists": 0.8300008773803711,
    "lpips": 0.6328240292412894,
    "ms_ssim": 0.5199349096843174,
    "websight": 0.6511008913414785,
    "ciede2000": 0.8567260562493796,
    "mae": 0.9339282178296597,
    "nemd": 0.9828029433717959,
    "psnr": 0.3505101322227201,
    "ssim": 0.4934189404760088
  },
  "missing": []
}