{
  "per_page": {
    "about": {
      "ciede2000": 0.6419835425924959,
      "mae": 0.8043002177208332,
      "nemd": 0.9734244185262115,
      "ocr_text": 0.8079096045197739,
      "psnr": 0.22708032347495874,
      "ssim": 0.3109842538833618
    },
    "category": {
      "ciede2000": 0.5302618489731425,
      "mae": 0.7569135920479303,
      "nemd": 0.9468402594672309,
      "ocr_text": 0.7228915662650602,
      "psnr": 0.20273510871725703,
      "ssim": 0.3275963068008423
    },
    "contact": {
      "ciede2000": 0.5228342741682567,
      "mae": 0.7601694916941331,
      "nemd": 0.946646578164412,
      "ocr_text": 0.7777777777777778,
      "psnr": 0.20012834571357224,
      "ssim": 0.28106048703193665
    },
    "home": {
      "ciede2000": 0.46155575226307644,
      "mae": 0.7146083023939359,
      "nemd": 0.9296081542968749,
      "ocr_text": 0.7149321266968327,
      "psnr": 0.19049880458071922,
      "ssim": 0.23270069062709808
    },
    "latest": {
      "ciede2000": 0.6918409596653308,
      "mae": 0.8286043372649188,
      "nemd": 0.9676465397197778,
      "ocr_text": 0.7980997624703088,
      "psnr": 0.238132476557533,
      "ssim": 0.2845197916030884
    }
  },
  "aggregate": {
    "ciede2000": 0.5696952755324605,
    "mae": 0.7729191882243501,
    "nemd": 0.9528331900349014,
    "ocr_text": 0.7643221675459506,
    "psnr": 0.21171501180880803,
    "ssim": 0.28737230598926544
  },
  "missing": []
}