{
  "per_page": {
    "home": {
      "dists": 0.7868568301200867,
      "lpips": 0.4237685203552246,
      "ms_ssim": 0.28973010182380676,
      "websight": 0.44795877419567925,
      "ciede2000": 0.3851527837261608,
      "mae": 0.7629236148256826,
      "nemd": 0.9411751308426296,
      "psnr": 0.23370456373558732,
      "ssim": 0.24035830795764923
    },
    "messages": {
      "dists": 0.7577391266822815,
      "lpips": 0.5251243710517883,
      "ms_ssim": 0.4120272397994995,
      "websight": 0.5275836280693457,
      "ciede2000": 0.5726061291475559,
      "mae": 0.8296787342267258,
      "nemd": 0.8979097498041049,
      "psnr": 0.25413698939965873,
      "ssim": 0.342130571603775
    },
    "notifications": {
      "dists": 0.8284456729888916,
      "lpips": 0.4888559579849243,
      "ms_ssim": 0.35135403275489807,
      "websight": 0.5362946582013283,
      "ciede2000": 0.5126695371793638,
      "mae": 0.8152895345772717,
      "nemd": 0.9551396847523241,
      "psnr": 0.25995589953647774,
      "ssim": 0.29754334688186646
    },
    "profile": {
      "dists": 0.8273558020591736,
      "lpips": 0.5213035047054291,
      "ms_ssim": 0.3844386637210846,
      "websight": 0.5768116410884622,
      "ciede2000": 0.6086524672937323,
      "mae": 0.8554318149044551,
      "nemd": 0.9566094277976546,
      "psnr": 0.2832243287780697,
      "ssim": 0.3588467538356781
    },
    "search": {
      "dists": 0.8013224601745605,
      "lpips": 0.4666363000869751,
      "ms_ssim": 0.28511977195739746,
      "websight": 0.45662246005875723,
      "ciede2000": 0.5369250456044281,
      "mae": 0.8239014497555295,
      "nemd": 0.9345386614743345,
      "psnr": 0.26498849415194714,
      "ssim": 0.2556016445159912
    }
  },
  "aggregate": {
    "dists": 0.8003439784049988,
    "lpips": 0.4851377308368683,
    "ms_ssim": 0.3445339620113373,
    "websight": 0.5090542323227145,
    "ciede2000": 0.5232011925902482,
    "mae": 0.817445029657933,
    "nemd": 0.9370745309342094,
    "psnr": 0.2592020551203481,
    "ssim": 0.298896124958992
  },
  "missing": []
}