{
  "per_page": {
    "home": {
      "ciede2000": 0.5109678498952096,
      "mae": 0.8121800883685941,
      "nemd": 0.9740460076633135,
      "psnr": 0.25092287022278004,
      "ssim": 0.21580779552459717
    },
    "messages": {
      "ciede2000": 0.6240911422996902,
      "mae": 0.8523381777207527,
      "nemd": 0.9529196610760102,
      "psnr": 0.26006527835185445,
      "ssim": 0.34655633568763733
    },
    "notifications": {
      "ciede2000": 0.5778834949991216,
      "mae": 0.8498760208025863,
      "nemd": 0.9776165005810371,
      "psnr": 0.2708011684205767,
      "ssim": 0.32262858748435974
    },
    "profile": {
      "ciede2000": 0.6191371314942256,
      "mae": 0.8615694186241382,
      "nemd": 0.9675852565655434,
      "psnr": 0.2775388410074717,
      "ssim": 0.3391079902648926
    },
    "search": {
      "ciede2000": 0.5835623038011853,
      "mae": 0.8499975613184342,
      "nemd": 0.9594772985471072,
      "psnr": 0.27129664110880014,
      "ssim": 0.29294103384017944
    }
  },
  "aggregate": {
    "ciede2000": 0.5831283844978865,
    "mae": 0.8451922533669011,
    "nemd": 0.9663289448866024,
    "psnr": 0.2661249598222966,
    "ssim": 0.3034083485603333
  },
  "missing": []
}