{
  "per_page": {
    "groups": {
      "dists": 0.8426171541213989,
      "lpips": 0.6257288157939911,
      "ms_ssim": 0.5713998675346375,
      "websight": 0.6847243896648708,
      "ciede2000": 0.7985703240841918,
      "mae": 0.898964371886787,
      "nemd": 0.9689855963006302,
      "psnr": 0.3287750056238447,
      "ssim": 0.5466734766960144
    },
    "home": {
      "dists": 0.846754789352417,
      "lpips": 0.5891125202178955,
      "ms_ssim": 0.5410274863243103,
      "websight": 0.6849624737986811,
      "ciede2000": 0.7877958645812753,
      "mae": 0.8969108758231609,
      "nemd": 0.9775875381502124,
      "psnr": 0.3244457687661553,
      "ssim": 0.5238943696022034
    },
    "messages": {
      "dists": 0.8188612461090088,
      "lpips": 0.5937947630882263,
      "ms_ssim": 0.6094112992286682,
      "websight": 0.6164044801906873,
      "ciede2000": 0.8172604308066873,
      "mae": 0.9204923447712419,
      "nemd": 0.978568519422743,
      "psnr": 0.34971306996316726,
      "ssim": 0.615060031414032
    },
    "notifications": {
      "dists": 0.8168870210647583,
      "lpips": 0.5942930281162262,
      "ms_ssim": 0.5897894501686096,
      "websight": 0.6721212601063877,
      "ciede2000": 0.8398204277273603,
      "mae": 0.9277378158701688,
      "nemd": 0.9791643583562529,
      "psnr": 0.362285727879414,
      "ssim": 0.5834202170372009
    },
    "profile": {
      "dists": 0.7968055605888367,
      "lpips": 0.4846283197402954,
      "ms_ssim": 0.3529697358608246,
      "websight": 0.5159259811175142,
      "ciede2000": 0.7405055408387285,
      "mae": 0.8692438006703934,
      "nemd": 0.9680935770710797,
      "psnr": 0.30591137447402283,
      "ssim": 0.46161743998527527
    },
    "trending": {
      "dists": 0.8493500351905823,
      "lpips": 0.6119874715805054,
      "ms_ssim": 0.6052314639091492,
      "websight": 0.6609225516018875,
      "ciede2000": 0.810193232625119,
      "mae": 0.9160613395441095,
      "nemd": 0.9769025741248186,
      "psnr": 0.3449094375571342,
      "ssim": 0.6253965497016907
    }
  },
  "aggregate": {
    "dists": 0.8285459677378336,
    "lpips": 0.5832574864228567,
    "ms_ssim": 0.5449715505043665,
    "websight": 0.6391768560800047,
    "ciede2000": 0.7990243034438937,
    "mae": 0.9049017580943102,
    "nemd": 0.9748836939042894,
    "psnr": 0.3360067307106231,
    "ssim": 0.5593436807394028
  },
  "missing": []
}