{
  "per_page": {
    "blog": {
      "dists": 0.859295666217804,
      "lpips": 0.6155247688293457,
      "ms_ssim": 0.3740721046924591,
      "websight": 0.6182074071792177,
      "ciede2000": 0.643868387632893,
      "mae": 0.836412533785444,
      "nemd": 0.982204239847666,
      "psnr": 0.2435192160575743,
      "ssim": 0.32768598198890686
    },
    "changelog": {
      "dists": 0.8877776265144348,
      "lpips": 0.6157416701316833,
      "ms_ssim": 0.334146112203598,
      "websight": 0.5642399074118813,
      "ciede2000": 0.7019006666485821,
      "mae": 0.8475417051979331,
      "nemd": 0.9721562346476985,
      "psnr": 0.2428703178601313,
      "ssim": 0.3109062910079956
    },
    "dashboard": {
      "dists": 0.8887622952461243,
      "lpips": 0.6709998846054077,
      "ms_ssim": 0.428837388753891,
      "websight": 0.6022008102314146,
      "ciede2000": 0.7147916897212584,
      "mae": 0.8537289634729394,
      "nemd": 0.97505237654487,
      "psnr": 0.2422440051176448,
      "ssim": 0.38720962405204773
    },
    "docs": {
      "dists": 0.9121741056442261,
      "lpips": 0.7460770308971405,
      "ms_ssim": 0.5428993701934814,
      "websight": 0.711269162574747,
      "ciede2000": 0.776047555140781,
      "mae": 0.8877453211453632,
      "nemd": 0.9742267127023958,
      "psnr": 0.27187248500840633,
      "ssim": 0.5007558465003967
    },
    "features": {
      "dists": 0.8933082222938538,
      "lpips": 0.6678243577480316,
      "ms_ssim": 0.40108978748321533,
      "websight": 0.6498459722238366,
      "ciede2000": 0.6681778333880981,
      "mae": 0.840544240096157,
      "nemd": 0.983174678301159,
      "psnr": 0.23656520952361343,
      "ssim": 0.35709258913993835
    },
    "home": {
      "dists": 0.878665566444397,
      "lpips": 0.6306312382221222,
      "ms_ssim": 0.3837403953075409,
      "websight": 0.6306933683075316,
      "ciede2000": 0.6568047403771979,
      "mae": 0.8309425408334308,
      "nemd": 0.9837130265642833,
      "psnr": 0.23172692596868458,
      "ssim": 0.3442680835723877
    },
    "pricing": {
      "dists": 0.8870395421981812,
      "lpips": 0.6688451170921326,
      "ms_ssim": 0.42193603515625,
      "websight": 0.6001343409960808,
      "ciede2000": 0.7087874126041294,
      "mae": 0.8575498490677882,
      "nemd": 0.9717094497795441,
      "psnr": 0.24871134553865482,
      "ssim": 0.3968729078769684
    }
  },
  "aggregate": {
    "dists": 0.886717574937003,
    "lpips": 0.6593777239322662,
    "ms_ssim": 0.41238874197006226,
    "websight": 0.6252272812749585,
    "ciede2000": 0.6957683265018486,
    "mae": 0.8506378790855793,
    "nemd": 0.9774623883410881,
    "psnr": 0.2453585007249585,
    "ssim": 0.37497018916266306
  },
  "missing": []
}